person_code,person_name,jugador,person_alias,person_aliasRaw,person_passportName,person_passportSurname,person_jerseyName,person_abbreviatedName,person_country_code,person_country_name,person_height,person_weight,person_birthDate,code,name,person_twitterAccount,person_instagramAccount,person_facebookAccount,person_isReferee,person_images_action,person_images_headshot,type,typeName,active,startDate,endDate,order,dorsal,dorsalRaw,position,positionName,lastTeam,externalId,headshot,action,club_code,club_name,club_abbreviatedName,club_editorialName,club_tvCode,club_isVirtual,crest,season_name,season_code,season_alias,season_competitionCode,season_year,season_startDate
003733,"ABALDE, ALBERTO",Alberto Abalde,"ABALDE, ALBERTO","ABALDE, ALBERTO",ALBERTO,ABALDE DIAZ,ABALDE,"Abalde, A.",ESP,Spain,202,95,1995-12-15T00:00:00,ESP,Spain,albertoabalde6,aabalde6/,,FALSE,NA,NA,J,Player,TRUE,2026-08-12T08:18:26.262,2027-06-30T00:00:00,0,6,6,2,Forward,REAL MADRID,54902,https://media-cdn.cortextech.io/1dU3kpCqReRp93/1BSdBWIjCjnONx/5110fa5e-f36a-411c-86ea-09aec7f4ed8e.png,https://media-cdn.cortextech.io/1dU3kpCqReRp93/1BSdBWIjCjnONx/5110fa5e-f36a-411c-86ea-09aec7f4ed8e.png,MAD,Real Madrid,Real Madrid,Real,RMB,FALSE,https://media-cdn.incrowdsports.com/371b0d9b-9250-4c09-bda7-0686cf024657.png,EuroLeague 2026-27,E2026,2026-27,E,2026,2026-07-01T00:00:00
011816,"AKELE, NICOLA",Nicola Akele,"AKELE, NICOLA","AKELE, NICOLA",NICOLA,AKELE,AKELE,,ITA,Italy,203,96,1995-11-07T00:00:00,ITA,Italy,,,,FALSE,NA,NA,J,Player,TRUE,2026-09-07T10:41:54.502,2027-06-30T00:00:00,0,45,45,2,Forward,VIRTUS BOLOGNA,55811,https://media-cdn.cortextech.io/1dU3kpCqReRp93/1BSdBWIjCjnONy/0b23dcbc-9c10-488a-9c33-d510c7b52a2b.png,https://media-cdn.cortextech.io/1dU3kpCqReRp93/1BSdBWIjCjnONy/0b23dcbc-9c10-488a-9c33-d510c7b52a2b.png,MIL,Armani Olimpia Milan,Milan,Milan,MIL,FALSE,https://media-cdn.cortextech.io/1dU3kpCqReRp93/1BSdBWIjChWbHH/5c2f0ab6-f86a-4df0-b2f3-f9ab92f7267b.png,EuroLeague 2026-27,E2026,2026-27,E,2026,2026-07-01T00:00:00
013845,"AKOBUNDU-EHIOGU, KAODIRICHI",Kaodirichi Akobundu-Ehiogu,"AKOBUNDU-EHIOGU, KAODIRICHI","AKOBUNDU-EHIOGU, KAODIRICHI",KAODIRICHI NKEMJIKA,AKOBUNDU-EHIOGU,AKOBUNDU-EHIOGU,NA,USA,United States of America,208,96,1999-10-07T00:00:00,NGR,Nigeria,,,,FALSE,NA,NA,J,Player,TRUE,2026-09-04T11:42:50.808,2027-06-30T00:00:00,0,2,2,3,Center,DALLAS MAVERICKS,55697,https://media-cdn.cortextech.io/1dU3kpCqReRp93/1BSdBWIjCjnONz/a454d11a-9a18-4a6c-979b-b5bbe6cd0f40.png,https://media-cdn.cortextech.io/1dU3kpCqReRp93/1BSdBWIjCjnONz/a454d11a-9a18-4a6c-979b-b5bbe6cd0f40.png,ZAL,Zalgiris Kaunas,Zalgiris,Zalgiris,ZAL,FALSE,https://media-cdn.incrowdsports.com/0aa09358-3847-4c4e-b228-3582ee4e536d.png,EuroLeague 2026-27,E2026,2026-27,E,2026,2026-07-01T00:00:00
012233,"AKSU, YAGIZ",Yagiz Aksu,"AKSU, YAGIZ","AKSU, YAGIZ",YAGIZ,AKSU,AKSU,,TUR,Turkiye,197,92,2006-01-31T00:00:00,TUR,Turkiye,,,,FALSE,NA,NA,J,Player,TRUE,2026-09-15T08:41:06.798,2027-06-30T00:00:00,0,10,10,1,Guard,BESIKTAS ISTANBUL,56705,https://media-cdn.cortextech.io/1dU3kpCqReRp93/1BSdBWIjCjnONy/7e8884eb-2c8a-4fb6-adbe-4fd7a3660aad.png,https://media-cdn.cortextech.io/1dU3kpCqReRp93/1BSdBWIjCjnONy/7e8884eb-2c8a-4fb6-adbe-4fd7a3660aad.png,BES,Besiktas Istanbul,Besiktas,Besiktas,BJK,FALSE,https://media-cdn.cortextech.io/1dU3kpCqReRp93/1BSdBWIjChWbHH/b05e3c54-e672-4b31-9f86-c91e9de7715c.png,EuroLeague 2026-27,E2026,2026-27,E,2026,2026-07-01T00:00:00
011924,"ALLMAN, KYLE",Kyle Allman,"ALLMAN, KYLE","ALLMAN, KYLE",KYLE LINDSAY,ALLMAN,ALLMAN JR,,USA,United States of America,191,83,1997-09-02T00:00:00,USA,United States of America,,,,FALSE,NA,NA,J,Player,TRUE,2026-09-04T13:10:29.86,2027-06-30T00:00:00,0,0,0,1,Guard,TURK TELEKOM SPOR KULUBU,55714,https://media-cdn.cortextech.io/1dU3kpCqReRp93/1BSdBWIjCjnONz/48a32899-b6b5-4dae-b435-52397b480cf3.png,https://media-cdn.cortextech.io/1dU3kpCqReRp93/1BSdBWIjCjnONz/48a32899-b6b5-4dae-b435-52397b480cf3.png,PAR,Partizan Mozzart Bet Belgrade,Partizan,Partizan,PAR,FALSE,https://media-cdn.incrowdsports.com/2681304e-77dd-4331-88b1-683078c0fb49.png,EuroLeague 2026-27,E2026,2026-27,E,2026,2026-07-01T00:00:00
014005,"ALSTON JR. , DERRICK",Derrick Alston Jr.,"ALSTON JR. , DERRICK SAMUEL","ALSTON JR. , DERRICK SAMUEL",DERRICK SAMUEL,ALSTON JR.,ALSTON,NA,USA,United States of America,207,95,1997-09-17T00:00:00,USA,United States of America,,,,FALSE,NA,NA,J,Player,TRUE,2026-08-12T08:22:14.554,2027-06-30T00:00:00,0,21,21,2,Forward,VIRTUS BOLOGNA,54927,https://media-cdn.cortextech.io/1dU3kpCqReRp93/1BSdBWIjCjnONz/3351b25e-52eb-478a-ad83-0e1a659b6337.png,https://media-cdn.cortextech.io/1dU3kpCqReRp93/1BSdBWIjCjnONz/3351b25e-52eb-478a-ad83-0e1a659b6337.png,VIR,Virtus Bologna,Virtus Bologna,Virtus,VIR,FALSE,https://media-cdn.cortextech.io/1dU3kpCqReRp93/1BSdBWIjCiezvk/a92d4c3b-9f9c-4163-8a10-bcf8fc15893e.png,EuroLeague 2026-27,E2026,2026-27,E,2026,2026-07-01T00:00:00
014506,"ALVES DE SOUZA, THIERRY HENRY",Thierry Henry Alves De Souza,"ALVES DE SOUZA, THIERRY HENRY","ALVES DE SOUZA, THIERRY HENRY",THIERRY HENRY,ALVES DE SOUZA SILVA,THIERRY HENRY,NA,BRA,Brazil,211,98,2008-01-24T00:00:00,BRA,Brazil,,,,FALSE,NA,NA,J,Player,TRUE,2026-09-09T14:30:27.568,2027-06-30T00:00:00,0,16,16,3,Center,SASKI BASKONIA,56329,https://media-cdn.cortextech.io/1dU3kpCqReRp93/1BSdBWIjCjnONy/d516e9df-87e6-4730-a813-816cb330ddaa.png,https://media-cdn.cortextech.io/1dU3kpCqReRp93/1BSdBWIjCjnONy/d516e9df-87e6-4730-a813-816cb330ddaa.png,BAS,Kosner Baskonia Vitoria-Gasteiz,Baskonia,Baskonia,KBA,FALSE,https://media-cdn.cortextech.io/cbc49cb0-99ce-4462-bdb7-56983ee03cf4.png,EuroLeague 2026-27,E2026,2026-27,E,2026,2026-07-01T00:00:00
012795,"ANDERSON, JUSTIN",Justin Anderson,"ANDERSON, JUSTIN LAMAR","ANDERSON, JUSTIN LAMAR",JUSTIN LAMAR,ANDERSON,ANDERSON,,USA,United States of America,198,104,1993-11-19T00:00:00,USA,United States of America,,,,FALSE,NA,NA,J,Player,TRUE,2026-08-12T07:41:24.38,2027-06-30T00:00:00,0,1,1,2,Forward,DUBAI BASKETBALL,54780,https://media-cdn.cortextech.io/1dU3kpCqReRp93/1BSdBWIjCjnONx/549694d6-9e5b-4c11-b9fc-a06f8207a271.png,https://media-cdn.cortextech.io/1dU3kpCqReRp93/1BSdBWIjCjnONx/549694d6-9e5b-4c11-b9fc-a06f8207a271.png,DUB,Dubai Basketball,Dubai,Dubai,DUB,FALSE,https://media-cdn.incrowdsports.com/1efae090-16e2-4963-ae47-4b94f249c244.png,EuroLeague 2026-27,E2026,2026-27,E,2026,2026-07-01T00:00:00
006904,"AYAYI, JOEL",Joel Ayayi,Ayayi,Ayayi,"JOEL, JEAN MICHEL, AYTE, OLUWA TOBY",AYAYI,AYAYI,"Ayayi, J.",FRA,France,196,86,2000-03-05T00:00:00,FRA,France,,,,FALSE,NA,NA,J,Player,TRUE,2026-08-12T08:09:57.068,2027-06-30T00:00:00,0,11,11,1,Guard,PARIS BASKETBALL,54885,NA,NA,PRS,Paris Basketball,Paris,Paris,PBB,FALSE,https://media-cdn.incrowdsports.com/a033e5b3-0de7-48a3-98d9-d9a4b9df1f39.png,EuroLeague 2026-27,E2026,2026-27,E,2026,2026-07-01T00:00:00
011286,"BACON, DWAYNE",Dwayne Bacon,"BACON, DWAYNE","BACON, DWAYNE",DWAYNE LEE,BACON JR,BACON,"Bacon, D.",USA,United States of America,204,104,1995-08-30T00:00:00,USA,United States of America,,dbacon,,FALSE,NA,NA,J,Player,TRUE,2026-08-12T07:41:23.503,2027-06-30T00:00:00,0,3,3,2,Forward,DUBAI BASKETBALL,54776,https://media-cdn.cortextech.io/1dU3kpCqReRp93/1BSdBWIjCjnONx/7fb63419-56e1-48f8-ab5b-e5a6a3042215.png,https://media-cdn.cortextech.io/1dU3kpCqReRp93/1BSdBWIjCjnONx/7fb63419-56e1-48f8-ab5b-e5a6a3042215.png,DUB,Dubai Basketball,Dubai,Dubai,DUB,FALSE,https://media-cdn.incrowdsports.com/1efae090-16e2-4963-ae47-4b94f249c244.png,EuroLeague 2026-27,E2026,2026-27,E,2026,2026-07-01T00:00:00
014015,"BACOT JR., ARMANDO",Armando Bacot Jr.,"BACOT JR., ARMANDO LINWOOD","BACOT JR., ARMANDO LINWOOD",ARMANDO LINWOOD,BACOT JR.,BACOT JR,NA,USA,United States of America,208,0,2000-03-06T00:00:00,USA,United States of America,,,,FALSE,NA,NA,J,Player,TRUE,2026-09-09T14:34:56.301,2027-06-30T00:00:00,0,5,5,3,Center,FENERBAHCE,56334,https://media-cdn.cortextech.io/1dU3kpCqReRp93/1BSdBWIjCjnOS3/e4a07b77-6908-4790-b710-7187f9a57537.png,https://media-cdn.cortextech.io/1dU3kpCqReRp93/1BSdBWIjCjnOS3/e4a07b77-6908-4790-b710-7187f9a57537.png,TEL,Maccabi Rapyd Tel Aviv,Maccabi,Maccabi,MTA,FALSE,https://media-cdn.cortextech.io/1b533342-78f5-4932-b714-a7d80b5826b5.png,EuroLeague 2026-27,E2026,2026-27,E,2026,2026-07-01T00:00:00
007527,"BADIO, BRANCOU",Brancou Badio,"BADIO, BRANCOU","BADIO, BRANCOU",EL HADJI OMAR BRANCOU,BADIO,BRANCOU,"Badio, B.",SEN,Senegal,191,83,1999-02-17T00:00:00,SEN,Senegal,,,,FALSE,NA,NA,J,Player,TRUE,2026-09-10T13:42:13.684,2027-06-30T00:00:00,0,7,7,1,Guard,VALENCIA BASKET,56485,https://media-cdn.cortextech.io/1dU3kpCqReRp93/1BSdBWIjCjnONz/b1cbb8a2-0a79-41ff-ad4b-1f1b1feeb615.png,https://media-cdn.cortextech.io/1dU3kpCqReRp93/1BSdBWIjCjnONz/b1cbb8a2-0a79-41ff-ad4b-1f1b1feeb615.png,PAN,Panathinaikos AKTOR Athens,Panathinaikos,Panathinaikos,PAO,FALSE,https://media-cdn.incrowdsports.com/e3dff28a-9ec6-4faf-9d96-ecbc68f75780.png,EuroLeague 2026-27,E2026,2026-27,E,2026,2026-07-01T00:00:00
013028,"BAIOCCHI, MATTEO",Matteo Baiocchi,"BAIOCCHI, MATTEO","BAIOCCHI, MATTEO",MATTEO,BAIOCCHI,BAIOCCHI,NA,ITA,Italy,196,90,2007-08-02T00:00:00,ITA,Italy,,,,FALSE,NA,NA,J,Player,TRUE,2026-09-23T09:29:30.874,2027-06-30T00:00:00,0,13,13,1,Guard,VIRTUS BOLOGNA,56969,https://media-cdn.cortextech.io/1dU3kpCqReRp93/1BSdBWIjCjnONz/b41b15f2-bc1e-44d6-8eef-c250aa50d95c.png,https://media-cdn.cortextech.io/1dU3kpCqReRp93/1BSdBWIjCjnONz/b41b15f2-bc1e-44d6-8eef-c250aa50d95c.png,VIR,Virtus Bologna,Virtus Bologna,Virtus,VIR,FALSE,https://media-cdn.cortextech.io/1dU3kpCqReRp93/1BSdBWIjCiezvk/a92d4c3b-9f9c-4163-8a10-bcf8fc15893e.png,EuroLeague 2026-27,E2026,2026-27,E,2026,2026-07-01T00:00:00
007553,"BALCEROWSKI, OLEK",Olek Balcerowski,"BALCEROWSKI, ALEKSANDER","BALCEROWSKI, ALEKSANDER",BALCEROWSKI,ALEKSANDER ROMAN,BALCEROWSKI,"Balcerowski, A.",POL,Poland,216,104,2000-11-19T00:00:00,POL,Poland,,,,FALSE,NA,NA,J,Player,TRUE,2026-09-17T07:30:12.139,2027-06-30T00:00:00,0,22,22,3,Center,UNICAJA MALAGA,56753,https://media-cdn.cortextech.io/1dU3kpCqReRp93/1BSdBWIjCjnONz/98c4a713-a23c-48ab-9b5f-a85e335713e6.png,https://media-cdn.cortextech.io/1dU3kpCqReRp93/1BSdBWIjCjnONz/98c4a713-a23c-48ab-9b5f-a85e335713e6.png,BAR,FC Barcelona,FC Barcelona,Barca,BAR,FALSE,https://media-cdn.incrowdsports.com/35dfa503-e417-481f-963a-bdf6f013763e.png,EuroLeague 2026-27,E2026,2026-27,E,2026,2026-07-01T00:00:00
006707,"BALDASSO, TOMMASO",Tommaso Baldasso,Baldasso,Baldasso,TOMMASO,BALDASSO,Baldasso,"Baldasso, T.",ITA,Italy,190,88,1998-01-29T00:00:00,ITA,Italy,,,,FALSE,NA,NA,J,Player,TRUE,2026-09-15T08:13:13.512,2027-06-30T00:00:00,0,11,11,1,Guard,BERTRAM DERTHONA,56699,https://media-cdn.cortextech.io/1dU3kpCqReRp93/1BSdBWIjCjnONz/3e053ce0-5004-4a46-bce2-367a572df87d.png,https://media-cdn.cortextech.io/1dU3kpCqReRp93/1BSdBWIjCjnONz/3e053ce0-5004-4a46-bce2-367a572df87d.png,VIR,Virtus Bologna,Virtus Bologna,Virtus,VIR,FALSE,https://media-cdn.cortextech.io/1dU3kpCqReRp93/1BSdBWIjCiezvk/a92d4c3b-9f9c-4163-8a10-bcf8fc15893e.png,EuroLeague 2026-27,E2026,2026-27,E,2026,2026-07-01T00:00:00
009863,"BALDWIN IV, WADE",Wade Baldwin IV,"BALDWIN IV, WADE","BALDWIN IV, WADE",WADE M,BALDWIN IV,BALDWIN IV,"Baldwin, W.",USA,United States of America,193,90,1996-03-29T00:00:00,USA,United States of America,The_Fourth_Wade,_wadeiv/,,FALSE,NA,NA,J,Player,TRUE,2026-08-12T07:49:41.776,2027-06-30T00:00:00,0,2,2,1,Guard,FENERBAHCE ISTANBUL,54805,https://media-cdn.cortextech.io/1dU3kpCqReRp93/1BSdBWIjCjnONx/c7d88a3f-13f2-4e71-a0ff-75a4cf3e0885.png,https://media-cdn.cortextech.io/1dU3kpCqReRp93/1BSdBWIjCjnONx/c7d88a3f-13f2-4e71-a0ff-75a4cf3e0885.png,ULK,Fenerbahce Tarfin Istanbul,Fenerbahce,Fenerbahce,FBT,FALSE,https://media-cdn.cortextech.io/1dU3kpCqReRp93/1BSdBWIjCiezrk/aa39750a-6203-49ee-a87d-edd0c6f0397d.png,EuroLeague 2026-27,E2026,2026-27,E,2026,2026-07-01T00:00:00
012597,"BALDWIN, KAMAR",Kamar Baldwin,"BALDWIN, KAMAR","BALDWIN, KAMAR",KAMAR MALIK,BALDWIN,BALDWIN,,USA,United States of America,185,86,1997-09-15T00:00:00,USA,United States of America,,,,FALSE,NA,NA,J,Player,TRUE,2026-08-12T07:47:01.287,2027-06-30T00:00:00,0,44,44,1,Guard,FC BAYERN MUNICH,54804,https://media-cdn.cortextech.io/1dU3kpCqReRp93/1BSdBWIjCjnONy/5fa39900-dd95-4c21-bc85-03cee538cb61.png,https://media-cdn.cortextech.io/1dU3kpCqReRp93/1BSdBWIjCjnONy/5fa39900-dd95-4c21-bc85-03cee538cb61.png,MUN,FC Bayern Munich,Bayern Munich,Bayern,BAY,FALSE,https://media-cdn.incrowdsports.com/817b0e58-d595-4b09-ab0b-1e7cc26249ff.png,EuroLeague 2026-27,E2026,2026-27,E,2026,2026-07-01T00:00:00
014728,"BALDWIN, PATRICK",Patrick Baldwin,"BALDWIN, PATRICK","BALDWIN, PATRICK",PATRICK ONEAL,BALDWIN JR,Baldwin Jr,NA,USA,United States of America,208,104,2002-11-18T00:00:00,USA,United States of America,,,,FALSE,NA,NA,J,Player,TRUE,2026-09-03T12:23:07.088,2027-06-30T00:00:00,0,24,24,2,Forward,STOCKTON KINGS NBA GLEAGUE,55659,https://media-cdn.cortextech.io/1dU3kpCqReRp93/1BSdBWIjCjnONz/4282092b-c75b-47a1-bc85-50587b8bd108.png,https://media-cdn.cortextech.io/1dU3kpCqReRp93/1BSdBWIjCjnONz/4282092b-c75b-47a1-bc85-50587b8bd108.png,RED,Crvena Zvezda Meridianbet Belgrade,Crvena Zvezda,Crvena,CZV,FALSE,https://media-cdn.incrowdsports.com/d2eef4a8-62df-4fdd-9076-276004268515.png,EuroLeague 2026-27,E2026,2026-27,E,2026,2026-07-01T00:00:00
014736,"BAUGH, DAMION",Damion Baugh,"BAUGH, DAMION DE´VON","BAUGH, DAMION DE´VON",DAMION DEVON,BAUGH,BAUGH,NA,USA,United States of America,193,88,2000-08-03T00:00:00,USA,United States of America,,,,FALSE,NA,NA,J,Player,TRUE,2026-09-04T10:06:51.604,2027-06-30T00:00:00,0,12,12,1,Guard,VALLEY SUNS,55695,https://media-cdn.cortextech.io/1dU3kpCqReRp93/1BSdBWIjCjnONy/b1eb5eea-4457-4ba1-a5c0-4b3c68ce4f48.png,https://media-cdn.cortextech.io/1dU3kpCqReRp93/1BSdBWIjCjnONy/b1eb5eea-4457-4ba1-a5c0-4b3c68ce4f48.png,BAS,Kosner Baskonia Vitoria-Gasteiz,Baskonia,Baskonia,KBA,FALSE,https://media-cdn.cortextech.io/cbc49cb0-99ce-4462-bdb7-56983ee03cf4.png,EuroLeague 2026-27,E2026,2026-27,E,2026,2026-07-01T00:00:00
014732,"BEAUCHAMP, MARJON",Marjon Beauchamp,"BEAUCHAMP, MARJON","BEAUCHAMP, MARJON",MARJON,BEAUCHAMP,BEAUCHAMP,NA,USA,United States of America,201,90,2000-10-12T00:00:00,USA,United States of America,,,,FALSE,NA,NA,J,Player,TRUE,2026-09-04T08:40:45.53,2027-06-30T00:00:00,0,3,3,2,Forward,PHILADELPHIA 76ERS - DELAWARE BLUE COATS,55676,https://media-cdn.cortextech.io/1dU3kpCqReRp93/1BSdBWIjCjnONy/7b8d3aed-53c1-4122-8acb-35ea464443e5.png,https://media-cdn.cortextech.io/1dU3kpCqReRp93/1BSdBWIjCjnONy/7b8d3aed-53c1-4122-8acb-35ea464443e5.png,MUN,FC Bayern Munich,Bayern Munich,Bayern,BAY,FALSE,https://media-cdn.incrowdsports.com/817b0e58-d595-4b09-ab0b-1e7cc26249ff.png,EuroLeague 2026-27,E2026,2026-27,E,2026,2026-07-01T00:00:00
014802,"BELLO, RASHEED",Rasheed Bello,"BELLO, RASHEED","BELLO, RASHEED",ABDULRASHEED OLAMILEKAN,BELLO,BELLO,NA,USA,United States of America,183,80,2003-07-21T00:00:00,USA,United States of America,,,,FALSE,NA,NA,J,Player,TRUE,2026-09-07T12:09:52.96,2027-06-30T00:00:00,0,0,0,1,Guard,ANTWERP GIANTS,55860,https://media-cdn.cortextech.io/1dU3kpCqReRp93/1BSdBWIjCjnONz/0cd10838-d234-40a2-869f-c7edb73fbe8b.png,https://media-cdn.cortextech.io/1dU3kpCqReRp93/1BSdBWIjCjnONz/0cd10838-d234-40a2-869f-c7edb73fbe8b.png,VIR,Virtus Bologna,Virtus Bologna,Virtus,VIR,FALSE,https://media-cdn.cortextech.io/1dU3kpCqReRp93/1BSdBWIjCiezvk/a92d4c3b-9f9c-4163-8a10-bcf8fc15893e.png,EuroLeague 2026-27,E2026,2026-27,E,2026,2026-07-01T00:00:00
003458,"BERTANS, DAVIS",Davis Bertans,Bertans,Bertans,DAVIS,BERTANS,BERTANS,"Bertans, D.",LAT,Latvia,210,100,1992-11-12T00:00:00,LAT,Latvia,,,,FALSE,NA,NA,J,Player,TRUE,2026-08-12T07:41:24.153,2027-06-30T00:00:00,0,8,8,2,Forward,DUBAI BASKETBALL,54779,https://media-cdn.cortextech.io/1dU3kpCqReRp93/1BSdBWIjCjnONx/a8eba30d-2ec0-4169-9b31-a393345480c5.png,https://media-cdn.cortextech.io/1dU3kpCqReRp93/1BSdBWIjCjnONx/a8eba30d-2ec0-4169-9b31-a393345480c5.png,DUB,Dubai Basketball,Dubai,Dubai,DUB,FALSE,https://media-cdn.incrowdsports.com/1efae090-16e2-4963-ae47-4b94f249c244.png,EuroLeague 2026-27,E2026,2026-27,E,2026,2026-07-01T00:00:00
015164,"BESSON, HUGO",Hugo Besson,"BESSON, HUGO","BESSON, HUGO","HUGO, ERIC",BESSON,HUGO,NA,FRA,France,194,90,2001-04-26T00:00:00,FRA,France,,,,FALSE,NA,NA,J,Player,TRUE,2026-09-21T07:50:17.959,2027-06-30T00:00:00,0,25,25,1,Guard,TOFAS SK,56887,https://media-cdn.cortextech.io/1dU3kpCqReRp93/1BSdBWIjCjnOS3/600b9dfa-df21-4159-99e3-b95e4bd180f7.png,https://media-cdn.cortextech.io/1dU3kpCqReRp93/1BSdBWIjCjnOS3/600b9dfa-df21-4159-99e3-b95e4bd180f7.png,ASV,LDLC ASVEL Villeurbanne,LDLC ASVEL,ASVEL,ASV,FALSE,https://media-cdn.incrowdsports.com/e33c6d1a-95ca-4dbc-b8cb-0201812104cc.png,EuroLeague 2026-27,E2026,2026-27,E,2026,2026-07-01T00:00:00
013506,"BINGHAM, MARCUS",Marcus Bingham,"BINGHAM, MARCUS","BINGHAM, MARCUS",MARCUS JEROME,BINGHAM JR,BINGHAM JR,,USA,United States of America,213,100,2000-07-14T00:00:00,USA,United States of America,,,,FALSE,NA,NA,J,Player,TRUE,2026-09-04T09:12:09.553,2027-06-30T00:00:00,0,1,1,3,Center,UNICS KAZAN,55685,https://media-cdn.cortextech.io/1dU3kpCqReRp93/1BSdBWIjCjnONx/3c7e7302-9d1a-44f2-bbe2-7884e4d5e4ef.png,https://media-cdn.cortextech.io/1dU3kpCqReRp93/1BSdBWIjCjnONx/3c7e7302-9d1a-44f2-bbe2-7884e4d5e4ef.png,ULK,Fenerbahce Tarfin Istanbul,Fenerbahce,Fenerbahce,FBT,FALSE,https://media-cdn.cortextech.io/1dU3kpCqReRp93/1BSdBWIjCiezrk/aa39750a-6203-49ee-a87d-edd0c6f0397d.png,EuroLeague 2026-27,E2026,2026-27,E,2026,2026-07-01T00:00:00
003091,"BIRSEN, METECAN",Metecan Birsen,"BIRSEN, METECAN","BIRSEN, METECAN",JAMES METECAN,BIRSEN,BIRSEN,"Birsen, M.",IRL,Ireland,205,89,1995-04-06T00:00:00,TUR,Turkiye,metecanbirsen,jamesbirsen/,,FALSE,NA,NA,J,Player,TRUE,2026-09-15T08:41:07.003,2027-06-30T00:00:00,0,11,11,3,Center,FENERBAHCE BEKO,56706,https://media-cdn.cortextech.io/1dU3kpCqReRp93/1BSdBWIjCjnONy/41c4768b-f1cf-4198-8e2a-f17ed59fdeb1.png,https://media-cdn.cortextech.io/1dU3kpCqReRp93/1BSdBWIjCjnONy/41c4768b-f1cf-4198-8e2a-f17ed59fdeb1.png,BES,Besiktas Istanbul,Besiktas,Besiktas,BJK,FALSE,https://media-cdn.cortextech.io/1dU3kpCqReRp93/1BSdBWIjChWbHH/b05e3c54-e672-4b31-9f86-c91e9de7715c.png,EuroLeague 2026-27,E2026,2026-27,E,2026,2026-07-01T00:00:00
007929,"BITIM, ONURALP",Onuralp Bitim,"BITIM, ONURALP","BITIM, ONURALP",ONURALP,BITIM,BITIM,"Bitim, O.",TUR,Turkiye,196,89,1999-03-31T00:00:00,TUR,Turkiye,onuralpbitim,onuralpbitim,onuralpbitim,FALSE,NA,NA,J,Player,TRUE,2026-08-12T07:49:42.716,2027-06-30T00:00:00,0,17,17,2,Forward,FENERBAHCE ISTANBUL,54809,https://media-cdn.cortextech.io/1dU3kpCqReRp93/1BSdBWIjCjnONx/ff796aeb-4ff5-432b-a4c2-78ded0dded1a.png,https://media-cdn.cortextech.io/1dU3kpCqReRp93/1BSdBWIjCjnONx/ff796aeb-4ff5-432b-a4c2-78ded0dded1a.png,ULK,Fenerbahce Tarfin Istanbul,Fenerbahce,Fenerbahce,FBT,FALSE,https://media-cdn.cortextech.io/1dU3kpCqReRp93/1BSdBWIjCiezrk/aa39750a-6203-49ee-a87d-edd0c6f0397d.png,EuroLeague 2026-27,E2026,2026-27,E,2026,2026-07-01T00:00:00
012806,"BJELIC, ANDREJ",Andrej Bjelic,"BJELIC, A.","BJELIC, A.",ANDREJ,BJELIC,BJELIC,,SRB,Serbia,193,87,2008-03-17T00:00:00,SRB,Serbia,,,,FALSE,NA,NA,J,Player,TRUE,2026-09-07T10:58:33.216,2027-06-30T00:00:00,0,30,30,1,Guard,REAL MADRID,55837,https://media-cdn.cortextech.io/1dU3kpCqReRp93/1BSdBWIjCjnONz/b3262454-3264-4960-9788-88c2c21edb88.png,https://media-cdn.cortextech.io/1dU3kpCqReRp93/1BSdBWIjCjnONz/b3262454-3264-4960-9788-88c2c21edb88.png,RED,Crvena Zvezda Meridianbet Belgrade,Crvena Zvezda,Crvena,CZV,FALSE,https://media-cdn.incrowdsports.com/d2eef4a8-62df-4fdd-9076-276004268515.png,EuroLeague 2026-27,E2026,2026-27,E,2026,2026-07-01T00:00:00
013402,"BLAKENEY, ANTONIO",Antonio Blakeney,"BLAKENEY, ANTONIO","BLAKENEY, ANTONIO",ANTONIO DAVON,BLAKENEY,BLAKENEY,,USA,United States of America,193,89,1996-10-04T00:00:00,USA,United States of America,,,,FALSE,NA,NA,J,Player,TRUE,2026-08-12T07:53:39.243,2027-06-30T00:00:00,0,2,2,1,Guard,HAPOEL IBI TEL AVIV,54814,https://media-cdn.cortextech.io/1dU3kpCqReRp93/1BSdBWIjCjnOS3/106944f7-27db-4406-ac08-ed59628d5191.png,https://media-cdn.cortextech.io/1dU3kpCqReRp93/1BSdBWIjCjnOS3/106944f7-27db-4406-ac08-ed59628d5191.png,HTA,Hapoel IBI Tel Aviv,Hapoel TLV,Hapoel,HTA,FALSE,https://media-cdn.incrowdsports.com/cbb1c3ad-03d5-426a-b5ef-2832a4eee484.png,EuroLeague 2026-27,E2026,2026-27,E,2026,2026-07-01T00:00:00
008186,"BLAZEVIC, MAREK",Marek Blazevic,"BLAZEVIC, MAREK","BLAZEVIC, MAREK",MAREK,BLAZEVIC,BLAZEVIC,"Blazevic, M.",LTU,Lithuania,211,116,2001-09-01T00:00:00,LTU,Lithuania,,marek_blaz/,,FALSE,NA,NA,J,Player,TRUE,2026-09-17T10:14:12.487,2027-06-30T00:00:00,0,22,22,3,Center,TOFAS BURSA,56779,https://media-cdn.cortextech.io/1dU3kpCqReRp93/1BSdBWIjCjnONz/656d0f39-73fb-44a9-8890-1284d8d8489d.png,https://media-cdn.cortextech.io/1dU3kpCqReRp93/1BSdBWIjCjnONz/656d0f39-73fb-44a9-8890-1284d8d8489d.png,ZAL,Zalgiris Kaunas,Zalgiris,Zalgiris,ZAL,FALSE,https://media-cdn.incrowdsports.com/0aa09358-3847-4c4e-b228-3582ee4e536d.png,EuroLeague 2026-27,E2026,2026-27,E,2026,2026-07-01T00:00:00
011231,"BLOSSOMGAME, JARON",Jaron Blossomgame,"BLOSSOMGAME, JARON","BLOSSOMGAME, JARON",JARON SAMUEL,BLOSSOMGAME,BLOSSOMGAME,"Blossomgame, J.",USA,United States of America,200,100,1993-09-16T00:00:00,USA,United States of America,jaronbgame,jaronbgame,,FALSE,NA,NA,J,Player,TRUE,2026-09-12T10:11:21.65,2027-06-30T00:00:00,0,4,4,2,Forward,AS MONACO BASKET,56521,https://media-cdn.cortextech.io/1dU3kpCqReRp93/1BSdBWIjCjnONx/a637e8aa-f631-445b-86ed-3b35a556c867.png,https://media-cdn.cortextech.io/1dU3kpCqReRp93/1BSdBWIjCjnONx/a637e8aa-f631-445b-86ed-3b35a556c867.png,DUB,Dubai Basketball,Dubai,Dubai,DUB,FALSE,https://media-cdn.incrowdsports.com/1efae090-16e2-4963-ae47-4b94f249c244.png,EuroLeague 2026-27,E2026,2026-27,E,2026,2026-07-01T00:00:00
008985,"BOLMARO, LEANDRO",Leandro Bolmaro,"BOLMARO, LEANDRO","BOLMARO, LEANDRO",LEANDRO NICOLAS,BOLMARO,BOLMARO,"Bolmaro, L.",ITA,Italy,200,82,2000-09-11T00:00:00,ARG,Argentina,,,,FALSE,NA,NA,J,Player,TRUE,2026-08-12T07:35:05.269,2027-06-30T00:00:00,0,10,10,1,Guard,EA7 EMPORIO ARMANI MILAN,54756,https://media-cdn.cortextech.io/1dU3kpCqReRp93/1BSdBWIjCjnONy/407d3664-5298-4677-bba8-fd4b8fee4928.png,https://media-cdn.cortextech.io/1dU3kpCqReRp93/1BSdBWIjCjnONy/407d3664-5298-4677-bba8-fd4b8fee4928.png,MIL,Armani Olimpia Milan,Milan,Milan,MIL,FALSE,https://media-cdn.cortextech.io/1dU3kpCqReRp93/1BSdBWIjChWbHH/5c2f0ab6-f86a-4df0-b2f3-f9ab92f7267b.png,EuroLeague 2026-27,E2026,2026-27,E,2026,2026-07-01T00:00:00
009035,"BOLOMBOY, JOEL",Joel Bolomboy,"BOLOMBOY, JOEL","BOLOMBOY, JOEL",JOEL,BOLOMBOY,BOLOMBOY,"Bolomboy, J.",USA,United States of America,204,103,1994-01-28T00:00:00,UKR,Ukraine,,bolomboy21/,,FALSE,NA,NA,J,Player,TRUE,2026-09-21T07:50:17.4,2027-06-30T00:00:00,0,21,21,3,Center,RED STAR,56885,https://media-cdn.cortextech.io/1dU3kpCqReRp93/1BSdBWIjCjnOS3/454d73d1-9f8a-4520-bdb9-2c67f6fcf1b7.png,https://media-cdn.cortextech.io/1dU3kpCqReRp93/1BSdBWIjCjnOS3/454d73d1-9f8a-4520-bdb9-2c67f6fcf1b7.png,ASV,LDLC ASVEL Villeurbanne,LDLC ASVEL,ASVEL,ASV,FALSE,https://media-cdn.incrowdsports.com/e33c6d1a-95ca-4dbc-b8cb-0201812104cc.png,EuroLeague 2026-27,E2026,2026-27,E,2026,2026-07-01T00:00:00
006760,"BONGA, ISAAC",Isaac Bonga,"BONGA, ISAAC","BONGA, ISAAC",ISAAC EVOLUE ETUE BOFENDA,BONGA,BONGA,"Bonga, I.",GER,Germany,203,105,1999-11-08T00:00:00,GER,Germany,,,,FALSE,NA,NA,J,Player,TRUE,2026-09-07T08:28:07.725,2027-06-30T00:00:00,0,32,32,2,Forward,PARTIZAN BELGRADE,55743,https://media-cdn.cortextech.io/1dU3kpCqReRp93/1BSdBWIjCjnONz/7a8c7109-5192-4ff2-aa92-51bbaf656f60.png,https://media-cdn.cortextech.io/1dU3kpCqReRp93/1BSdBWIjCjnONz/7a8c7109-5192-4ff2-aa92-51bbaf656f60.png,PAN,Panathinaikos AKTOR Athens,Panathinaikos,Panathinaikos,PAO,FALSE,https://media-cdn.incrowdsports.com/e3dff28a-9ec6-4faf-9d96-ecbc68f75780.png,EuroLeague 2026-27,E2026,2026-27,E,2026,2026-07-01T00:00:00
007056,"BOOKER, DEVIN",Devin Booker,Booker,Booker,DEVIN RYDALE,BOOKER,Booker,"Booker, D.",USA,United States of America,205,113,1991-02-28T00:00:00,USA,United States of America,DevinBooker31,devbook31/,,FALSE,NA,NA,J,Player,TRUE,2026-08-12T07:35:05.008,2027-06-30T00:00:00,0,31,31,3,Center,EA7 EMPORIO ARMANI MILAN,54755,https://media-cdn.cortextech.io/1dU3kpCqReRp93/1BSdBWIjCjnONy/bac6b071-e029-470a-b5fa-4cb66d11eef7.png,https://media-cdn.cortextech.io/1dU3kpCqReRp93/1BSdBWIjCjnONy/bac6b071-e029-470a-b5fa-4cb66d11eef7.png,MIL,Armani Olimpia Milan,Milan,Milan,MIL,FALSE,https://media-cdn.cortextech.io/1dU3kpCqReRp93/1BSdBWIjChWbHH/5c2f0ab6-f86a-4df0-b2f3-f9ab92f7267b.png,EuroLeague 2026-27,E2026,2026-27,E,2026,2026-07-01T00:00:00
013141,"BOURNELES, GEORGIOS",Georgios Bourneles,"MPOURNELES, GEORGIOS","MPOURNELES, GEORGIOS",GEORGIOS,BOURNELES,BOURNELES,NA,GRE,Greece,192,85,2007-03-04T00:00:00,GRE,Greece,,,,FALSE,NA,NA,J,Player,TRUE,2026-09-15T07:43:21.76,2027-06-30T00:00:00,0,4,4,1,Guard,OLYMPIACOS,56695,https://media-cdn.cortextech.io/1dU3kpCqReRp93/1BSdBWIjCjnONx/e3fda869-382f-4c71-9ffd-ed32ee5c5485.png,https://media-cdn.cortextech.io/1dU3kpCqReRp93/1BSdBWIjCjnONx/e3fda869-382f-4c71-9ffd-ed32ee5c5485.png,OLY,Olympiacos Piraeus,Olympiacos,Olympiacos,OLY,FALSE,https://media-cdn.incrowdsports.com/789423ac-3cdf-4b89-b11c-b458aa5f59a6.png,EuroLeague 2026-27,E2026,2026-27,E,2026,2026-07-01T00:00:00
014127,"BRISSETT, O'SHAE J",O'Shae J Brissett,"BRISSETT, O'SHAE J","BRISSETT, O'SHAE J",OSHAE J,BRISSETT,BRISSETT,NA,CAN,Canada,201,95,1998-06-20T00:00:00,CAN,Canada,,,,FALSE,NA,NA,J,Player,TRUE,2026-08-12T08:00:45.031,2027-06-30T00:00:00,0,10,10,2,Forward,MACCABI TEL AVIV,54850,https://media-cdn.cortextech.io/1dU3kpCqReRp93/1BSdBWIjCjnOS3/a5a60d09-ef95-4264-86a0-a558d353ef58.png,https://media-cdn.cortextech.io/1dU3kpCqReRp93/1BSdBWIjCjnOS3/a5a60d09-ef95-4264-86a0-a558d353ef58.png,TEL,Maccabi Rapyd Tel Aviv,Maccabi,Maccabi,MTA,FALSE,https://media-cdn.cortextech.io/1b533342-78f5-4932-b714-a7d80b5826b5.png,EuroLeague 2026-27,E2026,2026-27,E,2026,2026-07-01T00:00:00
009992,"BRIZUELA, DARIO",Dario Brizuela,"BRIZUELA, DARIO","BRIZUELA, DARIO",DARIO,BRIZUELA ARRIETA,BRIZUELA,"Brizuela, D.",ESP,Spain,188,82,1994-11-08T00:00:00,ESP,Spain,,,,FALSE,NA,NA,J,Player,TRUE,2026-08-12T07:43:58.492,2027-06-30T00:00:00,0,8,8,1,Guard,FC BARCELONA,54788,https://media-cdn.cortextech.io/1dU3kpCqReRp93/1BSdBWIjCjnONz/ce0ebb86-2c93-4aa6-8892-9ef1334d2d45.png,https://media-cdn.cortextech.io/1dU3kpCqReRp93/1BSdBWIjCjnONz/ce0ebb86-2c93-4aa6-8892-9ef1334d2d45.png,BAR,FC Barcelona,FC Barcelona,Barca,BAR,FALSE,https://media-cdn.incrowdsports.com/35dfa503-e417-481f-963a-bdf6f013763e.png,EuroLeague 2026-27,E2026,2026-27,E,2026,2026-07-01T00:00:00
013384,"BROOKS, ARMONI",Armoni Brooks,"BROOKS, ARMONI","BROOKS, ARMONI",ARMONI DAETRELL NIKEE,BROOKS,BROOKS,,USA,United States of America,194,94,1998-06-05T00:00:00,USA,United States of America,,,,FALSE,NA,NA,J,Player,TRUE,2026-09-04T12:25:36.853,2027-06-30T00:00:00,0,12,12,1,Guard,ARMANI OLIMPIA MILANO,55710,https://media-cdn.cortextech.io/1dU3kpCqReRp93/1BSdBWIjCjnONy/5d219537-9bfc-443e-a3a7-cb8cb997c849.png,https://media-cdn.cortextech.io/1dU3kpCqReRp93/1BSdBWIjCjnONy/5d219537-9bfc-443e-a3a7-cb8cb997c849.png,PAM,Valencia Basket,Valencia,Valencia,VBC,FALSE,https://media-cdn.cortextech.io/1dU3kpCqReRp93/1BSdBWIjChWbHL/bc3e00b2-fea4-40be-a7ec-1e633129bde3.png,EuroLeague 2026-27,E2026,2026-27,E,2026,2026-07-01T00:00:00
009025,"BROWN, ANTHONY",Anthony Brown,"BROWN, ANTHONY","BROWN, ANTHONY",ANTHONY LEJOHN,BROWN,AB,"Brown, A.",USA,United States of America,203,100,1992-10-10T00:00:00,USA,United States of America,TwoShotOne,twoshotonee,,FALSE,NA,NA,J,Player,TRUE,2026-09-07T10:46:46.389,2027-06-30T00:00:00,0,21,21,2,Forward,BESIKTAS ISTANBUL,55831,https://media-cdn.cortextech.io/1dU3kpCqReRp93/1BSdBWIjCjnONy/6fadd0a7-fdbd-4e56-9a1c-75ba0c800f3c.png,https://media-cdn.cortextech.io/1dU3kpCqReRp93/1BSdBWIjCjnONy/6fadd0a7-fdbd-4e56-9a1c-75ba0c800f3c.png,BES,Besiktas Istanbul,Besiktas,Besiktas,BJK,FALSE,https://media-cdn.cortextech.io/1dU3kpCqReRp93/1BSdBWIjChWbHH/b05e3c54-e672-4b31-9f86-c91e9de7715c.png,EuroLeague 2026-27,E2026,2026-27,E,2026,2026-07-01T00:00:00
012720,"BROWN, STERLING",Sterling Brown,"BROWN, STERLING","BROWN, STERLING",STERLING DAMARCO,BROWN,BROWN,,USA,United States of America,198,102,1995-02-10T00:00:00,USA,United States of America,,,,FALSE,NA,NA,J,Player,TRUE,2026-09-04T11:42:50.174,2027-06-30T00:00:00,0,0,0,1,Guard,PARTIZAN BELGRADE,55696,https://media-cdn.cortextech.io/1dU3kpCqReRp93/1BSdBWIjCjnONz/d3819345-099e-4a06-8c2a-399d94b9766e.png,https://media-cdn.cortextech.io/1dU3kpCqReRp93/1BSdBWIjCjnONz/d3819345-099e-4a06-8c2a-399d94b9766e.png,ZAL,Zalgiris Kaunas,Zalgiris,Zalgiris,ZAL,FALSE,https://media-cdn.incrowdsports.com/0aa09358-3847-4c4e-b228-3582ee4e536d.png,EuroLeague 2026-27,E2026,2026-27,E,2026,2026-07-01T00:00:00
009846,"BRYANT, ELIJAH",Elijah Bryant,"BRYANT, ELIJAH","BRYANT, ELIJAH",ELIJAH BRIGHAM,BRYANT,BRYANT,"Bryant, E.",USA,United States of America,196,99,1995-04-19T00:00:00,USA,United States of America,elijah_bryant3,elijahbryant3/,,FALSE,NA,NA,J,Player,TRUE,2026-08-12T07:53:39.497,2027-06-30T00:00:00,0,3,3,1,Guard,HAPOEL IBI TEL AVIV,54815,https://media-cdn.cortextech.io/1dU3kpCqReRp93/1BSdBWIjCjnOS3/059c5027-93b7-4bad-8924-26c9e4819a84.png,https://media-cdn.cortextech.io/1dU3kpCqReRp93/1BSdBWIjCjnOS3/059c5027-93b7-4bad-8924-26c9e4819a84.png,HTA,Hapoel IBI Tel Aviv,Hapoel TLV,Hapoel,HTA,FALSE,https://media-cdn.incrowdsports.com/cbb1c3ad-03d5-426a-b5ef-2832a4eee484.png,EuroLeague 2026-27,E2026,2026-27,E,2026,2026-07-01T00:00:00
014782,"BURNELL, JASON",Jason Burnell,"BURNELL, JASON","BURNELL, JASON",JASON SCOTT,BURNELL,Burnell,NA,USA,United States of America,201,99,1997-08-15T00:00:00,USA,United States of America,,,,FALSE,NA,NA,J,Player,TRUE,2026-09-07T10:41:53.997,2027-06-30T00:00:00,0,0,0,2,Forward,LEONESSA BRESCIA,55809,https://media-cdn.cortextech.io/1dU3kpCqReRp93/1BSdBWIjCjnONy/6fd162c7-1372-4d9e-ad83-f8f0f77816b4.png,https://media-cdn.cortextech.io/1dU3kpCqReRp93/1BSdBWIjCjnONy/6fd162c7-1372-4d9e-ad83-f8f0f77816b4.png,MIL,Armani Olimpia Milan,Milan,Milan,MIL,FALSE,https://media-cdn.cortextech.io/1dU3kpCqReRp93/1BSdBWIjChWbHH/5c2f0ab6-f86a-4df0-b2f3-f9ab92f7267b.png,EuroLeague 2026-27,E2026,2026-27,E,2026,2026-07-01T00:00:00
002676,"BUTKEVICIUS, ARNAS",Arnas Butkevicius,Butkevicius,Butkevicius,ARNAS,BUTKEVICIUS,BUTKEVICIUS,"Butkevicius, A.",LTU,Lithuania,197,95,1992-10-22T00:00:00,LTU,Lithuania,,,,FALSE,NA,NA,J,Player,TRUE,2026-08-12T08:26:01.812,2027-06-30T00:00:00,0,51,51,2,Forward,ZALGIRIS KAUNAS,54938,https://media-cdn.cortextech.io/1dU3kpCqReRp93/1BSdBWIjCjnONz/30189b7a-3050-4119-9fbb-165978cd8f71.png,https://media-cdn.cortextech.io/1dU3kpCqReRp93/1BSdBWIjCjnONz/30189b7a-3050-4119-9fbb-165978cd8f71.png,ZAL,Zalgiris Kaunas,Zalgiris,Zalgiris,ZAL,FALSE,https://media-cdn.incrowdsports.com/0aa09358-3847-4c4e-b228-3582ee4e536d.png,EuroLeague 2026-27,E2026,2026-27,E,2026,2026-07-01T00:00:00
014163,"BUTLER, JARED",Jared Butler,"BUTLER, JARED GLADWYN","BUTLER, JARED GLADWYN",JARED GLADWYN,BUTLER,Butler,NA,USA,United States of America,191,88,2000-08-25T00:00:00,USA,United States of America,,,,FALSE,NA,NA,J,Player,TRUE,2026-08-12T07:37:54.036,2027-06-30T00:00:00,0,6,6,1,Guard,CRVENA ZVEZDA,54765,https://media-cdn.cortextech.io/1dU3kpCqReRp93/1BSdBWIjCjnONz/df3943a2-33b5-43e8-9922-bc85f4c4c84e.png,https://media-cdn.cortextech.io/1dU3kpCqReRp93/1BSdBWIjCjnONz/df3943a2-33b5-43e8-9922-bc85f4c4c84e.png,RED,Crvena Zvezda Meridianbet Belgrade,Crvena Zvezda,Crvena,CZV,FALSE,https://media-cdn.incrowdsports.com/d2eef4a8-62df-4fdd-9076-276004268515.png,EuroLeague 2026-27,E2026,2026-27,E,2026,2026-07-01T00:00:00
012096,"CABOCLO, BRUNO",Bruno Caboclo,"CABOCLO, BRUNO","CABOCLO, BRUNO",BRUNO,CORREA FERNANDES CABOCLO,CABOCLO,,BRA,Brazil,208,102,1995-09-21T00:00:00,BRA,Brazil,,,,FALSE,NA,NA,J,Player,TRUE,2026-09-17T10:18:03.788,2027-06-30T00:00:00,0,51,51,3,Center,DUBAI,56787,NA,NA,HTA,Hapoel IBI Tel Aviv,Hapoel TLV,Hapoel,HTA,FALSE,https://media-cdn.incrowdsports.com/cbb1c3ad-03d5-426a-b5ef-2832a4eee484.png,EuroLeague 2026-27,E2026,2026-27,E,2026,2026-07-01T00:00:00
013269,"CALE, MYLES",Myles Cale,"CALE, MYLES","CALE, MYLES",MYLES ALEXANDER,CALE,CALE,,USA,United States of America,198,95,1999-03-05T00:00:00,USA,United States of America,,,,FALSE,NA,NA,J,Player,TRUE,2026-09-21T07:50:14.494,2027-06-30T00:00:00,0,0,0,2,Forward,FC BARCELONE,56878,https://media-cdn.cortextech.io/1dU3kpCqReRp93/1BSdBWIjCjnOS3/f809659a-6ca0-4d54-82db-a19c8e6b33a3.png,https://media-cdn.cortextech.io/1dU3kpCqReRp93/1BSdBWIjCjnOS3/f809659a-6ca0-4d54-82db-a19c8e6b33a3.png,ASV,LDLC ASVEL Villeurbanne,LDLC ASVEL,ASVEL,ASV,FALSE,https://media-cdn.incrowdsports.com/e33c6d1a-95ca-4dbc-b8cb-0201812104cc.png,EuroLeague 2026-27,E2026,2026-27,E,2026,2026-07-01T00:00:00
005928,"CAMPAZZO, FACUNDO",Facundo Campazzo,Campazzo,Campazzo,FACUNDO,CAMPAZZO,CAMPAZZO,"Campazzo, F.",ESP,Spain,181,84,1991-03-23T00:00:00,ARG,Argentina,facundocampazzo ,,,FALSE,NA,NA,J,Player,TRUE,2026-08-12T08:18:26.5,2027-06-30T00:00:00,0,7,7,1,Guard,REAL MADRID,54903,https://media-cdn.cortextech.io/1dU3kpCqReRp93/1BSdBWIjCjnONx/781f57a2-1686-45ef-bf10-1229bea609c7.png,https://media-cdn.cortextech.io/1dU3kpCqReRp93/1BSdBWIjCjnONx/781f57a2-1686-45ef-bf10-1229bea609c7.png,MAD,Real Madrid,Real Madrid,Real,RMB,FALSE,https://media-cdn.incrowdsports.com/371b0d9b-9250-4c09-bda7-0686cf024657.png,EuroLeague 2026-27,E2026,2026-27,E,2026,2026-07-01T00:00:00
014741,"CARDENAS, ALVARO",Alvaro Cardenas,"CÁRDENAS, ÁLVARO","CÁRDENAS, ÁLVARO",ALVARO,CARDENAS TORRE,CÁRDENAS,NA,ESP,Spain,185,80,2002-04-29T00:00:00,ESP,Spain,,,,FALSE,NA,NA,J,Player,TRUE,2026-09-04T12:26:52.991,2027-06-30T00:00:00,0,7,7,1,Guard,VALENCIA BASKET CLUB,55713,https://media-cdn.cortextech.io/1dU3kpCqReRp93/1BSdBWIjCjnONy/ea62ef7b-de8b-48f2-8965-bb1c97d1cf1e.png,https://media-cdn.cortextech.io/1dU3kpCqReRp93/1BSdBWIjCjnONy/ea62ef7b-de8b-48f2-8965-bb1c97d1cf1e.png,PAM,Valencia Basket,Valencia,Valencia,VBC,FALSE,https://media-cdn.cortextech.io/1dU3kpCqReRp93/1BSdBWIjChWbHL/bc3e00b2-fea4-40be-a7ec-1e633129bde3.png,EuroLeague 2026-27,E2026,2026-27,E,2026,2026-07-01T00:00:00
012707,"CARR, MARCUS",Marcus Carr,"CARR, MARCUS JOSHUA","CARR, MARCUS JOSHUA",MARCUS JOSHUA,CARR,MARCUS CARR,,CAN,Canada,188,70,1999-06-06T00:00:00,CAN,Canada,,,,FALSE,NA,NA,J,Player,TRUE,2026-09-04T12:06:08.692,2027-06-30T00:00:00,0,2,2,1,Guard,WURZBURG BASKET,55701,https://media-cdn.cortextech.io/1dU3kpCqReRp93/1BSdBWIjCjnONz/3c9492d7-56e9-4a4e-9d49-8d6c7c20b2c7.png,https://media-cdn.cortextech.io/1dU3kpCqReRp93/1BSdBWIjCjnONz/3c9492d7-56e9-4a4e-9d49-8d6c7c20b2c7.png,VIR,Virtus Bologna,Virtus Bologna,Virtus,VIR,FALSE,https://media-cdn.cortextech.io/1dU3kpCqReRp93/1BSdBWIjCiezvk/a92d4c3b-9f9c-4163-8a10-bcf8fc15893e.png,EuroLeague 2026-27,E2026,2026-27,E,2026,2026-07-01T00:00:00
008912,"CARRINGTON, KHADEEN",Khadeen Carrington,"CARRINGTON, KHADEEN","CARRINGTON, KHADEEN",KHADEEN AKIL,CARRINGTON,CARRINGTON,"Carrington, K.",ISR,Israel,187,82,1995-10-03T00:00:00,TRI,Trinidad and Tobago,,,,FALSE,NA,NA,J,Player,TRUE,2026-09-17T14:07:04.243,2027-06-30T00:00:00,0,5,5,1,Guard,HAPOEL JERUSALEM,56799,NA,NA,HTA,Hapoel IBI Tel Aviv,Hapoel TLV,Hapoel,HTA,FALSE,https://media-cdn.incrowdsports.com/cbb1c3ad-03d5-426a-b5ef-2832a4eee484.png,EuroLeague 2026-27,E2026,2026-27,E,2026,2026-07-01T00:00:00
011305,"CARTER, TYSON",Tyson Carter,"CARTER, TYSON","CARTER, TYSON",TYSON GREGORY,CARTER,CARTER,,USA,United States of America,193,76,1998-01-14T00:00:00,USA,United States of America,,,,FALSE,NA,NA,J,Player,TRUE,2026-08-12T07:37:54.265,2027-06-30T00:00:00,0,11,11,1,Guard,CRVENA ZVEZDA,54766,https://media-cdn.cortextech.io/1dU3kpCqReRp93/1BSdBWIjCjnONz/d37da46b-3d80-49da-b17f-da29dc096626.png,https://media-cdn.cortextech.io/1dU3kpCqReRp93/1BSdBWIjCjnONz/d37da46b-3d80-49da-b17f-da29dc096626.png,RED,Crvena Zvezda Meridianbet Belgrade,Crvena Zvezda,Crvena,CZV,FALSE,https://media-cdn.incrowdsports.com/d2eef4a8-62df-4fdd-9076-276004268515.png,EuroLeague 2026-27,E2026,2026-27,E,2026,2026-07-01T00:00:00
009400,"CASARIN, DAVIDE",Davide Casarin,"CASARIN, DAVIDE","CASARIN, DAVIDE",DAVIDE,CASARIN,CASARIN,"Casarin, D.",ITA,Italy,197,87,2003-05-22T00:00:00,ITA,Italy,,,,FALSE,NA,NA,J,Player,TRUE,2026-09-18T07:10:11.215,2027-06-30T00:00:00,0,7,7,1,Guard,REYER VENEZIA,56876,https://media-cdn.cortextech.io/1dU3kpCqReRp93/1BSdBWIjCjnONz/9d63c99d-41a5-4a50-91d4-98f14d97fe0d.png,https://media-cdn.cortextech.io/1dU3kpCqReRp93/1BSdBWIjCjnONz/9d63c99d-41a5-4a50-91d4-98f14d97fe0d.png,VIR,Virtus Bologna,Virtus Bologna,Virtus,VIR,FALSE,https://media-cdn.cortextech.io/1dU3kpCqReRp93/1BSdBWIjCiezvk/a92d4c3b-9f9c-4163-8a10-bcf8fc15893e.png,EuroLeague 2026-27,E2026,2026-27,E,2026,2026-07-01T00:00:00
013373,"CAVALIERE, LEOPOLD",Leopold Cavaliere,"CAVALIERE, LEOPOLD","CAVALIERE, LEOPOLD",LEOPOLD,CAVALIERE,CAVALIERE,,FRA,France,202,97,1996-04-27T00:00:00,FRA,France,,,,FALSE,NA,NA,J,Player,TRUE,2026-09-07T12:00:28.147,2027-06-30T00:00:00,0,4,4,2,Forward,PARIS BASKETBALL,55855,https://media-cdn.cortextech.io/1dU3kpCqReRp93/1BSdBWIjCjnONz/63c6b216-3410-4c21-8ad0-a8277380c6b1.png,https://media-cdn.cortextech.io/1dU3kpCqReRp93/1BSdBWIjCjnONz/63c6b216-3410-4c21-8ad0-a8277380c6b1.png,PRS,Paris Basketball,Paris,Paris,PBB,FALSE,https://media-cdn.incrowdsports.com/a033e5b3-0de7-48a3-98d9-d9a4b9df1f39.png,EuroLeague 2026-27,E2026,2026-27,E,2026,2026-07-01T00:00:00
013699,"CLARK III, JIMMY",Jimmy Clark III,"CLARK III, JIMMY","CLARK III, JIMMY",JIMMY,CLARK JR III,CLARK III,,USA,United States of America,190,83,2001-04-04T00:00:00,USA,United States of America,,,,FALSE,NA,NA,J,Player,TRUE,2026-08-12T08:00:43.363,2027-06-30T00:00:00,0,2,2,1,Guard,MACCABI TEL AVIV,54843,https://media-cdn.cortextech.io/1dU3kpCqReRp93/1BSdBWIjCjnOS3/006c60ff-e935-4695-8889-a1ab9a512eff.png,https://media-cdn.cortextech.io/1dU3kpCqReRp93/1BSdBWIjCjnOS3/006c60ff-e935-4695-8889-a1ab9a512eff.png,TEL,Maccabi Rapyd Tel Aviv,Maccabi,Maccabi,MTA,FALSE,https://media-cdn.cortextech.io/1b533342-78f5-4932-b714-a7d80b5826b5.png,EuroLeague 2026-27,E2026,2026-27,E,2026,2026-07-01T00:00:00
004888,"CLYBURN, WILL",Will Clyburn,Clyburn,Clyburn,WILLIAM DALEN,CLYBURN,CLYBURN,"Clyburn, W.",USA,United States of America,201,99,1990-05-17T00:00:00,USA,United States of America,Da_Thrill21,thrill_21/,,FALSE,NA,NA,J,Player,TRUE,2026-09-04T09:12:11.116,2027-06-30T00:00:00,0,21,21,2,Forward,FC BARCELONA,55689,https://media-cdn.cortextech.io/1dU3kpCqReRp93/1BSdBWIjCjnONx/5f169708-cc91-4700-9dc6-2e4b22c90b59.png,https://media-cdn.cortextech.io/1dU3kpCqReRp93/1BSdBWIjCjnONx/5f169708-cc91-4700-9dc6-2e4b22c90b59.png,ULK,Fenerbahce Tarfin Istanbul,Fenerbahce,Fenerbahce,FBT,FALSE,https://media-cdn.cortextech.io/1dU3kpCqReRp93/1BSdBWIjCiezrk/aa39750a-6203-49ee-a87d-edd0c6f0397d.png,EuroLeague 2026-27,E2026,2026-27,E,2026,2026-07-01T00:00:00
015153,"COFFEY, AMIR",Amir Coffey,"COFFEY, AMIR","COFFEY, AMIR",AMIR THOMAS,COFFEY,COFFEY,NA,USA,United States of America,201,95,1997-06-17T00:00:00,USA,United States of America,,,,FALSE,NA,NA,J,Player,TRUE,2026-09-17T10:18:02.773,2027-06-30T00:00:00,0,7,7,1,Guard,PHOENIX SUNS,56784,https://media-cdn.cortextech.io/1dU3kpCqReRp93/1BSdBWIjCjnOS3/b350f00d-6100-4b6c-8011-c7a5a5507f1f.png,https://media-cdn.cortextech.io/1dU3kpCqReRp93/1BSdBWIjCjnOS3/b350f00d-6100-4b6c-8011-c7a5a5507f1f.png,HTA,Hapoel IBI Tel Aviv,Hapoel TLV,Hapoel,HTA,FALSE,https://media-cdn.incrowdsports.com/cbb1c3ad-03d5-426a-b5ef-2832a4eee484.png,EuroLeague 2026-27,E2026,2026-27,E,2026,2026-07-01T00:00:00
013929,"COLE, RJ",Rj Cole,"COLE, RJ","COLE, RJ",ROBERT JALEN,COLE,COLE,NA,USA,United States of America,185,86,1999-08-24T00:00:00,USA,United States of America,,,,FALSE,NA,NA,J,Player,TRUE,2026-09-07T10:41:54.267,2027-06-30T00:00:00,0,2,2,1,Guard,REYER VENEZIA,55810,https://media-cdn.cortextech.io/1dU3kpCqReRp93/1BSdBWIjCjnONy/692c8bf5-073e-4893-9597-d5dd163f54a0.png,https://media-cdn.cortextech.io/1dU3kpCqReRp93/1BSdBWIjCjnONy/692c8bf5-073e-4893-9597-d5dd163f54a0.png,MIL,Armani Olimpia Milan,Milan,Milan,MIL,FALSE,https://media-cdn.cortextech.io/1dU3kpCqReRp93/1BSdBWIjChWbHH/5c2f0ab6-f86a-4df0-b2f3-f9ab92f7267b.png,EuroLeague 2026-27,E2026,2026-27,E,2026,2026-07-01T00:00:00
009783,"COLSON, BONZIE",Bonzie Colson,"COLSON, BONZIE","COLSON, BONZIE",BONZIE ALEXANDER,COLSON II,COLSON II,"Colson, B.",USA,United States of America,198,102,1996-01-12T00:00:00,USA,United States of America,,,,FALSE,NA,NA,J,Player,TRUE,2026-09-10T12:33:58.975,2027-06-30T00:00:00,0,50,50,2,Forward,FENERBAHCE,56465,https://media-cdn.cortextech.io/1dU3kpCqReRp93/1BSdBWIjCjnOS3/87d131fa-c5bc-4ad6-806f-b8fcf07dd682.png,https://media-cdn.cortextech.io/1dU3kpCqReRp93/1BSdBWIjCjnOS3/87d131fa-c5bc-4ad6-806f-b8fcf07dd682.png,TEL,Maccabi Rapyd Tel Aviv,Maccabi,Maccabi,MTA,FALSE,https://media-cdn.cortextech.io/1b533342-78f5-4932-b714-a7d80b5826b5.png,EuroLeague 2026-27,E2026,2026-27,E,2026,2026-07-01T00:00:00
014740,"CORBALAN, GONZALO",Gonzalo Corbalan,"CORBALAN, GONZALO","CORBALAN, GONZALO",GONZALO,CORBALAN GUTIERREZ,CORBALÁN,NA,ESP,Spain,193,88,2002-03-03T00:00:00,ARG,Argentina,,,,FALSE,NA,NA,J,Player,TRUE,2026-09-04T12:25:37.747,2027-06-30T00:00:00,0,20,20,2,Forward,CLUB BALONCESTO SAN PABLO BURGOS,55712,https://media-cdn.cortextech.io/1dU3kpCqReRp93/1BSdBWIjCjnONy/e1024451-a3cf-48a3-bf0f-192016801e03.png,https://media-cdn.cortextech.io/1dU3kpCqReRp93/1BSdBWIjCjnONy/e1024451-a3cf-48a3-bf0f-192016801e03.png,PAM,Valencia Basket,Valencia,Valencia,VBC,FALSE,https://media-cdn.cortextech.io/1dU3kpCqReRp93/1BSdBWIjChWbHL/bc3e00b2-fea4-40be-a7ec-1e633129bde3.png,EuroLeague 2026-27,E2026,2026-27,E,2026,2026-07-01T00:00:00
009549,"CORDINIER, ISAIA",Isaia Cordinier,"CORDINIER, ISAIA","CORDINIER, ISAIA",ISAIA,CORDINIER,CORDINIER,"Cordinier, I.",FRA,France,196,90,1996-11-28T00:00:00,FRA,France,izaycordinier,izaycordinier,,FALSE,NA,NA,J,Player,TRUE,2026-08-12T07:32:08.96,2027-06-30T00:00:00,0,10,10,1,Guard,ANADOLU EFES ISTANBUL,54745,https://media-cdn.cortextech.io/1dU3kpCqReRp93/1BSdBWIjCjnONz/faf1dbe4-c23a-4b7a-8175-72d536d41d52.png,https://media-cdn.cortextech.io/1dU3kpCqReRp93/1BSdBWIjCjnONz/faf1dbe4-c23a-4b7a-8175-72d536d41d52.png,IST,Anadolu Efes Istanbul,Anadolu Efes,Efes,EFS,FALSE,https://media-cdn.cortextech.io/1dU3kpCqReRp93/1BSdBWIjCgOCxM/a844756c-a58d-4666-93b8-48f7337bc79d.png,EuroLeague 2026-27,E2026,2026-27,E,2026,2026-07-01T00:00:00
015166,"CROWDER, JAE",Jae Crowder,"CROWDER, COREY JAE","CROWDER, COREY JAE",COREY JAE,CROWDER,CROWDER,NA,USA,United States of America,195,116,1990-07-06T00:00:00,USA,United States of America,,,,FALSE,NA,NA,J,Player,TRUE,2026-09-21T07:50:19.333,2027-06-30T00:00:00,0,99,99,2,Forward,VAQUEROS DE BAYAMON,56891,https://media-cdn.cortextech.io/1dU3kpCqReRp93/1BSdBWIjCjnOS3/40639706-c3c2-478d-9d64-e0e5f20ab561.png,https://media-cdn.cortextech.io/1dU3kpCqReRp93/1BSdBWIjCjnOS3/40639706-c3c2-478d-9d64-e0e5f20ab561.png,ASV,LDLC ASVEL Villeurbanne,LDLC ASVEL,ASVEL,ASV,FALSE,https://media-cdn.incrowdsports.com/e33c6d1a-95ca-4dbc-b8cb-0201812104cc.png,EuroLeague 2026-27,E2026,2026-27,E,2026,2026-07-01T00:00:00
011244,"DA SILVA, OSCAR",Oscar Da Silva,"DA SILVA, OSCAR","DA SILVA, OSCAR",OSCAR LEON,DA SILVA,DA SILVA,"Da Silva, O.",GER,Germany,205,104,1998-09-21T00:00:00,GER,Germany,,oh_dasilva,,FALSE,NA,NA,J,Player,TRUE,2026-08-12T07:46:58.927,2027-06-30T00:00:00,0,1,1,2,Forward,FC BAYERN MUNICH,54794,https://media-cdn.cortextech.io/1dU3kpCqReRp93/1BSdBWIjCjnONy/5c62c23d-0581-4667-a77b-52af033153bc.png,https://media-cdn.cortextech.io/1dU3kpCqReRp93/1BSdBWIjCjnONy/5c62c23d-0581-4667-a77b-52af033153bc.png,MUN,FC Bayern Munich,Bayern Munich,Bayern,BAY,FALSE,https://media-cdn.incrowdsports.com/817b0e58-d595-4b09-ab0b-1e7cc26249ff.png,EuroLeague 2026-27,E2026,2026-27,E,2026,2026-07-01T00:00:00
012453,"DANILOVIC, UROS",Uros Danilovic,"UROS, DANILOVIC","UROS, DANILOVIC",UROS,DANILOVIC,Danilovic,NA,SRB,Serbia,203,80,2007-09-15T00:00:00,SRB,Serbia,,,,FALSE,NA,NA,J,Player,TRUE,2026-09-16T09:01:38.433,2027-06-30T00:00:00,0,44,44,2,Forward,PARTIZAN MOZZART BET,56722,NA,NA,PAR,Partizan Mozzart Bet Belgrade,Partizan,Partizan,PAR,FALSE,https://media-cdn.incrowdsports.com/2681304e-77dd-4331-88b1-683078c0fb49.png,EuroLeague 2026-27,E2026,2026-27,E,2026,2026-07-01T00:00:00
007960,"DAVIDOVAC, DEJAN",Dejan Davidovac,"DAVIDOVAC, DEJAN","DAVIDOVAC, DEJAN",DEJAN,DAVIDOVAC,Davidovac,"Davidovac, D.",SRB,Serbia,202,95,1995-01-17T00:00:00,SRB,Serbia,,dekideki7/,,FALSE,NA,NA,J,Player,TRUE,2026-09-03T12:23:05.748,2027-06-30T00:00:00,0,7,7,2,Forward,CRVENA ZVEZDA,55657,https://media-cdn.cortextech.io/1dU3kpCqReRp93/1BSdBWIjCjnONz/1f453365-d6ce-4d90-9074-58a096ea1bbc.png,https://media-cdn.cortextech.io/1dU3kpCqReRp93/1BSdBWIjCjnONz/1f453365-d6ce-4d90-9074-58a096ea1bbc.png,RED,Crvena Zvezda Meridianbet Belgrade,Crvena Zvezda,Crvena,CZV,FALSE,https://media-cdn.incrowdsports.com/d2eef4a8-62df-4fdd-9076-276004268515.png,EuroLeague 2026-27,E2026,2026-27,E,2026,2026-07-01T00:00:00
009005,"DECK, GABRIEL",Gabriel Deck,"DECK, GABRIEL","DECK, GABRIEL",GABRIEL ALEJANDRO,DECK,DECK,"Deck, G.",ESP,Spain,198,101,1995-02-08T00:00:00,ARG,Argentina,,,,FALSE,NA,NA,J,Player,TRUE,2026-08-12T08:18:27.962,2027-06-30T00:00:00,0,14,14,2,Forward,REAL MADRID,54909,https://media-cdn.cortextech.io/1dU3kpCqReRp93/1BSdBWIjCjnONx/c2e5c3f7-97b4-4b9a-98f6-abf2da5b7fad.png,https://media-cdn.cortextech.io/1dU3kpCqReRp93/1BSdBWIjCjnONx/c2e5c3f7-97b4-4b9a-98f6-abf2da5b7fad.png,MAD,Real Madrid,Real Madrid,Real,RMB,FALSE,https://media-cdn.incrowdsports.com/371b0d9b-9250-4c09-bda7-0686cf024657.png,EuroLeague 2026-27,E2026,2026-27,E,2026,2026-07-01T00:00:00
013250,"DEJULIUS, DAVID",David Dejulius,"DeJULIUS, DAVID","DeJULIUS, DAVID",DAVID MICHAEL,DE JULIUS,DE JULIUS,,SVK,Slovakia,183,95,1999-08-09T00:00:00,USA,United States of America,,,,FALSE,NA,NA,J,Player,TRUE,2026-09-07T10:46:45.28,2027-06-30T00:00:00,0,5,5,1,Guard,MEGA BASKET,55827,https://media-cdn.cortextech.io/1dU3kpCqReRp93/1BSdBWIjCjnONy/02472971-b450-4da6-9657-b0453b5bc041.png,https://media-cdn.cortextech.io/1dU3kpCqReRp93/1BSdBWIjCjnONy/02472971-b450-4da6-9657-b0453b5bc041.png,BES,Besiktas Istanbul,Besiktas,Besiktas,BJK,FALSE,https://media-cdn.cortextech.io/1dU3kpCqReRp93/1BSdBWIjChWbHH/b05e3c54-e672-4b31-9f86-c91e9de7715c.png,EuroLeague 2026-27,E2026,2026-27,E,2026,2026-07-01T00:00:00
014027,"DIAKITE, MAMADI",Mamadi Diakite,"DIAKITE, MAMADI","DIAKITE, MAMADI",MAMADI,DIAKITE,DIAKITE,NA,GUI,Guinea,206,100,1997-01-21T00:00:00,GUI,Guinea,,,,FALSE,NA,NA,J,Player,TRUE,2026-09-03T13:23:51.641,2027-06-30T00:00:00,0,21,21,3,Center,SASKI BASCONIA,55673,https://media-cdn.cortextech.io/1dU3kpCqReRp93/1BSdBWIjCjnONx/701d7d33-8770-49b9-9a81-210629ef427a.png,https://media-cdn.cortextech.io/1dU3kpCqReRp93/1BSdBWIjCjnONx/701d7d33-8770-49b9-9a81-210629ef427a.png,DUB,Dubai Basketball,Dubai,Dubai,DUB,FALSE,https://media-cdn.incrowdsports.com/1efae090-16e2-4963-ae47-4b94f249c244.png,EuroLeague 2026-27,E2026,2026-27,E,2026,2026-07-01T00:00:00
014108,"DIARRA, ALIOU",Aliou Diarra,"DIARRA, ALIOU FADIALA","DIARRA, ALIOU FADIALA",ALIOU FADIALA,DIARRA,DIARRA,NA,MLI,Mali,206,100,2001-12-31T00:00:00,MLI,Mali,,,,FALSE,NA,NA,J,Player,TRUE,2026-08-12T08:22:15.277,2027-06-30T00:00:00,0,31,31,3,Center,VIRTUS BOLOGNA,54930,https://media-cdn.cortextech.io/1dU3kpCqReRp93/1BSdBWIjCjnONz/622f5afe-0cda-41b3-8e86-f73efd580d9a.png,https://media-cdn.cortextech.io/1dU3kpCqReRp93/1BSdBWIjCjnONz/622f5afe-0cda-41b3-8e86-f73efd580d9a.png,VIR,Virtus Bologna,Virtus Bologna,Virtus,VIR,FALSE,https://media-cdn.cortextech.io/1dU3kpCqReRp93/1BSdBWIjCiezvk/a92d4c3b-9f9c-4163-8a10-bcf8fc15893e.png,EuroLeague 2026-27,E2026,2026-27,E,2026,2026-07-01T00:00:00
007990,"DIBARTOLOMEO, JOHN",John Dibartolomeo,"DIBARTOLOMEO, JOHN","DIBARTOLOMEO, JOHN",JOHN DANIEL,DI BARTOLOMEO,DIBARTOLOMEO,"DiBartolomeo, J.",ISR,Israel,183,90,1991-06-20T00:00:00,USA,United States of America,j_dibarto12,,,FALSE,NA,NA,J,Player,TRUE,2026-09-10T12:33:58.429,2027-06-30T00:00:00,0,12,12,1,Guard,MACCABI TEL AVIV,56463,https://media-cdn.cortextech.io/1dU3kpCqReRp93/1BSdBWIjCjnOO0/fa17418f-980a-46d6-a5f3-ebd69bebb92d.png,https://media-cdn.cortextech.io/1dU3kpCqReRp93/1BSdBWIjCjnOO0/fa17418f-980a-46d6-a5f3-ebd69bebb92d.png,TEL,Maccabi Rapyd Tel Aviv,Maccabi,Maccabi,MTA,FALSE,https://media-cdn.cortextech.io/1b533342-78f5-4932-b714-a7d80b5826b5.png,EuroLeague 2026-27,E2026,2026-27,E,2026,2026-07-01T00:00:00
013385,"DIOP, OUSMANE",Ousmane Diop,"DIOP, OUSMANE","DIOP, OUSMANE",OUSMANE,DIOP,6,,SEN,Senegal,204,108,2000-02-19T00:00:00,SEN,Senegal,,,,FALSE,NA,NA,J,Player,TRUE,2026-09-02T13:04:25.486,2027-06-30T00:00:00,0,6,6,3,Center,EA7 EMPORIO ARMANI MILAN,55641,https://media-cdn.cortextech.io/1dU3kpCqReRp93/1BSdBWIjCjnONy/49ea9e85-d32d-4d13-ac68-f5d21d39af2a.png,https://media-cdn.cortextech.io/1dU3kpCqReRp93/1BSdBWIjCjnONy/49ea9e85-d32d-4d13-ac68-f5d21d39af2a.png,MIL,Armani Olimpia Milan,Milan,Milan,MIL,FALSE,https://media-cdn.cortextech.io/1dU3kpCqReRp93/1BSdBWIjChWbHH/5c2f0ab6-f86a-4df0-b2f3-f9ab92f7267b.png,EuroLeague 2026-27,E2026,2026-27,E,2026,2026-07-01T00:00:00
013374,"DIOUF, MOUHAMET",Mouhamet Diouf,"DIOUF, MOUHAMET","DIOUF, MOUHAMET",MOUHAMET RASSOUL,DIOUF,DIOUF,,ITA,Italy,208,105,2001-09-10T00:00:00,SEN,Senegal,,,,FALSE,NA,NA,J,Player,TRUE,2026-09-07T12:09:53.407,2027-06-30T00:00:00,0,35,35,3,Center,VIRTUS BOLOGNA,55862,https://media-cdn.cortextech.io/1dU3kpCqReRp93/1BSdBWIjCjnONz/44fceb26-24ea-4de5-b66b-724b5e569867.png,https://media-cdn.cortextech.io/1dU3kpCqReRp93/1BSdBWIjCjnONz/44fceb26-24ea-4de5-b66b-724b5e569867.png,VIR,Virtus Bologna,Virtus Bologna,Virtus,VIR,FALSE,https://media-cdn.cortextech.io/1dU3kpCqReRp93/1BSdBWIjCiezvk/a92d4c3b-9f9c-4163-8a10-bcf8fc15893e.png,EuroLeague 2026-27,E2026,2026-27,E,2026,2026-07-01T00:00:00
010262,"DJURISIC, NIKOLA",Nikola Djurisic,"DJURISIC, NIKOLA","DJURISIC, NIKOLA",NIKOLA,DURISIC,DJURISIC,"Djurisic, N.",SRB,Serbia,204,91,2004-02-23T00:00:00,BEL,Belgium,,,,FALSE,NA,NA,J,Player,TRUE,2026-09-03T12:23:06.823,2027-06-30T00:00:00,0,23,23,1,Guard,CRVENA ZVEZDA,55658,https://media-cdn.cortextech.io/1dU3kpCqReRp93/1BSdBWIjCjnONz/89b556bd-8c28-4908-8139-795baecdf4f2.png,https://media-cdn.cortextech.io/1dU3kpCqReRp93/1BSdBWIjCjnONz/89b556bd-8c28-4908-8139-795baecdf4f2.png,RED,Crvena Zvezda Meridianbet Belgrade,Crvena Zvezda,Crvena,CZV,FALSE,https://media-cdn.incrowdsports.com/d2eef4a8-62df-4fdd-9076-276004268515.png,EuroLeague 2026-27,E2026,2026-27,E,2026,2026-07-01T00:00:00
004007,"DOBRIC, OGNJEN",Ognjen Dobric,Dobric,Dobric,OGNJEN,DOBRIC,DOBRIC,"Dobric, O.",SRB,Serbia,200,93,1994-10-27T00:00:00,CRO,Croatia,OgnjenDobric,ognjen.dobric/,,FALSE,NA,NA,J,Player,TRUE,2026-08-12T07:37:54.777,2027-06-30T00:00:00,0,13,13,2,Forward,CRVENA ZVEZDA,54768,https://media-cdn.cortextech.io/1dU3kpCqReRp93/1BSdBWIjCjnONz/88d6f616-1540-408a-828b-6c2754d939f6.png,https://media-cdn.cortextech.io/1dU3kpCqReRp93/1BSdBWIjCjnONz/88d6f616-1540-408a-828b-6c2754d939f6.png,RED,Crvena Zvezda Meridianbet Belgrade,Crvena Zvezda,Crvena,CZV,FALSE,https://media-cdn.incrowdsports.com/d2eef4a8-62df-4fdd-9076-276004268515.png,EuroLeague 2026-27,E2026,2026-27,E,2026,2026-07-01T00:00:00
014010,"DOKOSSI, ALLAN",Allan Dokossi,"DOKOSSI, ALLAN","DOKOSSI, ALLAN",ALLAN,DOKOSSI,DOKOSSI,NA,FRA,France,203,97,1999-12-14T00:00:00,FRA,France,,,,FALSE,NA,NA,J,Player,TRUE,2026-08-12T08:09:57.282,2027-06-30T00:00:00,0,13,13,3,Center,PARIS BASKETBALL,54886,https://media-cdn.cortextech.io/1dU3kpCqReRp93/1BSdBWIjCjnONz/33d6b1bb-2e42-42de-98e3-c02c475d36d1.png,https://media-cdn.cortextech.io/1dU3kpCqReRp93/1BSdBWIjCjnONz/33d6b1bb-2e42-42de-98e3-c02c475d36d1.png,PRS,Paris Basketball,Paris,Paris,PBB,FALSE,https://media-cdn.incrowdsports.com/a033e5b3-0de7-48a3-98d9-d9a4b9df1f39.png,EuroLeague 2026-27,E2026,2026-27,E,2026,2026-07-01T00:00:00
009849,"DORSEY, TYLER",Tyler Dorsey,"DORSEY, TYLER","DORSEY, TYLER",TYLER QUINCY,DORSEY,DORSEY,"Dorsey, T.",GRE,Greece,196,83,1996-02-18T00:00:00,USA,United States of America,tdorsey_1,tylerdorsey5/,,FALSE,NA,NA,J,Player,TRUE,2026-08-12T08:03:28.09,2027-06-30T00:00:00,0,22,22,1,Guard,OLYMPIACOS,54861,https://media-cdn.cortextech.io/1dU3kpCqReRp93/1BSdBWIjCjnONx/c91b4e96-3343-4333-bf46-498697194c2f.png,https://media-cdn.cortextech.io/1dU3kpCqReRp93/1BSdBWIjCjnONx/c91b4e96-3343-4333-bf46-498697194c2f.png,OLY,Olympiacos Piraeus,Olympiacos,Olympiacos,OLY,FALSE,https://media-cdn.incrowdsports.com/789423ac-3cdf-4b89-b11c-b458aa5f59a6.png,EuroLeague 2026-27,E2026,2026-27,E,2026,2026-07-01T00:00:00
007483,"DOSSOU-YOVO, MATHIS",Mathis Dossou-Yovo,"DOSSOU-YOVO, MATHIS","DOSSOU-YOVO, MATHIS",MATHIS,DOSSOU-YOVO,DOSSOU-YOVO,"Dossou-Yovo, M.",FRA,France,206,110,2000-11-06T00:00:00,FRA,France,,,,FALSE,NA,NA,J,Player,TRUE,2026-09-21T07:50:16.56,2027-06-30T00:00:00,0,12,12,3,Center,NANTERRE,56883,https://media-cdn.cortextech.io/1dU3kpCqReRp93/1BSdBWIjCjnOS3/9aeb9dc2-4447-484d-984d-c7a5e71c1f52.png,https://media-cdn.cortextech.io/1dU3kpCqReRp93/1BSdBWIjCjnOS3/9aeb9dc2-4447-484d-984d-c7a5e71c1f52.png,ASV,LDLC ASVEL Villeurbanne,LDLC ASVEL,ASVEL,ASV,FALSE,https://media-cdn.incrowdsports.com/e33c6d1a-95ca-4dbc-b8cb-0201812104cc.png,EuroLeague 2026-27,E2026,2026-27,E,2026,2026-07-01T00:00:00
013285,"DOTSON, DEVON",Devon Dotson,"DOTSON, DEVON DURRELL","DOTSON, DEVON DURRELL",DEVON DURRELL,DOTSON,DOTSON,,USA,United States of America,188,90,1999-08-02T00:00:00,USA,United States of America,,,,FALSE,NA,NA,J,Player,TRUE,2026-09-07T10:46:44.682,2027-06-30T00:00:00,0,1,1,1,Guard,BESIKTAS ISTANBUL,55825,https://media-cdn.cortextech.io/1dU3kpCqReRp93/1BSdBWIjCjnONy/72093b12-8294-4e00-9a8a-aec2692d2c9b.png,https://media-cdn.cortextech.io/1dU3kpCqReRp93/1BSdBWIjCjnONy/72093b12-8294-4e00-9a8a-aec2692d2c9b.png,BES,Besiktas Istanbul,Besiktas,Besiktas,BJK,FALSE,https://media-cdn.cortextech.io/1dU3kpCqReRp93/1BSdBWIjChWbHH/b05e3c54-e672-4b31-9f86-c91e9de7715c.png,EuroLeague 2026-27,E2026,2026-27,E,2026,2026-07-01T00:00:00
012742,"DOZIER, PJ",Pj Dozier,"DOZIER JR, PERRY","DOZIER JR, PERRY",PERRY LINNARD,DOZIER JR,DOZIER,,USA,United States of America,198,95,1996-10-25T00:00:00,USA,United States of America,,,,FALSE,NA,NA,J,Player,TRUE,2026-08-12T07:32:09.643,2027-06-30T00:00:00,0,15,15,1,Guard,ANADOLU EFES ISTANBUL,54748,https://media-cdn.cortextech.io/1dU3kpCqReRp93/1BSdBWIjCjnONz/92da8264-e1f6-434c-9923-a86d51b3affd.png,https://media-cdn.cortextech.io/1dU3kpCqReRp93/1BSdBWIjCjnONz/92da8264-e1f6-434c-9923-a86d51b3affd.png,IST,Anadolu Efes Istanbul,Anadolu Efes,Efes,EFS,FALSE,https://media-cdn.cortextech.io/1dU3kpCqReRp93/1BSdBWIjCgOCxM/a844756c-a58d-4666-93b8-48f7337bc79d.png,EuroLeague 2026-27,E2026,2026-27,E,2026,2026-07-01T00:00:00
014735,"DUARTE, CHRIS",Chris Duarte,"THEORET DUARTE, CHRISTOPHER","THEORET DUARTE, CHRISTOPHER",CHRISTOPHER,THEORET DUARTE,DUARTE,NA,DOM,Dominican Republic,196,86,1997-06-13T00:00:00,DOM,Dominican Republic,,,,FALSE,NA,NA,J,Player,TRUE,2026-09-04T10:06:51.308,2027-06-30T00:00:00,0,5,5,2,Forward,UNICAJA MALAGA,55694,https://media-cdn.cortextech.io/1dU3kpCqReRp93/1BSdBWIjCjnONy/c7dd4e15-a679-4f8e-8891-168c6aef086f.png,https://media-cdn.cortextech.io/1dU3kpCqReRp93/1BSdBWIjCjnONy/c7dd4e15-a679-4f8e-8891-168c6aef086f.png,BAS,Kosner Baskonia Vitoria-Gasteiz,Baskonia,Baskonia,KBA,FALSE,https://media-cdn.cortextech.io/cbc49cb0-99ce-4462-bdb7-56983ee03cf4.png,EuroLeague 2026-27,E2026,2026-27,E,2026,2026-07-01T00:00:00
006020,"EBO, AMIT",Amit Ebo,Ebo,Ebo,AMIT,EBO,EBO,"Ebo, A.",ISR,Israel,180,90,1999-10-06T00:00:00,ISR,Israel,,,,FALSE,NA,NA,J,Player,TRUE,2026-08-12T08:00:44.071,2027-06-30T00:00:00,0,3,3,1,Guard,MACCABI TEL AVIV,54846,https://media-cdn.cortextech.io/1dU3kpCqReRp93/1BSdBWIjCjnOS3/75c89b2d-83f3-49b3-a390-c54c82bafa4e.png,https://media-cdn.cortextech.io/1dU3kpCqReRp93/1BSdBWIjCjnOS3/75c89b2d-83f3-49b3-a390-c54c82bafa4e.png,TEL,Maccabi Rapyd Tel Aviv,Maccabi,Maccabi,MTA,FALSE,https://media-cdn.cortextech.io/1b533342-78f5-4932-b714-a7d80b5826b5.png,EuroLeague 2026-27,E2026,2026-27,E,2026,2026-07-01T00:00:00
011987,"EDWARDS, CARSEN",Carsen Edwards,"EDWARDS, CARSEN","EDWARDS, CARSEN",CARSEN CADE,EDWARDS,EDWARDS,,USA,United States of America,180,95,1998-03-12T00:00:00,USA,United States of America,,,,FALSE,NA,NA,J,Player,TRUE,2026-09-04T11:42:51.052,2027-06-30T00:00:00,0,3,3,1,Guard,VIRTUS BOLOGNA,55698,https://media-cdn.cortextech.io/1dU3kpCqReRp93/1BSdBWIjCjnONz/bbb31a52-7c6a-4536-9039-9899b5c0f4f8.png,https://media-cdn.cortextech.io/1dU3kpCqReRp93/1BSdBWIjCjnONz/bbb31a52-7c6a-4536-9039-9899b5c0f4f8.png,ZAL,Zalgiris Kaunas,Zalgiris,Zalgiris,ZAL,FALSE,https://media-cdn.incrowdsports.com/0aa09358-3847-4c4e-b228-3582ee4e536d.png,EuroLeague 2026-27,E2026,2026-27,E,2026,2026-07-01T00:00:00
014416,"EDWARDS, KESSLER",Kessler Edwards,"EDWARDS, KESSLER","EDWARDS, KESSLER",KESSLER DONOVAN,EDWARDS,EDWARDS,NA,USA,United States of America,204,105,2000-08-09T00:00:00,USA,United States of America,,,,FALSE,NA,NA,J,Player,TRUE,2026-09-04T12:06:09.638,2027-06-30T00:00:00,0,9,9,2,Forward,HAPOEL TEL AVIV,55704,https://media-cdn.cortextech.io/1dU3kpCqReRp93/1BSdBWIjCjnONz/2a8752bb-1e79-44fb-9f45-1f0ebcfb7465.png,https://media-cdn.cortextech.io/1dU3kpCqReRp93/1BSdBWIjCjnONz/2a8752bb-1e79-44fb-9f45-1f0ebcfb7465.png,VIR,Virtus Bologna,Virtus Bologna,Virtus,VIR,FALSE,https://media-cdn.cortextech.io/1dU3kpCqReRp93/1BSdBWIjCiezvk/a92d4c3b-9f9c-4163-8a10-bcf8fc15893e.png,EuroLeague 2026-27,E2026,2026-27,E,2026,2026-07-01T00:00:00
015143,"ETIENNE, TYSON",Tyson Etienne,"ETIENNE, TYSON","ETIENNE, TYSON",TYSON,ETIENNE,ETIENNE,NA,USA,United States of America,184,80,1999-09-17T00:00:00,USA,United States of America,,,,FALSE,NA,NA,J,Player,TRUE,2026-09-17T08:35:44.481,2027-06-30T00:00:00,0,9,9,1,Guard,LONG ISLAND NETS,56757,https://media-cdn.cortextech.io/1dU3kpCqReRp93/1BSdBWIjCjnONz/6ac06b8d-b588-4bcd-8bbe-8b06198c7ff5.png,https://media-cdn.cortextech.io/1dU3kpCqReRp93/1BSdBWIjCjnONz/6ac06b8d-b588-4bcd-8bbe-8b06198c7ff5.png,PRS,Paris Basketball,Paris,Paris,PBB,FALSE,https://media-cdn.incrowdsports.com/a033e5b3-0de7-48a3-98d9-d9a4b9df1f39.png,EuroLeague 2026-27,E2026,2026-27,E,2026,2026-07-01T00:00:00
015141,"EVBUOMWAN, TOSAN",Tosan Evbuomwan,"EVBUOMWAN, TOSAN","EVBUOMWAN, TOSAN",TORISESAN NATHAN,EVBUOMWAN,EVBUOMWAN,NA,UK ,United Kingdom,203,98,2001-02-16T00:00:00,UK ,United Kingdom,,,,FALSE,NA,NA,J,Player,TRUE,2026-09-17T07:30:11.865,2027-06-30T00:00:00,0,20,20,2,Forward,CHARLOTTE HORNETS,56752,https://media-cdn.cortextech.io/1dU3kpCqReRp93/1BSdBWIjCjnONz/8d22e288-3f00-4049-8936-a088df36874b.png,https://media-cdn.cortextech.io/1dU3kpCqReRp93/1BSdBWIjCjnONz/8d22e288-3f00-4049-8936-a088df36874b.png,BAR,FC Barcelona,FC Barcelona,Barca,BAR,FALSE,https://media-cdn.incrowdsports.com/35dfa503-e417-481f-963a-bdf6f013763e.png,EuroLeague 2026-27,E2026,2026-27,E,2026,2026-07-01T00:00:00
008811,"FALL, MOUSTAPHA",Moustapha Fall,"FALL, MOUSTAPHA","FALL, MOUSTAPHA",MOUSTAPHA FALOU,FALL,FALL,"Fall, M.",FRA,France,218,127,1992-02-23T00:00:00,FRA,France,moustaphafall15,moustaphafall10/,,FALSE,NA,NA,J,Player,TRUE,2026-09-09T15:37:19.882,2027-06-30T00:00:00,0,93,93,3,Center,OLYMPIACOS PIRAEUS,56356,https://media-cdn.cortextech.io/1dU3kpCqReRp93/1BSdBWIjCjnOS1/d325f7f1-d6d8-4766-be1a-451470515697.png,https://media-cdn.cortextech.io/1dU3kpCqReRp93/1BSdBWIjCjnOS1/d325f7f1-d6d8-4766-be1a-451470515697.png,PAN,Panathinaikos AKTOR Athens,Panathinaikos,Panathinaikos,PAO,FALSE,https://media-cdn.incrowdsports.com/e3dff28a-9ec6-4faf-9d96-ecbc68f75780.png,EuroLeague 2026-27,E2026,2026-27,E,2026,2026-07-01T00:00:00
011284,"FARIED, KENNETH",Kenneth Faried,"FARIED, KENNETH","FARIED, KENNETH",KENNETH BERNARD,FARIED-LEWIS II,FARIED,"Faried, K.",USA,United States of America,203,103,1989-11-19T00:00:00,USA,United States of America,,,,FALSE,NA,NA,J,Player,TRUE,2026-09-07T11:31:35.754,2027-06-30T00:00:00,0,35,35,3,Center,CANGREJEROS DE SANTURCE,55844,https://media-cdn.cortextech.io/1dU3kpCqReRp93/1BSdBWIjCjnONy/b0840890-3358-47e0-9672-0ef3c5172b90.png,https://media-cdn.cortextech.io/1dU3kpCqReRp93/1BSdBWIjCjnONy/b0840890-3358-47e0-9672-0ef3c5172b90.png,BAS,Kosner Baskonia Vitoria-Gasteiz,Baskonia,Baskonia,KBA,FALSE,https://media-cdn.cortextech.io/cbc49cb0-99ce-4462-bdb7-56983ee03cf4.png,EuroLeague 2026-27,E2026,2026-27,E,2026,2026-07-01T00:00:00
012403,"FAYE, MOUHAMED",Mouhamed Faye,"FAYE, MOUHAMED","FAYE, MOUHAMED",MOUHAMED,FAYE,FAYE,NA,SEN,Senegal,209,98,2005-02-05T00:00:00,SEN,Senegal,,,,FALSE,NA,NA,J,Player,TRUE,2026-08-12T08:09:57.485,2027-06-30T00:00:00,0,15,15,3,Center,PARIS BASKETBALL,54887,https://media-cdn.cortextech.io/1dU3kpCqReRp93/1BSdBWIjCjnONz/2a94cfc5-db7e-4018-9c6f-b9ee436dd7b4.png,https://media-cdn.cortextech.io/1dU3kpCqReRp93/1BSdBWIjCjnONz/2a94cfc5-db7e-4018-9c6f-b9ee436dd7b4.png,PRS,Paris Basketball,Paris,Paris,PBB,FALSE,https://media-cdn.incrowdsports.com/a033e5b3-0de7-48a3-98d9-d9a4b9df1f39.png,EuroLeague 2026-27,E2026,2026-27,E,2026,2026-07-01T00:00:00
011247,"FELIZ, ANDRES",Andres Feliz,"FELIZ, ANDRES","FELIZ, ANDRES",ANDRES RAFAEL,FELIZ SARITA,FELIZ,"Feliz, A.",ESP,Spain,186,94,1997-07-15T00:00:00,DOM,Dominican Republic,verdadero_andre,,,FALSE,NA,NA,J,Player,TRUE,2026-08-12T08:18:28.693,2027-06-30T00:00:00,0,24,24,1,Guard,REAL MADRID,54912,https://media-cdn.cortextech.io/1dU3kpCqReRp93/1BSdBWIjCjnONx/875e6ce3-eb97-4f5e-8700-5913ccf4d1b4.png,https://media-cdn.cortextech.io/1dU3kpCqReRp93/1BSdBWIjCjnONx/875e6ce3-eb97-4f5e-8700-5913ccf4d1b4.png,MAD,Real Madrid,Real Madrid,Real,RMB,FALSE,https://media-cdn.incrowdsports.com/371b0d9b-9250-4c09-bda7-0686cf024657.png,EuroLeague 2026-27,E2026,2026-27,E,2026,2026-07-01T00:00:00
013667,"FERNANDO, BRUNO",Bruno Fernando,"FERNANDO, BRUNO","FERNANDO, BRUNO",BRUNO AFONSO DAVID,FERNANDO,FERNANDO,,ANG,Angola,208,106,1998-08-15T00:00:00,ANG,Angola,,,,FALSE,NA,NA,J,Player,TRUE,2026-09-07T10:33:06.705,2027-06-30T00:00:00,0,20,20,3,Center,KK PARTIZAN MOZZART BET BEOGRAD,55787,https://media-cdn.cortextech.io/1dU3kpCqReRp93/1BSdBWIjCjnONz/fc41fa87-3375-43b6-9a1d-f3778bc9f371.png,https://media-cdn.cortextech.io/1dU3kpCqReRp93/1BSdBWIjCjnONz/fc41fa87-3375-43b6-9a1d-f3778bc9f371.png,IST,Anadolu Efes Istanbul,Anadolu Efes,Efes,EFS,FALSE,https://media-cdn.cortextech.io/1dU3kpCqReRp93/1BSdBWIjCgOCxM/a844756c-a58d-4666-93b8-48f7337bc79d.png,EuroLeague 2026-27,E2026,2026-27,E,2026,2026-07-01T00:00:00
014219,"FERRARI, FRANCESCO",Francesco Ferrari,"FERRARI, FRANCESCO","FERRARI, FRANCESCO",FRANCESCO,FERRARI,FERRARI,NA,ITA,Italy,204,95,2005-08-18T00:00:00,ITA,Italy,,,,FALSE,NA,NA,J,Player,TRUE,2026-08-12T08:22:15.04,2027-06-30T00:00:00,0,24,24,2,Forward,VIRTUS BOLOGNA,54929,https://media-cdn.cortextech.io/1dU3kpCqReRp93/1BSdBWIjCjnONz/2c8a51e8-7003-4d2f-909f-208cb763fd00.png,https://media-cdn.cortextech.io/1dU3kpCqReRp93/1BSdBWIjCjnONz/2c8a51e8-7003-4d2f-909f-208cb763fd00.png,VIR,Virtus Bologna,Virtus Bologna,Virtus,VIR,FALSE,https://media-cdn.cortextech.io/1dU3kpCqReRp93/1BSdBWIjCiezvk/a92d4c3b-9f9c-4163-8a10-bcf8fc15893e.png,EuroLeague 2026-27,E2026,2026-27,E,2026,2026-07-01T00:00:00
013579,"FISCHER, KILIAN",Kilian Fischer,"FISCHER, KILIAN","FISCHER, KILIAN",KILIAN MAURICE,FISCHER,Fischer,NA,GER,Germany,205,96,2007-02-08T00:00:00,GER,Germany,,,,FALSE,NA,NA,J,Player,TRUE,2026-09-04T08:40:47.32,2027-06-30T00:00:00,0,17,17,3,Center,FC BAYERN MUNICH,55680,NA,NA,MUN,FC Bayern Munich,Bayern Munich,Bayern,BAY,FALSE,https://media-cdn.incrowdsports.com/817b0e58-d595-4b09-ab0b-1e7cc26249ff.png,EuroLeague 2026-27,E2026,2026-27,E,2026,2026-07-01T00:00:00
005670,"FLACCADORI, DIEGO",Diego Flaccadori,Flaccadori,Flaccadori,DIEGO,FLACCADORI,FLACCADORI,"Flaccadori, D.",ITA,Italy,193,80,1996-04-05T00:00:00,ITA,Italy,flacks12,flacca12,DiegoFlaccadori12,FALSE,NA,NA,J,Player,TRUE,2026-08-12T07:35:05.803,2027-06-30T00:00:00,0,21,21,1,Guard,EA7 EMPORIO ARMANI MILAN,54758,https://media-cdn.cortextech.io/1dU3kpCqReRp93/1BSdBWIjCjnONy/455cdd44-0e90-4237-8ed5-4a439089a24f.png,https://media-cdn.cortextech.io/1dU3kpCqReRp93/1BSdBWIjCjnONy/455cdd44-0e90-4237-8ed5-4a439089a24f.png,MIL,Armani Olimpia Milan,Milan,Milan,MIL,FALSE,https://media-cdn.cortextech.io/1dU3kpCqReRp93/1BSdBWIjChWbHH/5c2f0ab6-f86a-4df0-b2f3-f9ab92f7267b.png,EuroLeague 2026-27,E2026,2026-27,E,2026,2026-07-01T00:00:00
015161,"FODZO DADA, MARC-OWEN",Marc-Owen Fodzo Dada,"FODZO DADA, MARC-OWEN","FODZO DADA, MARC-OWEN",MARC-OWEN,FODZO DADA,FODZO DADA,NA,FRA,France,187,85,2006-11-11T00:00:00,FRA,France,,,,FALSE,NA,NA,J,Player,TRUE,2026-09-21T07:50:14.785,2027-06-30T00:00:00,0,1,1,1,Guard,NANCY,56879,https://media-cdn.cortextech.io/1dU3kpCqReRp93/1BSdBWIjCjnOS3/d613be61-305f-4b48-9c51-5fc31e1011d6.png,https://media-cdn.cortextech.io/1dU3kpCqReRp93/1BSdBWIjCjnOS3/d613be61-305f-4b48-9c51-5fc31e1011d6.png,ASV,LDLC ASVEL Villeurbanne,LDLC ASVEL,ASVEL,ASV,FALSE,https://media-cdn.incrowdsports.com/e33c6d1a-95ca-4dbc-b8cb-0201812104cc.png,EuroLeague 2026-27,E2026,2026-27,E,2026,2026-07-01T00:00:00
013367,"FORREST, TRENT",Trent Forrest,"FORREST, LANDON TRENT","FORREST, LANDON TRENT",LANDON TRENT,FORREST,FORREST,,USA,United States of America,193,95,1998-06-12T00:00:00,USA,United States of America,,,,FALSE,NA,NA,J,Player,TRUE,2026-09-04T09:12:10.642,2027-06-30T00:00:00,0,11,11,1,Guard,KOSNER BASKONIA VITORIA-GASTEIZ,55687,https://media-cdn.cortextech.io/1dU3kpCqReRp93/1BSdBWIjCjnONx/09ca03e5-06f4-4d5d-acad-20fe31330c78.png,https://media-cdn.cortextech.io/1dU3kpCqReRp93/1BSdBWIjCjnONx/09ca03e5-06f4-4d5d-acad-20fe31330c78.png,ULK,Fenerbahce Tarfin Istanbul,Fenerbahce,Fenerbahce,FBT,FALSE,https://media-cdn.cortextech.io/1dU3kpCqReRp93/1BSdBWIjCiezrk/aa39750a-6203-49ee-a87d-edd0c6f0397d.png,EuroLeague 2026-27,E2026,2026-27,E,2026,2026-07-01T00:00:00
013380,"FOURNIER, EVAN",Evan Fournier,"FOURNIER, EVAN","FOURNIER, EVAN","EVAN , MEHDI",FOURNIER,FOURNIER,,FRA,France,200,92,1992-10-29T00:00:00,FRA,France,,,,FALSE,NA,NA,J,Player,TRUE,2026-08-28T13:38:50.772,2027-06-30T00:00:00,0,94,94,2,Forward,OLYMPIACOS,55216,https://media-cdn.cortextech.io/1dU3kpCqReRp93/1BSdBWIjCjnONx/eff31705-1ec2-40d5-aaf6-3c83f603b456.png,https://media-cdn.cortextech.io/1dU3kpCqReRp93/1BSdBWIjCjnONx/eff31705-1ec2-40d5-aaf6-3c83f603b456.png,OLY,Olympiacos Piraeus,Olympiacos,Olympiacos,OLY,FALSE,https://media-cdn.incrowdsports.com/789423ac-3cdf-4b89-b11c-b458aa5f59a6.png,EuroLeague 2026-27,E2026,2026-27,E,2026,2026-07-01T00:00:00
007975,"FRANCISCO, SYLVAIN",Sylvain Francisco,"FRANCISCO, SYLVAIN","FRANCISCO, SYLVAIN",SYLVAIN,FRANCISCO,FRANCISCO,"Francisco, S.",FRA,France,185,79,1997-10-10T00:00:00,FRA,France,,,,FALSE,NA,NA,J,Player,TRUE,2026-09-09T15:37:19.322,2027-06-30T00:00:00,0,3,3,1,Guard,ZALGIRIS KAUNAS,56354,https://media-cdn.cortextech.io/1dU3kpCqReRp93/1BSdBWIjCjnOS1/e5467e2c-9009-4189-8e8b-35d8347f5b54.png,https://media-cdn.cortextech.io/1dU3kpCqReRp93/1BSdBWIjCjnOS1/e5467e2c-9009-4189-8e8b-35d8347f5b54.png,PAN,Panathinaikos AKTOR Athens,Panathinaikos,Panathinaikos,PAO,FALSE,https://media-cdn.incrowdsports.com/e3dff28a-9ec6-4faf-9d96-ecbc68f75780.png,EuroLeague 2026-27,E2026,2026-27,E,2026,2026-07-01T00:00:00
015029,"FRAZIER, TRENT",Trent Frazier,"FRAZIER, TRENT","FRAZIER, TRENT",TRENTON JAMAR,FRAZIER,FRAZIER,NA,USA,United States of America,188,85,1998-09-08T00:00:00,USA,United States of America,,,,FALSE,NA,NA,J,Player,TRUE,2026-09-09T15:42:10.418,2027-06-30T00:00:00,0,1,1,1,Guard,ZENIT ST. PETERSBURG,56363,https://media-cdn.cortextech.io/1dU3kpCqReRp93/1BSdBWIjCjnONz/b8414f77-acc5-4101-bec2-522b8eca7002.png,https://media-cdn.cortextech.io/1dU3kpCqReRp93/1BSdBWIjCjnONz/b8414f77-acc5-4101-bec2-522b8eca7002.png,VIR,Virtus Bologna,Virtus Bologna,Virtus,VIR,FALSE,https://media-cdn.cortextech.io/1dU3kpCqReRp93/1BSdBWIjCiezvk/a92d4c3b-9f9c-4163-8a10-bcf8fc15893e.png,EuroLeague 2026-27,E2026,2026-27,E,2026,2026-07-01T00:00:00
014026,"FRISCH, CLEMENT",Clement Frisch,"FRISCH, CLEMENT","FRISCH, CLEMENT",CLEMENT,FRISCH,FRISCH,NA,FRA,France,201,100,2002-01-07T00:00:00,FRA,France,,,,FALSE,NA,NA,J,Player,TRUE,2026-08-12T07:56:52.407,2027-06-30T00:00:00,0,25,25,2,Forward,SASKI BASKONIA,54837,https://media-cdn.cortextech.io/1dU3kpCqReRp93/1BSdBWIjCjnONy/42d1c992-b912-4c98-be0e-eb95d712b204.png,https://media-cdn.cortextech.io/1dU3kpCqReRp93/1BSdBWIjCjnONy/42d1c992-b912-4c98-be0e-eb95d712b204.png,BAS,Kosner Baskonia Vitoria-Gasteiz,Baskonia,Baskonia,KBA,FALSE,https://media-cdn.cortextech.io/cbc49cb0-99ce-4462-bdb7-56983ee03cf4.png,EuroLeague 2026-27,E2026,2026-27,E,2026,2026-07-01T00:00:00
013383,"GABRIEL, WENYEN",Wenyen Gabriel,"GABRIEL, WENYEN","GABRIEL, WENYEN",WENYEN MAKUAC,GABRIEL,GABRIEL,,USA,United States of America,206,100,1997-03-26T00:00:00,SUD,Sudan,,,,FALSE,NA,NA,J,Player,TRUE,2026-09-09T14:09:06.518,2027-06-30T00:00:00,0,32,32,3,Center,FC BAYERN MUCHEN,56324,https://media-cdn.cortextech.io/1dU3kpCqReRp93/1BSdBWIjCjnONy/bffa3555-b896-4e50-83dd-8207c2c08445.png,https://media-cdn.cortextech.io/1dU3kpCqReRp93/1BSdBWIjCjnONy/bffa3555-b896-4e50-83dd-8207c2c08445.png,BES,Besiktas Istanbul,Besiktas,Besiktas,BJK,FALSE,https://media-cdn.cortextech.io/1dU3kpCqReRp93/1BSdBWIjChWbHH/b05e3c54-e672-4b31-9f86-c91e9de7715c.png,EuroLeague 2026-27,E2026,2026-27,E,2026,2026-07-01T00:00:00
013900,"GACH, BOTH",Both Gach,"GACH, BOTH","GACH, BOTH","BOTH, TUT",GACH,GACH,NA,SSD,South Sudan,200,90,1999-02-05T00:00:00,USA,United States of America,,,,FALSE,NA,NA,J,Player,TRUE,2026-09-21T07:50:17.002,2027-06-30T00:00:00,0,14,14,2,Forward,JL BOURG,56884,https://media-cdn.cortextech.io/1dU3kpCqReRp93/1BSdBWIjCjnOS3/baa64b06-2320-4ee7-8a5c-2eac569b87c1.png,https://media-cdn.cortextech.io/1dU3kpCqReRp93/1BSdBWIjCjnOS3/baa64b06-2320-4ee7-8a5c-2eac569b87c1.png,ASV,LDLC ASVEL Villeurbanne,LDLC ASVEL,ASVEL,ASV,FALSE,https://media-cdn.incrowdsports.com/e33c6d1a-95ca-4dbc-b8cb-0201812104cc.png,EuroLeague 2026-27,E2026,2026-27,E,2026,2026-07-01T00:00:00
007630,"GARUBA, USMAN",Usman Garuba,"GARUBA, USMAN","GARUBA, USMAN",USMAN,GARUBA ALARI,USMAN,"Garuba, U.",ESP,Spain,203,104,2002-03-09T00:00:00,ESP,Spain,,,,FALSE,NA,NA,J,Player,TRUE,2026-08-12T08:18:28.21,2027-06-30T00:00:00,0,16,16,3,Center,,54910,https://media-cdn.cortextech.io/1dU3kpCqReRp93/1BSdBWIjCjnONx/f368dd07-526a-4d53-ae68-98e67bf84ec6.png,https://media-cdn.cortextech.io/1dU3kpCqReRp93/1BSdBWIjCjnONx/f368dd07-526a-4d53-ae68-98e67bf84ec6.png,MAD,Real Madrid,Real Madrid,Real,RMB,FALSE,https://media-cdn.incrowdsports.com/371b0d9b-9250-4c09-bda7-0686cf024657.png,EuroLeague 2026-27,E2026,2026-27,E,2026,2026-07-01T00:00:00
015152,"GERMAN, EUGENE",Eugene German,"GERMAN, EUGENE","GERMAN, EUGENE",EUGENE ANTHONY,GERMAN,GERMAN,NA,USA,United States of America,182,84,1997-12-02T00:00:00,USA,United States of America,,,,FALSE,NA,NA,J,Player,TRUE,2026-09-17T10:18:02.362,2027-06-30T00:00:00,0,1,1,1,Guard,INDIOS DE MAYAGUEZ,56783,https://media-cdn.cortextech.io/1dU3kpCqReRp93/1BSdBWIjCjnOS3/8ff2e8e8-b816-4921-9b41-a26a73eb05eb.png,https://media-cdn.cortextech.io/1dU3kpCqReRp93/1BSdBWIjCjnOS3/8ff2e8e8-b816-4921-9b41-a26a73eb05eb.png,HTA,Hapoel IBI Tel Aviv,Hapoel TLV,Hapoel,HTA,FALSE,https://media-cdn.incrowdsports.com/cbb1c3ad-03d5-426a-b5ef-2832a4eee484.png,EuroLeague 2026-27,E2026,2026-27,E,2026,2026-07-01T00:00:00
013855,"GIBSON, UMOJA",Umoja Gibson,"GIBSON, UMOJA","GIBSON, UMOJA",UMOJA ADEYEMI,GIBSON,GIBSON,NA,USA,United States of America,185,77,1998-07-04T00:00:00,USA,United States of America,,,,FALSE,NA,NA,J,Player,TRUE,2026-09-17T07:30:09.851,2027-06-30T00:00:00,0,1,1,1,Guard,CEDEVITA OLIMPIJA,56746,https://media-cdn.cortextech.io/1dU3kpCqReRp93/1BSdBWIjCjnONz/953aae61-f795-4df6-b558-ea91b4f9d7e5.png,https://media-cdn.cortextech.io/1dU3kpCqReRp93/1BSdBWIjCjnONz/953aae61-f795-4df6-b558-ea91b4f9d7e5.png,BAR,FC Barcelona,FC Barcelona,Barca,BAR,FALSE,https://media-cdn.incrowdsports.com/35dfa503-e417-481f-963a-bdf6f013763e.png,EuroLeague 2026-27,E2026,2026-27,E,2026,2026-07-01T00:00:00
007513,"GIEDRAITIS, DOVYDAS",Dovydas Giedraitis,"GIEDRAITIS, DOVYDAS","GIEDRAITIS, DOVYDAS",DOVYDAS,GIEDRAITIS,GIEDRAITIS,"Giedraitis, D.",LTU,Lithuania,193,88,2000-08-17T00:00:00,LTU,Lithuania,Dovinsas,dovinsas,,FALSE,NA,NA,J,Player,TRUE,2026-08-12T08:26:00.946,2027-06-30T00:00:00,0,9,9,1,Guard,ZALGIRIS KAUNAS,54934,https://media-cdn.cortextech.io/1dU3kpCqReRp93/1BSdBWIjCjnONz/767fb622-9a2b-4fae-ad01-39b3c64f046b.png,https://media-cdn.cortextech.io/1dU3kpCqReRp93/1BSdBWIjCjnONz/767fb622-9a2b-4fae-ad01-39b3c64f046b.png,ZAL,Zalgiris Kaunas,Zalgiris,Zalgiris,ZAL,FALSE,https://media-cdn.incrowdsports.com/0aa09358-3847-4c4e-b228-3582ee4e536d.png,EuroLeague 2026-27,E2026,2026-27,E,2026,2026-07-01T00:00:00
001557,"GIFFEY, NIELS",Niels Giffey,Giffey,Giffey,NIELS,GIFFEY,Giffey,"Giffey, N.",GER,Germany,200,97,1991-06-08T00:00:00,GER,Germany,,niel5bln/,,FALSE,NA,NA,J,Player,TRUE,2026-08-12T07:46:59.44,2027-06-30T00:00:00,0,5,5,2,Forward,FC BAYERN MUNICH,54796,https://media-cdn.cortextech.io/1dU3kpCqReRp93/1BSdBWIjCjnONy/848ecece-6f58-4d77-be0a-494e195584bc.png,https://media-cdn.cortextech.io/1dU3kpCqReRp93/1BSdBWIjCjnONy/848ecece-6f58-4d77-be0a-494e195584bc.png,MUN,FC Bayern Munich,Bayern Munich,Bayern,BAY,FALSE,https://media-cdn.incrowdsports.com/817b0e58-d595-4b09-ab0b-1e7cc26249ff.png,EuroLeague 2026-27,E2026,2026-27,E,2026,2026-07-01T00:00:00
010550,"GINAT, TOMER",Tomer Ginat,"GINAT, TOMER","GINAT, TOMER",TOMER,GINAT,GINAT,"Ginat, T.",ISR,Israel,205,103,1994-11-07T00:00:00,ISR,Israel,TomerGinat,tomerginat,,FALSE,NA,NA,J,Player,TRUE,2026-08-12T07:53:42.415,2027-06-30T00:00:00,0,41,41,2,Forward,HAPOEL IBI TEL AVIV,54827,NA,NA,HTA,Hapoel IBI Tel Aviv,Hapoel TLV,Hapoel,HTA,FALSE,https://media-cdn.incrowdsports.com/cbb1c3ad-03d5-426a-b5ef-2832a4eee484.png,EuroLeague 2026-27,E2026,2026-27,E,2026,2026-07-01T00:00:00
011204,"GRANT, JERIAN",Jerian Grant,"GRANT, JERIAN","GRANT, JERIAN",HOLDYN JERIAN,GRANT,GRANT,"Grant, J.",USA,United States of America,196,91,1992-10-09T00:00:00,USA,United States of America,JerianGrant,jeriangrant/,,FALSE,NA,NA,J,Player,TRUE,2026-08-12T08:07:01.147,2027-06-30T00:00:00,0,22,22,1,Guard,PANATHINAIKOS BSA,54874,https://media-cdn.cortextech.io/1dU3kpCqReRp93/1BSdBWIjCjnOS1/4cc9a8ca-6edf-4914-a69e-78e845899b7c.png,https://media-cdn.cortextech.io/1dU3kpCqReRp93/1BSdBWIjCjnOS1/4cc9a8ca-6edf-4914-a69e-78e845899b7c.png,PAN,Panathinaikos AKTOR Athens,Panathinaikos,Panathinaikos,PAO,FALSE,https://media-cdn.incrowdsports.com/e3dff28a-9ec6-4faf-9d96-ecbc68f75780.png,EuroLeague 2026-27,E2026,2026-27,E,2026,2026-07-01T00:00:00
002328,"GRIGONIS, MARIUS",Marius Grigonis,Grigonis,Grigonis,MARIUS,GRIGONIS,GRIGONIS,"Grigonis, M.",LTU,Lithuania,198,93,1994-04-26T00:00:00,LTU,Lithuania,,grigulica/,,FALSE,https://media-cdn.incrowdsports.com/ef1ccd89-1bd0-4e98-9a2e-063cbb37966c.png,NA,J,Player,TRUE,2026-09-04T11:42:52.155,2027-06-30T00:00:00,0,40,40,1,Guard,PANATHINAIKOS ATHENS,55700,https://media-cdn.cortextech.io/1dU3kpCqReRp93/1BSdBWIjCjnONz/a937d295-3c94-4248-aa82-8a11f7caa809.png,https://media-cdn.cortextech.io/1dU3kpCqReRp93/1BSdBWIjCjnONz/a937d295-3c94-4248-aa82-8a11f7caa809.png,ZAL,Zalgiris Kaunas,Zalgiris,Zalgiris,ZAL,FALSE,https://media-cdn.incrowdsports.com/0aa09358-3847-4c4e-b228-3582ee4e536d.png,EuroLeague 2026-27,E2026,2026-27,E,2026,2026-07-01T00:00:00
004004,"GUDURIC, MARKO",Marko Guduric,Guduric,Guduric,MARKO,GUDURIC,GUDURIC,"Guduric, M.",SRB,Serbia,196,97,1995-03-08T00:00:00,SRB,Serbia,,guduric/,,FALSE,NA,NA,J,Player,TRUE,2026-08-12T07:35:06.068,2027-06-30T00:00:00,0,23,23,1,Guard,EA7 EMPORIO ARMANI MILAN,54759,https://media-cdn.cortextech.io/1dU3kpCqReRp93/1BSdBWIjCjnONy/afc60d0e-cb89-47a5-969c-95d4c14d883b.png,https://media-cdn.cortextech.io/1dU3kpCqReRp93/1BSdBWIjCjnONy/afc60d0e-cb89-47a5-969c-95d4c14d883b.png,MIL,Armani Olimpia Milan,Milan,Milan,MIL,FALSE,https://media-cdn.cortextech.io/1dU3kpCqReRp93/1BSdBWIjChWbHH/5c2f0ab6-f86a-4df0-b2f3-f9ab92f7267b.png,EuroLeague 2026-27,E2026,2026-27,E,2026,2026-07-01T00:00:00
014739,"GUEYE, MOUHAMADOU",Mouhamadou Gueye,"GUEYE, MOUHAMADOU","GUEYE, MOUHAMADOU",MOUHAMADOU,GUEYE,GUEYE,NA,SEN,Senegal,208,95,1998-07-06T00:00:00,USA,United States of America,,,,FALSE,NA,NA,J,Player,TRUE,2026-09-04T12:25:37.483,2027-06-30T00:00:00,0,16,16,2,Forward,CHARLOTTE HORNETS,55711,https://media-cdn.cortextech.io/1dU3kpCqReRp93/1BSdBWIjCjnONy/5b4a8076-00f0-482b-9ae1-9a4a8118507a.png,https://media-cdn.cortextech.io/1dU3kpCqReRp93/1BSdBWIjCjnONy/5b4a8076-00f0-482b-9ae1-9a4a8118507a.png,PAM,Valencia Basket,Valencia,Valencia,VBC,FALSE,https://media-cdn.cortextech.io/1dU3kpCqReRp93/1BSdBWIjChWbHL/bc3e00b2-fea4-40be-a7ec-1e633129bde3.png,EuroLeague 2026-27,E2026,2026-27,E,2026,2026-07-01T00:00:00
001844,"HACKETT, DANIEL",Daniel Hackett,Hackett,Hackett,DANIEL LORENZO,HACKETT,HACKETT,"Hackett, D.",ITA,Italy,196,97,1987-12-19T00:00:00,ITA,Italy,,lorenzo_0_daniele/,,FALSE,NA,NA,J,Player,TRUE,2026-09-07T12:09:53.188,2027-06-30T00:00:00,0,23,23,1,Guard,VIRTUS BOLOGNA,55861,https://media-cdn.cortextech.io/1dU3kpCqReRp93/1BSdBWIjCjnONz/f3a04739-9830-4126-8c40-d7ac9b7ef187.png,https://media-cdn.cortextech.io/1dU3kpCqReRp93/1BSdBWIjCjnONz/f3a04739-9830-4126-8c40-d7ac9b7ef187.png,VIR,Virtus Bologna,Virtus Bologna,Virtus,VIR,FALSE,https://media-cdn.cortextech.io/1dU3kpCqReRp93/1BSdBWIjCiezvk/a92d4c3b-9f9c-4163-8a10-bcf8fc15893e.png,EuroLeague 2026-27,E2026,2026-27,E,2026,2026-07-01T00:00:00
011205,"HALL, DEVON",Devon Hall,"HALL, DEVON","HALL, DEVON",DEVON HOWARD,HALL,Hall,"Hall, D.",USA,United States of America,196,96,1995-07-07T00:00:00,USA,United States of America,,d_hall3/,,FALSE,NA,NA,J,Player,TRUE,2026-09-02T13:04:25.244,2027-06-30T00:00:00,0,22,22,1,Guard,FENERBAHCE ISTANBUL,55640,https://media-cdn.cortextech.io/1dU3kpCqReRp93/1BSdBWIjCjnONy/f1f593da-33f7-4d2f-a4f7-7b8ec129e4ad.png,https://media-cdn.cortextech.io/1dU3kpCqReRp93/1BSdBWIjCjnONy/f1f593da-33f7-4d2f-a4f7-7b8ec129e4ad.png,MIL,Armani Olimpia Milan,Milan,Milan,MIL,FALSE,https://media-cdn.cortextech.io/1dU3kpCqReRp93/1BSdBWIjChWbHH/5c2f0ab6-f86a-4df0-b2f3-f9ab92f7267b.png,EuroLeague 2026-27,E2026,2026-27,E,2026,2026-07-01T00:00:00
011196,"HALL, DONTA",Donta Hall,"HALL, DONTA","HALL, DONTA",DONTA LAVELL,HALL,HALL,"Hall, D.",USA,United States of America,208,105,1997-08-07T00:00:00,USA,United States of America,_datboi05,dlhall_5,,FALSE,NA,NA,J,Player,TRUE,2026-08-12T08:03:29.12,2027-06-30T00:00:00,0,45,45,3,Center,OLYMPIACOS,54865,https://media-cdn.cortextech.io/1dU3kpCqReRp93/1BSdBWIjCjnONx/32f569ac-f713-4611-9550-2c6a8da3522f.png,https://media-cdn.cortextech.io/1dU3kpCqReRp93/1BSdBWIjCjnONx/32f569ac-f713-4611-9550-2c6a8da3522f.png,OLY,Olympiacos Piraeus,Olympiacos,Olympiacos,OLY,FALSE,https://media-cdn.incrowdsports.com/789423ac-3cdf-4b89-b11c-b458aa5f59a6.png,EuroLeague 2026-27,E2026,2026-27,E,2026,2026-07-01T00:00:00
010390,"HAYES, KEVARRIUS",Kevarrius Hayes,"HAYES, KEVARRIUS","HAYES, KEVARRIUS",KEVARRIUS KESHAWN,HAYES,HAYES,"Hayes, K.",USA,United States of America,206,103,1997-03-05T00:00:00,USA,United States of America,KevarriusHayes,khayes_13,,FALSE,NA,NA,J,Player,TRUE,2026-09-04T13:10:31.77,2027-06-30T00:00:00,0,13,13,3,Center,AS MONACO,55720,https://media-cdn.cortextech.io/1dU3kpCqReRp93/1BSdBWIjCjnONz/0cd451e5-94a5-46fd-9b80-cb636427977a.png,https://media-cdn.cortextech.io/1dU3kpCqReRp93/1BSdBWIjCjnONz/0cd451e5-94a5-46fd-9b80-cb636427977a.png,PAR,Partizan Mozzart Bet Belgrade,Partizan,Partizan,PAR,FALSE,https://media-cdn.incrowdsports.com/2681304e-77dd-4331-88b1-683078c0fb49.png,EuroLeague 2026-27,E2026,2026-27,E,2026,2026-07-01T00:00:00
008962,"HAYES-DAVIS, NIGEL",Nigel Hayes-Davis,"HAYES, NIGEL","HAYES, NIGEL",NIGEL ALEXANDER,HAYES-DAVIS,HAYES-DAVIS,"Hayes-Davis, N.",USA,United States of America,203,103,1994-12-16T00:00:00,USA,United States of America,,,,FALSE,NA,NA,J,Player,TRUE,2026-08-12T08:07:00.439,2027-06-30T00:00:00,0,11,11,2,Forward,PANATHINAIKOS BSA,54871,https://media-cdn.cortextech.io/1dU3kpCqReRp93/1BSdBWIjCjnOS1/fabe19c3-ca59-4574-9424-8298198960e6.png,https://media-cdn.cortextech.io/1dU3kpCqReRp93/1BSdBWIjCjnOS1/fabe19c3-ca59-4574-9424-8298198960e6.png,PAN,Panathinaikos AKTOR Athens,Panathinaikos,Panathinaikos,PAO,FALSE,https://media-cdn.incrowdsports.com/e3dff28a-9ec6-4faf-9d96-ecbc68f75780.png,EuroLeague 2026-27,E2026,2026-27,E,2026,2026-07-01T00:00:00
012712,"HERNANGOMEZ, JUANCHO",Juancho Hernangomez,"HERNANGOMEZ, JUANCHO","HERNANGOMEZ, JUANCHO",JUAN ALBERTO,HERNANGOMEZ GEUER,HERNANGOMEZ,,ESP,Spain,206,97,1995-09-28T00:00:00,ESP,Spain,,,,FALSE,NA,NA,J,Player,TRUE,2026-08-12T08:07:02.761,2027-06-30T00:00:00,0,41,41,2,Forward,PANATHINAIKOS BSA,54880,https://media-cdn.cortextech.io/1dU3kpCqReRp93/1BSdBWIjCjnONz/9eb6f2b2-d265-4965-88bb-8ce2269e00ff.png,https://media-cdn.cortextech.io/1dU3kpCqReRp93/1BSdBWIjCjnONz/9eb6f2b2-d265-4965-88bb-8ce2269e00ff.png,PAN,Panathinaikos AKTOR Athens,Panathinaikos,Panathinaikos,PAO,FALSE,https://media-cdn.incrowdsports.com/e3dff28a-9ec6-4faf-9d96-ecbc68f75780.png,EuroLeague 2026-27,E2026,2026-27,E,2026,2026-07-01T00:00:00
012611,"HERRERA, SEBASTIAN",Sebastian Herrera,"HERRERA, SEBASTIAN","HERRERA, SEBASTIAN",SEBASTIAN ESTEBAN,HERRERA KRATZBORN,HERRERA,,GER,Germany,193,92,1997-11-01T00:00:00,CHI,Chile,,,,FALSE,NA,NA,J,Player,TRUE,2026-08-12T08:09:56.646,2027-06-30T00:00:00,0,7,7,1,Guard,PARIS BASKETBALL,54883,NA,NA,PRS,Paris Basketball,Paris,Paris,PBB,FALSE,https://media-cdn.incrowdsports.com/a033e5b3-0de7-48a3-98d9-d9a4b9df1f39.png,EuroLeague 2026-27,E2026,2026-27,E,2026,2026-07-01T00:00:00
012640,"HIFI, NADIR",Nadir Hifi,"HIFI, NADIR","HIFI, NADIR",NADIR,HIFI,HIFI,,FRA,France,185,82,2002-07-16T00:00:00,FRA,France,,,,FALSE,NA,NA,J,Player,TRUE,2026-08-12T08:09:56.206,2027-06-30T00:00:00,0,2,2,1,Guard,PARIS BASKETBALL,54881,https://media-cdn.cortextech.io/1dU3kpCqReRp93/1BSdBWIjCjnONz/c4dc8064-fc52-451a-b27c-0aa9ec164948.png,https://media-cdn.cortextech.io/1dU3kpCqReRp93/1BSdBWIjCjnONz/c4dc8064-fc52-451a-b27c-0aa9ec164948.png,PRS,Paris Basketball,Paris,Paris,PBB,FALSE,https://media-cdn.incrowdsports.com/a033e5b3-0de7-48a3-98d9-d9a4b9df1f39.png,EuroLeague 2026-27,E2026,2026-27,E,2026,2026-07-01T00:00:00
006835,"HOARD, JAYLEN",Jaylen Hoard,Hoard,Hoard,JAYLEN TREMELL,HOARD,HOARD,"Hoard, J.",USA,United States of America,204,98,1999-03-30T00:00:00,FRA,France,,,,FALSE,NA,NA,J,Player,TRUE,2026-08-12T08:00:43.131,2027-06-30T00:00:00,0,1,1,2,Forward,MACCABI TEL AVIV,54842,https://media-cdn.cortextech.io/1dU3kpCqReRp93/1BSdBWIjCjnOS3/f984c4c4-4a29-4483-8f55-b6bb6bb0e2a0.png,https://media-cdn.cortextech.io/1dU3kpCqReRp93/1BSdBWIjCjnOS3/f984c4c4-4a29-4483-8f55-b6bb6bb0e2a0.png,TEL,Maccabi Rapyd Tel Aviv,Maccabi,Maccabi,MTA,FALSE,https://media-cdn.cortextech.io/1b533342-78f5-4932-b714-a7d80b5826b5.png,EuroLeague 2026-27,E2026,2026-27,E,2026,2026-07-01T00:00:00
009513,"HOLLATZ, JUSTUS",Justus Hollatz,"HOLLATZ, JUSTUS","HOLLATZ, JUSTUS",JUSTUS,HOLLATZ,Hollatz,"Hollatz, J.",GER,Germany,195,87,2001-04-21T00:00:00,GER,Germany,,hollatz21.4,,FALSE,NA,NA,J,Player,TRUE,2026-08-12T07:47:00.612,2027-06-30T00:00:00,0,21,21,1,Guard,FC BAYERN MUNICH,54801,https://media-cdn.cortextech.io/1dU3kpCqReRp93/1BSdBWIjCjnONy/d62edd43-6a87-4c93-91a1-341ce3a104c6.png,https://media-cdn.cortextech.io/1dU3kpCqReRp93/1BSdBWIjCjnONy/d62edd43-6a87-4c93-91a1-341ce3a104c6.png,MUN,FC Bayern Munich,Bayern Munich,Bayern,BAY,FALSE,https://media-cdn.incrowdsports.com/817b0e58-d595-4b09-ab0b-1e7cc26249ff.png,EuroLeague 2026-27,E2026,2026-27,E,2026,2026-07-01T00:00:00
011949,"HOMMES, DAULTON",Daulton Hommes,"HOMMES, DAULTON","HOMMES, DAULTON",DAULTON CRAIG,HOMMES,HOMMES,,USA,United States of America,203,98,1996-07-04T00:00:00,USA,United States of America,,,,FALSE,NA,NA,J,Player,TRUE,2026-09-07T12:00:29.281,2027-06-30T00:00:00,0,34,34,2,Forward,PARIS BASKETBALL,55856,https://media-cdn.cortextech.io/1dU3kpCqReRp93/1BSdBWIjCjnONz/7a9317da-cdf8-40cb-8098-e6d083d631ac.png,https://media-cdn.cortextech.io/1dU3kpCqReRp93/1BSdBWIjCjnONz/7a9317da-cdf8-40cb-8098-e6d083d631ac.png,PRS,Paris Basketball,Paris,Paris,PBB,FALSE,https://media-cdn.incrowdsports.com/a033e5b3-0de7-48a3-98d9-d9a4b9df1f39.png,EuroLeague 2026-27,E2026,2026-27,E,2026,2026-07-01T00:00:00
014124,"HORTON TUCKER, TALEN",Talen Horton Tucker,"HORTON TUCKER, TALEN","HORTON TUCKER, TALEN",TALEN JALEE,TUCKER,HORTON-TUCKER,NA,USA,United States of America,193,106,2000-11-25T00:00:00,USA,United States of America,,,,FALSE,NA,NA,J,Player,TRUE,2026-08-12T07:49:42.26,2027-06-30T00:00:00,0,8,8,1,Guard,FENERBAHCE ISTANBUL,54807,https://media-cdn.cortextech.io/1dU3kpCqReRp93/1BSdBWIjCjnONx/442032c1-9577-4b21-abe6-dc14c2f21b05.png,https://media-cdn.cortextech.io/1dU3kpCqReRp93/1BSdBWIjCjnONx/442032c1-9577-4b21-abe6-dc14c2f21b05.png,ULK,Fenerbahce Tarfin Istanbul,Fenerbahce,Fenerbahce,FBT,FALSE,https://media-cdn.cortextech.io/1dU3kpCqReRp93/1BSdBWIjCiezrk/aa39750a-6203-49ee-a87d-edd0c6f0397d.png,EuroLeague 2026-27,E2026,2026-27,E,2026,2026-07-01T00:00:00
011948,"HOWARD, MARKUS",Markus Howard,"HOWARD, MARKUS","HOWARD, MARKUS",MARKUS ANTHONY,HOWARD,HOWARD,,USA,United States of America,178,79,1999-03-03T00:00:00,USA,United States of America,,,,FALSE,NA,NA,J,Player,TRUE,2026-08-12T07:56:50.31,2027-06-30T00:00:00,0,0,0,1,Guard,SASKI BASKONIA,54828,https://media-cdn.cortextech.io/1dU3kpCqReRp93/1BSdBWIjCjnONy/50d10547-ade7-4abb-af2a-35ef3ceb0b01.png,https://media-cdn.cortextech.io/1dU3kpCqReRp93/1BSdBWIjCjnONy/50d10547-ade7-4abb-af2a-35ef3ceb0b01.png,BAS,Kosner Baskonia Vitoria-Gasteiz,Baskonia,Baskonia,KBA,FALSE,https://media-cdn.cortextech.io/cbc49cb0-99ce-4462-bdb7-56983ee03cf4.png,EuroLeague 2026-27,E2026,2026-27,E,2026,2026-07-01T00:00:00
014029,"IZUNDU, EBUKA",Ebuka Izundu,"EBUKA RUFUS, IZUNDU","EBUKA RUFUS, IZUNDU",EBUKA RUFUS,IZUNDU,Izundu,NA,SRB,Serbia,208,105,1996-06-28T00:00:00,NGR,Nigeria,,,,FALSE,NA,NA,J,Player,TRUE,2026-08-12T07:37:55.219,2027-06-30T00:00:00,0,15,15,3,Center,CRVENA ZVEZDA,54770,https://media-cdn.cortextech.io/1dU3kpCqReRp93/1BSdBWIjCjnONz/edc21d49-0112-45b4-b4ab-e5496c5c1600.png,https://media-cdn.cortextech.io/1dU3kpCqReRp93/1BSdBWIjCjnONz/edc21d49-0112-45b4-b4ab-e5496c5c1600.png,RED,Crvena Zvezda Meridianbet Belgrade,Crvena Zvezda,Crvena,CZV,FALSE,https://media-cdn.incrowdsports.com/d2eef4a8-62df-4fdd-9076-276004268515.png,EuroLeague 2026-27,E2026,2026-27,E,2026,2026-07-01T00:00:00
000229,"JACKSON, EDWIN",Edwin Jackson,Jackson,Jackson,EDWIN PIERRE,JACKSON,JACKSON,"Jackson, E.",FRA,France,190,92,1989-09-18T00:00:00,FRA,France,edjacks,edwinjackson11/,,FALSE,NA,NA,J,Player,TRUE,2026-09-21T07:50:16.297,2027-06-30T00:00:00,0,11,11,2,Forward,LDLC ASVEL,56882,https://media-cdn.cortextech.io/1dU3kpCqReRp93/1BSdBWIjCjnOS3/7e64fb9a-87d0-4545-97af-2159b010f0aa.png,https://media-cdn.cortextech.io/1dU3kpCqReRp93/1BSdBWIjCjnOS3/7e64fb9a-87d0-4545-97af-2159b010f0aa.png,ASV,LDLC ASVEL Villeurbanne,LDLC ASVEL,ASVEL,ASV,FALSE,https://media-cdn.incrowdsports.com/e33c6d1a-95ca-4dbc-b8cb-0201812104cc.png,EuroLeague 2026-27,E2026,2026-27,E,2026,2026-07-01T00:00:00
005985,"JAMES, MIKE",Mike James,James,James,MICHAEL PERRY,JAMES,JAMES,"James, M.",USA,United States of America,185,90,1990-08-18T00:00:00,USA,United States of America,TheNatural_05,mrnatural_05,,FALSE,NA,NA,J,Player,TRUE,2026-09-17T14:35:17.264,2027-06-30T00:00:00,0,55,55,1,Guard,AS MONACO BASKET,56804,https://media-cdn.cortextech.io/1dU3kpCqReRp93/1BSdBWIjCjnONz/286b3dbb-72aa-4f86-aa59-d254a86448c5.png,https://media-cdn.cortextech.io/1dU3kpCqReRp93/1BSdBWIjCjnONz/286b3dbb-72aa-4f86-aa59-d254a86448c5.png,IST,Anadolu Efes Istanbul,Anadolu Efes,Efes,EFS,FALSE,https://media-cdn.cortextech.io/1dU3kpCqReRp93/1BSdBWIjCgOCxM/a844756c-a58d-4666-93b8-48f7337bc79d.png,EuroLeague 2026-27,E2026,2026-27,E,2026,2026-07-01T00:00:00
012613,"JANTUNEN, MIKAEL",Mikael Jantunen,"JANTUNEN, MIKAEL","JANTUNEN, MIKAEL",MIKAEL OLLI AXEL,JANTUNEN,JANTUNEN,,FIN,Finland,205,104,2000-04-20T00:00:00,FIN,Finland,,,,FALSE,NA,NA,J,Player,TRUE,2026-09-12T10:24:53.225,2027-06-30T00:00:00,0,20,20,2,Forward,FENERBAHCE TARFIN ISTANBUL,56526,https://media-cdn.cortextech.io/1dU3kpCqReRp93/1BSdBWIjCjnONx/a7423af2-00f2-48ef-96fa-d3c6d4538905.png,https://media-cdn.cortextech.io/1dU3kpCqReRp93/1BSdBWIjCjnONx/a7423af2-00f2-48ef-96fa-d3c6d4538905.png,MAD,Real Madrid,Real Madrid,Real,RMB,FALSE,https://media-cdn.incrowdsports.com/371b0d9b-9250-4c09-bda7-0686cf024657.png,EuroLeague 2026-27,E2026,2026-27,E,2026,2026-07-01T00:00:00
014785,"JEFFRIES, DAQUAN",Daquan Jeffries,"JEFFRIES, DAQUAN","JEFFRIES, DAQUAN",DAQUAN MARQUEL,JEFFRIES,JEFFRIES,NA,USA,United States of America,196,99,1997-08-30T00:00:00,USA,United States of America,,,,FALSE,NA,NA,J,Player,TRUE,2026-09-07T10:46:45.005,2027-06-30T00:00:00,0,2,2,2,Forward,STOCKTON KINGS,55826,https://media-cdn.cortextech.io/1dU3kpCqReRp93/1BSdBWIjCjnONy/5ac70ca2-f381-409d-9e82-71b78112a0d2.png,https://media-cdn.cortextech.io/1dU3kpCqReRp93/1BSdBWIjCjnONy/5ac70ca2-f381-409d-9e82-71b78112a0d2.png,BES,Besiktas Istanbul,Besiktas,Besiktas,BJK,FALSE,https://media-cdn.cortextech.io/1dU3kpCqReRp93/1BSdBWIjChWbHH/b05e3c54-e672-4b31-9f86-c91e9de7715c.png,EuroLeague 2026-27,E2026,2026-27,E,2026,2026-07-01T00:00:00
009733,"JEKIRI, TONYE",Tonye Jekiri,"JEKIRI, TONYE","JEKIRI, TONYE",TONYE FRANK,JEKIRI,JEKIRI,"Jekiri, T.",NGR,Nigeria,213,111,1994-07-23T00:00:00,NGR,Nigeria,tonyejekiri,tonyejekiri/,,FALSE,NA,NA,J,Player,TRUE,2026-09-04T13:10:32.322,2027-06-30T00:00:00,0,23,23,3,Center,PARTIZAN MOZZART BET,55721,https://media-cdn.cortextech.io/1dU3kpCqReRp93/1BSdBWIjCjnONz/ab062502-8a00-4f63-9eab-e01819440e8b.png,https://media-cdn.cortextech.io/1dU3kpCqReRp93/1BSdBWIjCjnONz/ab062502-8a00-4f63-9eab-e01819440e8b.png,PAR,Partizan Mozzart Bet Belgrade,Partizan,Partizan,PAR,FALSE,https://media-cdn.incrowdsports.com/2681304e-77dd-4331-88b1-683078c0fb49.png,EuroLeague 2026-27,E2026,2026-27,E,2026,2026-07-01T00:00:00
010726,"JENSEN, TOBIAS",Tobias Jensen,"JENSEN, TOBIAS","JENSEN, TOBIAS",TOBIAS BRAHE,JENSEN,Jensen,"Jensen, T.",DEN,Denmark,197,81,2004-05-08T00:00:00,DEN,Denmark,,,,FALSE,NA,NA,J,Player,TRUE,2026-09-04T08:40:46.258,2027-06-30T00:00:00,0,8,8,1,Guard,RATIOPHARM ULM,55678,https://media-cdn.cortextech.io/1dU3kpCqReRp93/1BSdBWIjCjnONy/12c30d98-fd4e-4849-a6c5-425a19a3c546.png,https://media-cdn.cortextech.io/1dU3kpCqReRp93/1BSdBWIjCjnONy/12c30d98-fd4e-4849-a6c5-425a19a3c546.png,MUN,FC Bayern Munich,Bayern Munich,Bayern,BAY,FALSE,https://media-cdn.incrowdsports.com/817b0e58-d595-4b09-ab0b-1e7cc26249ff.png,EuroLeague 2026-27,E2026,2026-27,E,2026,2026-07-01T00:00:00
012158,"JERKIC, NIKO",Niko Jerkic,"JERKIC, NIKO","JERKIC, NIKO",NIKO,JERKIC,Jerkic,NA,GER,Germany,203,92,2007-09-13T00:00:00,GER,Germany,,,,FALSE,NA,NA,J,Player,TRUE,2026-09-04T08:40:48.128,2027-06-30T00:00:00,0,39,39,1,Guard,FC BAYERN MUNICH,55682,NA,NA,MUN,FC Bayern Munich,Bayern Munich,Bayern,BAY,FALSE,https://media-cdn.incrowdsports.com/817b0e58-d595-4b09-ab0b-1e7cc26249ff.png,EuroLeague 2026-27,E2026,2026-27,E,2026,2026-07-01T00:00:00
013290,"JESSUP, JUSTINIAN",Justinian Jessup,"JESSUP, JUSTINIAN","JESSUP, JUSTINIAN",JUSTINIAN LEWIS,JESSUP,Jessup,,USA,United States of America,198,97,1998-05-23T00:00:00,USA,United States of America,,,,FALSE,NA,NA,J,Player,TRUE,2026-08-12T07:46:59.893,2027-06-30T00:00:00,0,10,10,1,Guard,FC BAYERN MUNICH,54798,https://media-cdn.cortextech.io/1dU3kpCqReRp93/1BSdBWIjCjnONy/ca7c1847-03d2-4271-a334-84de89bcd58d.png,https://media-cdn.cortextech.io/1dU3kpCqReRp93/1BSdBWIjCjnONy/ca7c1847-03d2-4271-a334-84de89bcd58d.png,MUN,FC Bayern Munich,Bayern Munich,Bayern,BAY,FALSE,https://media-cdn.incrowdsports.com/817b0e58-d595-4b09-ab0b-1e7cc26249ff.png,EuroLeague 2026-27,E2026,2026-27,E,2026,2026-07-01T00:00:00
015160,"JOHNSON, ALIZE",Alize Johnson,"JOHNSON, ALIZE","JOHNSON, ALIZE",ALIZE,JOHNSON,JOHNSON,NA,USA,United States of America,206,92,1996-04-22T00:00:00,USA,United States of America,,,,FALSE,NA,NA,J,Player,TRUE,2026-09-17T15:58:18.519,2027-06-30T00:00:00,0,24,24,2,Forward,SHENZHEN AVIATORS,56871,https://media-cdn.cortextech.io/1dU3kpCqReRp93/1BSdBWIjCjnONz/57f5ff79-5f3f-422a-bc74-9f3eafe1a8a7.png,https://media-cdn.cortextech.io/1dU3kpCqReRp93/1BSdBWIjCjnONz/57f5ff79-5f3f-422a-bc74-9f3eafe1a8a7.png,PRS,Paris Basketball,Paris,Paris,PBB,FALSE,https://media-cdn.incrowdsports.com/a033e5b3-0de7-48a3-98d9-d9a4b9df1f39.png,EuroLeague 2026-27,E2026,2026-27,E,2026,2026-07-01T00:00:00
014107,"JOKSIMOVIC, STEFAN",Stefan Joksimovic,"JOKSIMOVIC, STEFAN","JOKSIMOVIC, STEFAN",STEFAN,JOKSIMOVIC,JOKSIMOVIC,NA,SLO,Slovenia,194,83,2008-11-16T00:00:00,SLO,Slovenia,,,,FALSE,NA,NA,J,Player,TRUE,2026-09-09T14:28:10.086,2027-06-30T00:00:00,0,6,6,2,Forward,SASKI BASKONIA,56327,https://media-cdn.cortextech.io/1dU3kpCqReRp93/1BSdBWIjCjnONy/0a550a35-2888-4a7a-8a0a-52ce8859b34b.png,https://media-cdn.cortextech.io/1dU3kpCqReRp93/1BSdBWIjCjnONy/0a550a35-2888-4a7a-8a0a-52ce8859b34b.png,BAS,Kosner Baskonia Vitoria-Gasteiz,Baskonia,Baskonia,KBA,FALSE,https://media-cdn.cortextech.io/cbc49cb0-99ce-4462-bdb7-56983ee03cf4.png,EuroLeague 2026-27,E2026,2026-27,E,2026,2026-07-01T00:00:00
007519,"JOKUBAITIS, ROKAS",Rokas Jokubaitis,"JOKUBAITIS, ROKAS","JOKUBAITIS, ROKAS",ROKAS,JOKUBAITIS,JOKUBAITIS,"Jokubaitis, R.",LTU,Lithuania,193,88,2000-11-19T00:00:00,LTU,Lithuania,,jokubaitis13/,,FALSE,NA,NA,J,Player,TRUE,2026-09-11T09:27:05.828,2027-06-30T00:00:00,0,31,31,1,Guard,MACCABI TEL AVIV,56515,https://media-cdn.cortextech.io/1dU3kpCqReRp93/1BSdBWIjCjnONy/03d55f7c-60e5-4129-9024-38b32702d9fa.png,https://media-cdn.cortextech.io/1dU3kpCqReRp93/1BSdBWIjCjnONy/03d55f7c-60e5-4129-9024-38b32702d9fa.png,MUN,FC Bayern Munich,Bayern Munich,Bayern,BAY,FALSE,https://media-cdn.incrowdsports.com/817b0e58-d595-4b09-ab0b-1e7cc26249ff.png,EuroLeague 2026-27,E2026,2026-27,E,2026,2026-07-01T00:00:00
013369,"JONES, CARLIK",Carlik Jones,"JONES, CARLIK","JONES, CARLIK",CARLIK ANTHONY,JONES,C JONES,,USA,United States of America,183,80,1997-12-23T00:00:00,USA,United States of America,,,,FALSE,NA,NA,J,Player,TRUE,2026-09-07T12:02:32.718,2027-06-30T00:00:00,0,1,1,1,Guard,PARTIZAN MOZZART BET,55858,https://media-cdn.cortextech.io/1dU3kpCqReRp93/1BSdBWIjCjnONz/18dc2e86-95e0-4c68-a949-f6897d477f8b.png,https://media-cdn.cortextech.io/1dU3kpCqReRp93/1BSdBWIjCjnONz/18dc2e86-95e0-4c68-a949-f6897d477f8b.png,PAR,Partizan Mozzart Bet Belgrade,Partizan,Partizan,PAR,FALSE,https://media-cdn.incrowdsports.com/2681304e-77dd-4331-88b1-683078c0fb49.png,EuroLeague 2026-27,E2026,2026-27,E,2026,2026-07-01T00:00:00
010568,"JONES, CHRIS",Chris Jones,"JONES, CHRIS","JONES, CHRIS",CHRISTOPHER JAMES,JONES JR,JONES,"Jones, C.",USA,United States of America,188,99,1993-04-10T00:00:00,USA,United States of America,,,,FALSE,NA,NA,J,Player,TRUE,2026-09-07T10:58:32.956,2027-06-30T00:00:00,0,1,1,1,Guard,HAPOEL TEL AVIV,55836,https://media-cdn.cortextech.io/1dU3kpCqReRp93/1BSdBWIjCjnONz/2c65eadb-a044-456e-ba03-db9c4790c25d.png,https://media-cdn.cortextech.io/1dU3kpCqReRp93/1BSdBWIjCjnONz/2c65eadb-a044-456e-ba03-db9c4790c25d.png,RED,Crvena Zvezda Meridianbet Belgrade,Crvena Zvezda,Crvena,CZV,FALSE,https://media-cdn.incrowdsports.com/d2eef4a8-62df-4fdd-9076-276004268515.png,EuroLeague 2026-27,E2026,2026-27,E,2026,2026-07-01T00:00:00
015103,"JONES, DAMIAN",Damian Jones,"JONES, DAMIAN","JONES, DAMIAN",DAMIAN WILLIAM,JONES,JONES,NA,USA,United States of America,210,109,1995-06-30T00:00:00,USA,United States of America,,,,FALSE,NA,NA,J,Player,TRUE,2026-09-12T10:24:53.947,2027-06-30T00:00:00,0,30,30,3,Center,VAQUEROS DE BAYAMON,56528,https://media-cdn.cortextech.io/1dU3kpCqReRp93/1BSdBWIjCjnONx/decefec7-7f25-40ea-bc54-574ea17bcbe0.png,https://media-cdn.cortextech.io/1dU3kpCqReRp93/1BSdBWIjCjnONx/decefec7-7f25-40ea-bc54-574ea17bcbe0.png,MAD,Real Madrid,Real Madrid,Real,RMB,FALSE,https://media-cdn.incrowdsports.com/371b0d9b-9250-4c09-bda7-0686cf024657.png,EuroLeague 2026-27,E2026,2026-27,E,2026,2026-07-01T00:00:00
014102,"JONES, KAI",Kai Jones,"JONES, KAI","JONES, KAI",KAI MARTINEZ,JONES,JONES,NA,BAH,Bahamas,211,105,2001-01-19T00:00:00,USA,United States of America,,,,FALSE,NA,NA,J,Player,TRUE,2026-09-21T07:37:46.521,2027-06-30T00:00:00,0,88,88,3,Center,ANADOLU EFES ISTANBUL,56877,https://media-cdn.cortextech.io/1dU3kpCqReRp93/1BSdBWIjCjnONz/f6863e93-e184-46e1-bae5-00166020bd7f.png,https://media-cdn.cortextech.io/1dU3kpCqReRp93/1BSdBWIjCjnONz/f6863e93-e184-46e1-bae5-00166020bd7f.png,IST,Anadolu Efes Istanbul,Anadolu Efes,Efes,EFS,FALSE,https://media-cdn.cortextech.io/1dU3kpCqReRp93/1BSdBWIjCgOCxM/a844756c-a58d-4666-93b8-48f7337bc79d.png,EuroLeague 2026-27,E2026,2026-27,E,2026,2026-07-01T00:00:00
011981,"JONES, TYRIQUE",Tyrique Jones,"JONES, TYRIQUE","JONES, TYRIQUE",TYRIQUE DANIEL,JONES,JONES,,USA,United States of America,206,108,1997-05-03T00:00:00,USA,United States of America,,,,FALSE,NA,NA,J,Player,TRUE,2026-08-12T08:03:29.375,2027-06-30T00:00:00,0,88,88,3,Center,OLYMPIACOS,54866,https://media-cdn.cortextech.io/1dU3kpCqReRp93/1BSdBWIjCjnONx/9ac987d0-0116-44c0-8a42-6d4cbe18ed01.png,https://media-cdn.cortextech.io/1dU3kpCqReRp93/1BSdBWIjCjnONx/9ac987d0-0116-44c0-8a42-6d4cbe18ed01.png,OLY,Olympiacos Piraeus,Olympiacos,Olympiacos,OLY,FALSE,https://media-cdn.incrowdsports.com/789423ac-3cdf-4b89-b11c-b458aa5f59a6.png,EuroLeague 2026-27,E2026,2026-27,E,2026,2026-07-01T00:00:00
014316,"JOSEPH, CORY",Cory Joseph,"JOSEPH, CORY EPHRAM","JOSEPH, CORY EPHRAM",CORY EPHRAM,JOSEPH,JOSEPH,NA,CAN,Canada,188,90,1991-08-20T00:00:00,CAN,Canada,,,,FALSE,NA,NA,J,Player,TRUE,2026-08-12T08:03:28.635,2027-06-30T00:00:00,0,34,34,1,Guard,OLYMPIACOS,54863,https://media-cdn.cortextech.io/1dU3kpCqReRp93/1BSdBWIjCjnONx/52eb1824-f9f5-4265-bb98-b2d7fa918c4f.png,https://media-cdn.cortextech.io/1dU3kpCqReRp93/1BSdBWIjCjnONx/52eb1824-f9f5-4265-bb98-b2d7fa918c4f.png,OLY,Olympiacos Piraeus,Olympiacos,Olympiacos,OLY,FALSE,https://media-cdn.incrowdsports.com/789423ac-3cdf-4b89-b11c-b458aa5f59a6.png,EuroLeague 2026-27,E2026,2026-27,E,2026,2026-07-01T00:00:00
014733,"JUZANG, JOHNNY",Johnny Juzang,"JUZANG, JOHNNY","JUZANG, JOHNNY",JONATHAN,JUZANG,JUZANG,NA,USA,United States of America,201,0,2001-03-17T00:00:00,USA,United States of America,,,,FALSE,NA,NA,J,Player,TRUE,2026-09-04T09:12:10.39,2027-06-30T00:00:00,0,9,9,2,Forward,ZENIT BC,55686,https://media-cdn.cortextech.io/1dU3kpCqReRp93/1BSdBWIjCjnONx/f5f7d6b8-b550-4be0-84aa-8fb064a9039b.png,https://media-cdn.cortextech.io/1dU3kpCqReRp93/1BSdBWIjCjnONx/f5f7d6b8-b550-4be0-84aa-8fb064a9039b.png,ULK,Fenerbahce Tarfin Istanbul,Fenerbahce,Fenerbahce,FBT,FALSE,https://media-cdn.cortextech.io/1dU3kpCqReRp93/1BSdBWIjCiezrk/aa39750a-6203-49ee-a87d-edd0c6f0397d.png,EuroLeague 2026-27,E2026,2026-27,E,2026,2026-07-01T00:00:00
012796,"KABENGELE, MFIONDU",Mfiondu Kabengele,"KABENGELE, MFIONDU","KABENGELE, MFIONDU",MFIONDU,TSHIMANGA KABENGELE,KABENGELE,,CAN,Canada,208,120,1997-08-14T00:00:00,CAN,Canada,,,,FALSE,NA,NA,J,Player,TRUE,2026-08-12T07:41:25.085,2027-06-30T00:00:00,0,17,17,3,Center,DUBAI BASKETBALL,54783,https://media-cdn.cortextech.io/1dU3kpCqReRp93/1BSdBWIjCjnONx/0bbbab43-98f1-4296-a58b-20f841bb5133.png,https://media-cdn.cortextech.io/1dU3kpCqReRp93/1BSdBWIjCjnONx/0bbbab43-98f1-4296-a58b-20f841bb5133.png,DUB,Dubai Basketball,Dubai,Dubai,DUB,FALSE,https://media-cdn.incrowdsports.com/1efae090-16e2-4963-ae47-4b94f249c244.png,EuroLeague 2026-27,E2026,2026-27,E,2026,2026-07-01T00:00:00
011209,"KALAITZAKIS, PANAGIOTIS",Panagiotis Kalaitzakis,"KALAITZAKIS, PANAGIOTIS","KALAITZAKIS, PANAGIOTIS",PANAGIOTIS,KALAITZAKIS,KALAITZAKIS P.,"Kalaitzakis, P.",GRE,Greece,200,92,1999-01-02T00:00:00,GRE,Greece,,panagiotis_kalaitzakis,,FALSE,https://media-cdn.incrowdsports.com/54a7a901-a7d0-4d29-8220-cc1ab9188273.png,NA,J,Player,TRUE,2026-08-12T08:06:59.728,2027-06-30T00:00:00,0,0,0,1,Guard,PANATHINAIKOS BSA,54868,https://media-cdn.cortextech.io/1dU3kpCqReRp93/1BSdBWIjCjnONz/d9142339-64d6-403e-a019-0b74bec5611e.png,https://media-cdn.cortextech.io/1dU3kpCqReRp93/1BSdBWIjCjnONz/d9142339-64d6-403e-a019-0b74bec5611e.png,PAN,Panathinaikos AKTOR Athens,Panathinaikos,Panathinaikos,PAO,FALSE,https://media-cdn.incrowdsports.com/e3dff28a-9ec6-4faf-9d96-ecbc68f75780.png,EuroLeague 2026-27,E2026,2026-27,E,2026,2026-07-01T00:00:00
015126,"KARAGIANNIDIS, ANTONIS",Antonis Karagiannidis,"KARAGIANNIDIS, ANTONIS","KARAGIANNIDIS, ANTONIS",ANTONIS,KARAGIANNIDIS,KARAGIANNIDIS,NA,GRE,Greece,206,95,2002-04-13T00:00:00,GRE,Greece,,,,FALSE,NA,NA,J,Player,TRUE,2026-09-15T06:53:00.244,2027-06-30T00:00:00,0,29,29,3,Center,--,56677,https://media-cdn.cortextech.io/1dU3kpCqReRp93/1BSdBWIjCjnONx/c7f1ce27-dd93-4e42-870e-005f5cb1bcb0.png,https://media-cdn.cortextech.io/1dU3kpCqReRp93/1BSdBWIjCjnONx/c7f1ce27-dd93-4e42-870e-005f5cb1bcb0.png,OLY,Olympiacos Piraeus,Olympiacos,Olympiacos,OLY,FALSE,https://media-cdn.incrowdsports.com/789423ac-3cdf-4b89-b11c-b458aa5f59a6.png,EuroLeague 2026-27,E2026,2026-27,E,2026,2026-07-01T00:00:00
013431,"KARUTASU, DARIUS",Darius Karutasu,"KARUTASU, D.","KARUTASU, D.",DARIUS,KARUTASU,KARUTASU,,TUR,Turkiye,202,92,2009-03-30T00:00:00,ROU,Romania,,,,FALSE,NA,NA,J,Player,TRUE,2026-09-02T11:49:34.848,2027-06-30T00:00:00,0,2,2,2,Forward,U18 ANADOLU EFES ISTANBUL,55633,https://media-cdn.cortextech.io/1dU3kpCqReRp93/1BSdBWIjCjnONz/d548b157-4579-4f9f-9816-e875f24b1ebd.png,https://media-cdn.cortextech.io/1dU3kpCqReRp93/1BSdBWIjCjnONz/d548b157-4579-4f9f-9816-e875f24b1ebd.png,IST,Anadolu Efes Istanbul,Anadolu Efes,Efes,EFS,FALSE,https://media-cdn.cortextech.io/1dU3kpCqReRp93/1BSdBWIjCgOCxM/a844756c-a58d-4666-93b8-48f7337bc79d.png,EuroLeague 2026-27,E2026,2026-27,E,2026,2026-07-01T00:00:00
014168,"KEY, BRAXTON",Braxton Key,"KEY, BRAXTON ELLIS","KEY, BRAXTON ELLIS",BRAXTON ELLIS,KEY,KEY,NA,USA,United States of America,203,102,1997-02-14T00:00:00,USA,United States of America,,,,FALSE,NA,NA,J,Player,TRUE,2026-09-04T09:12:10.871,2027-06-30T00:00:00,0,12,12,2,Forward,VALENCIA BASKET,55688,https://media-cdn.cortextech.io/1dU3kpCqReRp93/1BSdBWIjCjnONx/527a3b93-eaa7-42ab-9590-3252f456053b.png,https://media-cdn.cortextech.io/1dU3kpCqReRp93/1BSdBWIjCjnONx/527a3b93-eaa7-42ab-9590-3252f456053b.png,ULK,Fenerbahce Tarfin Istanbul,Fenerbahce,Fenerbahce,FBT,FALSE,https://media-cdn.cortextech.io/1dU3kpCqReRp93/1BSdBWIjCiezrk/aa39750a-6203-49ee-a87d-edd0c6f0397d.png,EuroLeague 2026-27,E2026,2026-27,E,2026,2026-07-01T00:00:00
014738,"KLINTMAN, BO",Bo Klintman,"KLINTMAN, BO","KLINTMAN, BO",BO,KLINTMAN,KLINTMAN,NA,SWE,Sweden,205,95,2003-03-06T00:00:00,SWE,Sweden,,,,FALSE,NA,NA,J,Player,TRUE,2026-09-04T12:06:10.97,2027-06-30T00:00:00,0,34,34,2,Forward,DETROIT PISTONS,55705,https://media-cdn.cortextech.io/1dU3kpCqReRp93/1BSdBWIjCjnONz/d0274316-1129-4094-87d7-1d434e9badd3.png,https://media-cdn.cortextech.io/1dU3kpCqReRp93/1BSdBWIjCjnONz/d0274316-1129-4094-87d7-1d434e9badd3.png,VIR,Virtus Bologna,Virtus Bologna,Virtus,VIR,FALSE,https://media-cdn.cortextech.io/1dU3kpCqReRp93/1BSdBWIjCiezvk/a92d4c3b-9f9c-4163-8a10-bcf8fc15893e.png,EuroLeague 2026-27,E2026,2026-27,E,2026,2026-07-01T00:00:00
011837,"KOKILA, KEVIN",Kevin Kokila,"KOKILA, KEVIN","KOKILA, KEVIN","KEVIN, MBALA",KOKILA,KOKILA,,FRA,France,205,110,2001-09-03T00:00:00,FRA,France,,,,FALSE,NA,NA,J,Player,TRUE,2026-09-04T12:06:08.985,2027-06-30T00:00:00,0,3,3,3,Center,JL BOURG,55702,https://media-cdn.cortextech.io/1dU3kpCqReRp93/1BSdBWIjCjnONz/b44a739e-fa05-4702-ac81-474770eccf49.png,https://media-cdn.cortextech.io/1dU3kpCqReRp93/1BSdBWIjCjnONz/b44a739e-fa05-4702-ac81-474770eccf49.png,VIR,Virtus Bologna,Virtus Bologna,Virtus,VIR,FALSE,https://media-cdn.cortextech.io/1dU3kpCqReRp93/1BSdBWIjCiezvk/a92d4c3b-9f9c-4163-8a10-bcf8fc15893e.png,EuroLeague 2026-27,E2026,2026-27,E,2026,2026-07-01T00:00:00
014031,"KONDIC, KOSTA",Kosta Kondic,"KONDIC, KOSTA","KONDIC, KOSTA",KOSTA,KONDIC,KONDIC,NA,SRB,Serbia,193,89,2001-08-05T00:00:00,BIH,Bosnia and Herzegovina,,,,FALSE,NA,NA,J,Player,TRUE,2026-08-12T07:41:24.613,2027-06-30T00:00:00,0,11,11,1,Guard,DUBAI BASKETBALL,54781,https://media-cdn.cortextech.io/1dU3kpCqReRp93/1BSdBWIjCjnONx/bc9bc395-efb1-46ff-8eee-039093e0f397.png,https://media-cdn.cortextech.io/1dU3kpCqReRp93/1BSdBWIjCjnONx/bc9bc395-efb1-46ff-8eee-039093e0f397.png,DUB,Dubai Basketball,Dubai,Dubai,DUB,FALSE,https://media-cdn.incrowdsports.com/1efae090-16e2-4963-ae47-4b94f249c244.png,EuroLeague 2026-27,E2026,2026-27,E,2026,2026-07-01T00:00:00
012879,"KONE, ABDU",Abdu Kone,"KONE, A.","KONE, A.",ABDRAHAMANE,KONE,KONE,,MLI,Mali,209,118,2009-01-20T00:00:00,MLI,Mali,,,,FALSE,NA,NA,J,Player,TRUE,2026-09-24T07:13:25.53,2027-06-30T00:00:00,0,41,41,3,Center,FC BARCELONA,56995,NA,NA,BAR,FC Barcelona,FC Barcelona,Barca,BAR,FALSE,https://media-cdn.incrowdsports.com/35dfa503-e417-481f-963a-bdf6f013763e.png,EuroLeague 2026-27,E2026,2026-27,E,2026,2026-07-01T00:00:00
005763,"KORKMAZ, FURKAN",Furkan Korkmaz,Korkmaz,Korkmaz,FURKAN,KORKMAZ,KORKMAZ,"Korkmaz, F.",TUR,Turkiye,202,92,1997-07-24T00:00:00,TUR,Turkiye,FurkanKorkmazFK,,,FALSE,NA,NA,J,Player,TRUE,2026-09-15T08:41:07.219,2027-06-30T00:00:00,0,30,30,2,Forward,BAHCESEHIR,56707,https://media-cdn.cortextech.io/1dU3kpCqReRp93/1BSdBWIjCjnONy/f7929b1a-55b7-4f21-b311-028de2616dfb.png,https://media-cdn.cortextech.io/1dU3kpCqReRp93/1BSdBWIjCjnONy/f7929b1a-55b7-4f21-b311-028de2616dfb.png,BES,Besiktas Istanbul,Besiktas,Besiktas,BJK,FALSE,https://media-cdn.cortextech.io/1dU3kpCqReRp93/1BSdBWIjChWbHH/b05e3c54-e672-4b31-9f86-c91e9de7715c.png,EuroLeague 2026-27,E2026,2026-27,E,2026,2026-07-01T00:00:00
006482,"KRAMER, DAVID",David Kramer,Kremer,Kremer,DAVID,KRAMER,KRÄMER,"Kramer, D.",GER,Germany,198,92,1997-01-14T00:00:00,SVK,Slovakia,K7davidK,,,FALSE,NA,NA,J,Player,TRUE,2026-09-03T12:23:07.875,2027-06-30T00:00:00,0,44,44,1,Guard,REAL MADRID,55660,https://media-cdn.cortextech.io/1dU3kpCqReRp93/1BSdBWIjCjnONz/9d36c176-682d-40c2-84f2-db9583dc94cc.png,https://media-cdn.cortextech.io/1dU3kpCqReRp93/1BSdBWIjCjnONz/9d36c176-682d-40c2-84f2-db9583dc94cc.png,RED,Crvena Zvezda Meridianbet Belgrade,Crvena Zvezda,Crvena,CZV,FALSE,https://media-cdn.incrowdsports.com/d2eef4a8-62df-4fdd-9076-276004268515.png,EuroLeague 2026-27,E2026,2026-27,E,2026,2026-07-01T00:00:00
005713,"KURUCS, RODIONS",Rodions Kurucs,Kurucs,Kurucs,RODIONS,KURUCS,KURUCS,"Kurucs, R.",LAT,Latvia,206,102,1998-02-05T00:00:00,LAT,Latvia,RODIONS1,rodionskurucs,,FALSE,NA,NA,J,Player,TRUE,2026-08-12T07:56:51.203,2027-06-30T00:00:00,0,7,7,2,Forward,SASKI BASKONIA,54832,https://media-cdn.cortextech.io/1dU3kpCqReRp93/1BSdBWIjCjnONy/2c60a5d5-e755-43f1-8783-8810ad15d63a.png,https://media-cdn.cortextech.io/1dU3kpCqReRp93/1BSdBWIjCjnONy/2c60a5d5-e755-43f1-8783-8810ad15d63a.png,BAS,Kosner Baskonia Vitoria-Gasteiz,Baskonia,Baskonia,KBA,FALSE,https://media-cdn.cortextech.io/cbc49cb0-99ce-4462-bdb7-56983ee03cf4.png,EuroLeague 2026-27,E2026,2026-27,E,2026,2026-07-01T00:00:00
007736,"LAKIC, ARIJAN",Arijan Lakic,"LAKIC, ARIJAN","LAKIC, ARIJAN",ARIJAN,LAKIC,LAKIC,"Lakic, A.",SRB,Serbia,199,99,2000-01-20T00:00:00,SRB,Serbia,,,,FALSE,NA,NA,J,Player,TRUE,2026-08-12T08:12:39.426,2027-06-30T00:00:00,0,19,19,2,Forward,PARTIZAN MOZZART BET,54899,https://media-cdn.cortextech.io/1dU3kpCqReRp93/1BSdBWIjCjnONz/2d7f73eb-ff44-4a2a-8e85-7d535077120e.png,https://media-cdn.cortextech.io/1dU3kpCqReRp93/1BSdBWIjCjnONz/2d7f73eb-ff44-4a2a-8e85-7d535077120e.png,PAR,Partizan Mozzart Bet Belgrade,Partizan,Partizan,PAR,FALSE,https://media-cdn.incrowdsports.com/2681304e-77dd-4331-88b1-683078c0fb49.png,EuroLeague 2026-27,E2026,2026-27,E,2026,2026-07-01T00:00:00
007200,"LARKIN, SHANE",Shane Larkin,"LARKIN, DESHANE DAVIS","LARKIN, DESHANE DAVIS",DESHANE DAVIS,LARKIN,LARKIN,"Larkin, S.",USA,United States of America,180,82,1992-10-02T00:00:00,USA,United States of America,shanelarkin,shanelarkin,OfficialShaneLarkin/,FALSE,NA,https://media-cdn.incrowdsports.com/012e431c-3640-40a4-ae27-ba8b67a784e3.jpeg,J,Player,TRUE,2026-09-12T10:14:21.875,2027-06-30T00:00:00,0,0,0,1,Guard,ANADOLU EFES ISTANBUL,56522,https://media-cdn.cortextech.io/1dU3kpCqReRp93/1BSdBWIjCjnONx/4e1678a4-08c3-426c-b02c-ff8fa990f9c0.png,https://media-cdn.cortextech.io/1dU3kpCqReRp93/1BSdBWIjCjnONx/4e1678a4-08c3-426c-b02c-ff8fa990f9c0.png,ULK,Fenerbahce Tarfin Istanbul,Fenerbahce,Fenerbahce,FBT,FALSE,https://media-cdn.cortextech.io/1dU3kpCqReRp93/1BSdBWIjCiezrk/aa39750a-6203-49ee-a87d-edd0c6f0397d.png,EuroLeague 2026-27,E2026,2026-27,E,2026,2026-07-01T00:00:00
004194,"LAUVERGNE, JOFFREY",Joffrey Lauvergne,Lauvergne,Lauvergne,JOFFREY STEPHANE MORGAN,LAUVERGNE,LAUVERGNE,"Lauvergne, J.",FRA,France,211,118,1991-09-30T00:00:00,FRA,France,1JOLOLO,7jololo7/,,FALSE,NA,NA,J,Player,TRUE,2026-09-04T13:45:40.043,2027-06-30T00:00:00,0,77,77,3,Center,AI KUWAIT SC,55724,https://media-cdn.cortextech.io/1dU3kpCqReRp93/1BSdBWIjCjnONz/29c24c4c-db63-4912-ab0c-0a55817830e1.png,https://media-cdn.cortextech.io/1dU3kpCqReRp93/1BSdBWIjCjnONz/29c24c4c-db63-4912-ab0c-0a55817830e1.png,PAR,Partizan Mozzart Bet Belgrade,Partizan,Partizan,PAR,FALSE,https://media-cdn.incrowdsports.com/2681304e-77dd-4331-88b1-683078c0fb49.png,EuroLeague 2026-27,E2026,2026-27,E,2026,2026-07-01T00:00:00
014120,"LAVI, GUR",Gur Lavi,"GUR , LAVI","GUR , LAVI",GUR GUR EL,LAVI,LAVI,NA,ISR,Israel,200,90,2001-03-27T00:00:00,ISR,Israel,,,,FALSE,NA,NA,J,Player,TRUE,2026-08-12T08:00:43.849,2027-06-30T00:00:00,0,4,4,2,Forward,MACCABI TEL AVIV,54845,https://media-cdn.cortextech.io/1dU3kpCqReRp93/1BSdBWIjCjnOS3/3eb8e1e5-40b5-4312-9582-1a95ceb03e73.png,https://media-cdn.cortextech.io/1dU3kpCqReRp93/1BSdBWIjCjnOS3/3eb8e1e5-40b5-4312-9582-1a95ceb03e73.png,TEL,Maccabi Rapyd Tel Aviv,Maccabi,Maccabi,MTA,FALSE,https://media-cdn.cortextech.io/1b533342-78f5-4932-b714-a7d80b5826b5.png,EuroLeague 2026-27,E2026,2026-27,E,2026,2026-07-01T00:00:00
014734,"LAWSON, A.J.",A.j. Lawson,"LAWSON, ANTHONY RANDOLPH","LAWSON, ANTHONY RANDOLPH",ANTHONY,LAWSON,LAWSON,NA,USA,United States of America,198,81,2000-07-15T00:00:00,CAN,Canada,,,,FALSE,NA,NA,J,Player,TRUE,2026-09-04T10:06:50.783,2027-06-30T00:00:00,0,1,1,2,Forward,TORONTO RAPTORS 905,55692,https://media-cdn.cortextech.io/1dU3kpCqReRp93/1BSdBWIjCjnONy/a9426b8e-4e4a-4d16-ae5c-c14540a8f11f.png,https://media-cdn.cortextech.io/1dU3kpCqReRp93/1BSdBWIjCjnONy/a9426b8e-4e4a-4d16-ae5c-c14540a8f11f.png,BAS,Kosner Baskonia Vitoria-Gasteiz,Baskonia,Baskonia,KBA,FALSE,https://media-cdn.cortextech.io/cbc49cb0-99ce-4462-bdb7-56983ee03cf4.png,EuroLeague 2026-27,E2026,2026-27,E,2026,2026-07-01T00:00:00
014012,"LEAF, TJ",Tj Leaf,"LEAF, TJ","LEAF, TJ",TY JACOB,LEAF,LEAF,NA,USA,United States of America,208,90,1997-04-30T00:00:00,ISR,Israel,,,,FALSE,NA,NA,J,Player,TRUE,2026-08-12T08:00:45.751,2027-06-30T00:00:00,0,22,22,2,Forward,MACCABI TEL AVIV,54853,https://media-cdn.cortextech.io/1dU3kpCqReRp93/1BSdBWIjCjnOO0/edfbe4a4-e6d1-41ad-9638-d4638ba18adf.png,https://media-cdn.cortextech.io/1dU3kpCqReRp93/1BSdBWIjCjnOO0/edfbe4a4-e6d1-41ad-9638-d4638ba18adf.png,TEL,Maccabi Rapyd Tel Aviv,Maccabi,Maccabi,MTA,FALSE,https://media-cdn.cortextech.io/1b533342-78f5-4932-b714-a7d80b5826b5.png,EuroLeague 2026-27,E2026,2026-27,E,2026,2026-07-01T00:00:00
008987,"LEDAY, ZACH",Zach Leday,"LEDAY, ZACH","LEDAY, ZACH",ZACHARY VINCENT,LEDAY,LEDAY,"Leday, Z.",USA,United States of America,202,106,1994-05-30T00:00:00,USA,United States of America,ZachLeDay32,zachleday32,zach.leday,FALSE,NA,NA,J,Player,TRUE,2026-09-17T10:18:03.523,2027-06-30T00:00:00,0,16,16,2,Forward,OLIMPIA MILANO,56786,https://media-cdn.cortextech.io/1dU3kpCqReRp93/1BSdBWIjCjnOS3/637ca732-ad9c-44e2-97b6-37ac6f19deda.png,https://media-cdn.cortextech.io/1dU3kpCqReRp93/1BSdBWIjCjnOS3/637ca732-ad9c-44e2-97b6-37ac6f19deda.png,HTA,Hapoel IBI Tel Aviv,Hapoel TLV,Hapoel,HTA,FALSE,https://media-cdn.incrowdsports.com/cbb1c3ad-03d5-426a-b5ef-2832a4eee484.png,EuroLeague 2026-27,E2026,2026-27,E,2026,2026-07-01T00:00:00
013389,"LEE, SABEN",Saben Lee,"LEE, SABEN","LEE, SABEN",SABEN ANTHONIA,LEE,LEE,,USA,United States of America,188,90,1999-06-23T00:00:00,USA,United States of America,,,,FALSE,NA,NA,J,Player,TRUE,2026-09-04T11:42:51.298,2027-06-30T00:00:00,0,7,7,1,Guard,ANADOLU EFES ISTANBUL,55699,https://media-cdn.cortextech.io/1dU3kpCqReRp93/1BSdBWIjCjnONz/1d48d694-eec0-4af9-b788-6b3aaa8d12bf.png,https://media-cdn.cortextech.io/1dU3kpCqReRp93/1BSdBWIjCjnONz/1d48d694-eec0-4af9-b788-6b3aaa8d12bf.png,ZAL,Zalgiris Kaunas,Zalgiris,Zalgiris,ZAL,FALSE,https://media-cdn.incrowdsports.com/0aa09358-3847-4c4e-b228-3582ee4e536d.png,EuroLeague 2026-27,E2026,2026-27,E,2026,2026-07-01T00:00:00
003842,"LESSORT, MATHIAS",Mathias Lessort,"LESSORT, M.","LESSORT, M.",MATHIAS MICHEL,LESSORT,LESSORT,"Lessort, M.",FRA,France,206,113,1995-09-29T00:00:00,FRA,France,ThiasLsf,thiaslsf,Mathias-Lessort-1975508795998477,FALSE,NA,NA,J,Player,TRUE,2026-08-12T08:07:01.952,2027-06-30T00:00:00,0,26,26,3,Center,PANATHINAIKOS BSA,54877,https://media-cdn.cortextech.io/1dU3kpCqReRp93/1BSdBWIjCjnONz/c1a76676-300c-4059-9a26-bc18e0b35c9f.png,https://media-cdn.cortextech.io/1dU3kpCqReRp93/1BSdBWIjCjnONz/c1a76676-300c-4059-9a26-bc18e0b35c9f.png,PAN,Panathinaikos AKTOR Athens,Panathinaikos,Panathinaikos,PAO,FALSE,https://media-cdn.incrowdsports.com/e3dff28a-9ec6-4faf-9d96-ecbc68f75780.png,EuroLeague 2026-27,E2026,2026-27,E,2026,2026-07-01T00:00:00
003526,"LIGHTY, DAVID",David Lighty,Lighty,Lighty,DAVID MAURICE,LIGHTY JR,LIGHTY,"Lighty, D.",USA,United States of America,198,100,1988-05-27T00:00:00,USA,United States of America,OSULighty23,the_lighty/,,FALSE,NA,NA,J,Player,TRUE,2026-09-21T07:50:17.642,2027-06-30T00:00:00,0,23,23,2,Forward,LASC ASVEL,56886,https://media-cdn.cortextech.io/1dU3kpCqReRp93/1BSdBWIjCjnOS3/ca29fd28-aef3-414c-8b78-78525f8ac1eb.png,https://media-cdn.cortextech.io/1dU3kpCqReRp93/1BSdBWIjCjnOS3/ca29fd28-aef3-414c-8b78-78525f8ac1eb.png,ASV,LDLC ASVEL Villeurbanne,LDLC ASVEL,ASVEL,ASV,FALSE,https://media-cdn.incrowdsports.com/e33c6d1a-95ca-4dbc-b8cb-0201812104cc.png,EuroLeague 2026-27,E2026,2026-27,E,2026,2026-07-01T00:00:00
TGB,"LLULL, SERGIO",Sergio Llull,Llull,Llull,SERGIO,LLULL MELIA,LLULL,"Llull, S.",ESP,Spain,190,94,1987-11-15T00:00:00,ESP,Spain,23Llull,,23llull/,FALSE,NA,NA,J,Player,TRUE,2026-09-12T10:24:53.695,2027-06-30T00:00:00,0,23,23,1,Guard,REAL MADRID,56527,https://media-cdn.cortextech.io/1dU3kpCqReRp93/1BSdBWIjCjnONx/72e52546-ecdf-47ba-8e79-378b82b65d18.png,https://media-cdn.cortextech.io/1dU3kpCqReRp93/1BSdBWIjCjnONx/72e52546-ecdf-47ba-8e79-378b82b65d18.png,MAD,Real Madrid,Real Madrid,Real,RMB,FALSE,https://media-cdn.incrowdsports.com/371b0d9b-9250-4c09-bda7-0686cf024657.png,EuroLeague 2026-27,E2026,2026-27,E,2026,2026-07-01T00:00:00
007032,"LO, MAODO",Maodo Lo,Lo,Lo,MAODO SYLVESTER LUIS,LO,LO,"Lo, M.",GER,Germany,192,86,1992-12-31T00:00:00,GER,Germany,maodolo12,,,FALSE,NA,NA,J,Player,TRUE,2026-09-17T10:14:12.281,2027-06-30T00:00:00,0,12,12,1,Guard,ZALGIRIS KAUNAS,56778,https://media-cdn.cortextech.io/1dU3kpCqReRp93/1BSdBWIjCjnONz/b9843075-3b7e-4e22-b4b3-24ab71044c9e.png,https://media-cdn.cortextech.io/1dU3kpCqReRp93/1BSdBWIjCjnONz/b9843075-3b7e-4e22-b4b3-24ab71044c9e.png,ZAL,Zalgiris Kaunas,Zalgiris,Zalgiris,ZAL,FALSE,https://media-cdn.incrowdsports.com/0aa09358-3847-4c4e-b228-3582ee4e536d.png,EuroLeague 2026-27,E2026,2026-27,E,2026,2026-07-01T00:00:00
009754,"LOYD, JORDAN",Jordan Loyd,"LOYD, JORDAN","LOYD, JORDAN",JORDAN KENNETH,LOYD,LOYD,"Loyd, J.",USA,United States of America,193,95,1993-07-27T00:00:00,USA,United States of America,mrjloyd,mrjloyd/,,FALSE,NA,NA,J,Player,TRUE,2026-09-02T11:49:35.094,2027-06-30T00:00:00,0,3,3,1,Guard,ANADOLU EFES ISTANBUL,55634,https://media-cdn.cortextech.io/1dU3kpCqReRp93/1BSdBWIjCjnONz/e404b8ed-9a3b-480e-8b3f-ce49905188b5.png,https://media-cdn.cortextech.io/1dU3kpCqReRp93/1BSdBWIjCjnONz/e404b8ed-9a3b-480e-8b3f-ce49905188b5.png,IST,Anadolu Efes Istanbul,Anadolu Efes,Efes,EFS,FALSE,https://media-cdn.cortextech.io/1dU3kpCqReRp93/1BSdBWIjCgOCxM/a844756c-a58d-4666-93b8-48f7337bc79d.png,EuroLeague 2026-27,E2026,2026-27,E,2026,2026-07-01T00:00:00
001288,"LUCIC, VLADIMIR",Vladimir Lucic,Lucic,Lucic,VLADIMIR,LUCIC,Lucic,"Lucic, V.",SRB,Serbia,204,95,1989-06-17T00:00:00,SRB,Serbia,,,Lucic.V/,FALSE,NA,NA,J,Player,TRUE,2026-08-12T07:47:00.161,2027-06-30T00:00:00,0,11,11,2,Forward,FC BAYERN MUNICH,54799,https://media-cdn.cortextech.io/1dU3kpCqReRp93/1BSdBWIjCjnONy/97200fba-aa27-4309-bc62-88c7a1688fa1.png,https://media-cdn.cortextech.io/1dU3kpCqReRp93/1BSdBWIjCjnONy/97200fba-aa27-4309-bc62-88c7a1688fa1.png,MUN,FC Bayern Munich,Bayern Munich,Bayern,BAY,FALSE,https://media-cdn.incrowdsports.com/817b0e58-d595-4b09-ab0b-1e7cc26249ff.png,EuroLeague 2026-27,E2026,2026-27,E,2026,2026-07-01T00:00:00
010781,"LUNDBERG, IFFE",Iffe Lundberg,"LUNDBERG, IFFE","LUNDBERG, IFFE",GABRIEL,LUNDBERG,IFFE,"Lundberg, I.",DEN,Denmark,193,94,1994-12-04T00:00:00,DEN,Denmark,IffeLundberg,iffelundberg/,,FALSE,NA,NA,J,Player,TRUE,2026-09-10T12:33:58.134,2027-06-30T00:00:00,0,0,0,1,Guard,MACCABI TEL AVIV,56462,https://media-cdn.cortextech.io/1dU3kpCqReRp93/1BSdBWIjCjnOS3/63defe93-90f3-4b5d-a197-23a4401c4d63.png,https://media-cdn.cortextech.io/1dU3kpCqReRp93/1BSdBWIjCjnOS3/63defe93-90f3-4b5d-a197-23a4401c4d63.png,TEL,Maccabi Rapyd Tel Aviv,Maccabi,Maccabi,MTA,FALSE,https://media-cdn.cortextech.io/1b533342-78f5-4932-b714-a7d80b5826b5.png,EuroLeague 2026-27,E2026,2026-27,E,2026,2026-07-01T00:00:00
012080,"LUWAWU-CABARROT, TIMOTHE",Timothe Luwawu-Cabarrot,"LUWAWU-CABARROT, TIMOTHE","LUWAWU-CABARROT, TIMOTHE",TIMOTHE BAPTISTE,LUWAWU KONGBO USAGE CABARROT-LUWAWU KONGBO,LUWAWU-CABARROT,,FRA,France,201,95,1995-05-09T00:00:00,FRA,France,,,,FALSE,NA,NA,J,Player,TRUE,2026-09-12T10:24:52.802,2027-06-30T00:00:00,0,3,3,2,Forward,KOSNER BASKONIA VITORIA-GASTEIZ,56524,https://media-cdn.cortextech.io/1dU3kpCqReRp93/1BSdBWIjCjnONx/d035eb31-8270-43df-9783-1e897ac93c5a.png,https://media-cdn.cortextech.io/1dU3kpCqReRp93/1BSdBWIjCjnONx/d035eb31-8270-43df-9783-1e897ac93c5a.png,MAD,Real Madrid,Real Madrid,Real,RMB,FALSE,https://media-cdn.incrowdsports.com/371b0d9b-9250-4c09-bda7-0686cf024657.png,EuroLeague 2026-27,E2026,2026-27,E,2026,2026-07-01T00:00:00
011052,"MADAR, YAM",Yam Madar,"MADAR, YAM","MADAR, YAM",YAM,MADAR,MADAR,"Madar, Y.",ISR,Israel,190,78,2000-12-21T00:00:00,ISR,Israel,,yam_madar11,,FALSE,NA,NA,J,Player,TRUE,2026-09-17T14:48:08.24,2027-06-30T00:00:00,0,26,26,1,Guard,HAPOEL TEL AVIV,56869,https://media-cdn.cortextech.io/1dU3kpCqReRp93/1BSdBWIjCjnOO0/2ed6fb94-2e87-467d-89f6-67500e3e76b8.png,https://media-cdn.cortextech.io/1dU3kpCqReRp93/1BSdBWIjCjnOO0/2ed6fb94-2e87-467d-89f6-67500e3e76b8.png,TEL,Maccabi Rapyd Tel Aviv,Maccabi,Maccabi,MTA,FALSE,https://media-cdn.cortextech.io/1b533342-78f5-4932-b714-a7d80b5826b5.png,EuroLeague 2026-27,E2026,2026-27,E,2026,2026-07-01T00:00:00
002969,"MAHMUTOGLU, MELIH",Melih Mahmutoglu,Mahmutoglu,Mahmutoglu,MELIH,MAHMUTOGLU,MELIH,"Mahmutoglu, M.",TUR,Turkiye,191,95,1990-05-12T00:00:00,TUR,Turkiye,melihmahmutoglu,melihmahmutoglu/,,FALSE,NA,NA,J,Player,TRUE,2026-09-11T09:14:03.934,2027-06-30T00:00:00,0,10,10,1,Guard,FENERBAHCE ISTANBUL,56514,https://media-cdn.cortextech.io/1dU3kpCqReRp93/1BSdBWIjCjnONx/b81636a2-8ff0-4063-89ba-2392813337c5.png,https://media-cdn.cortextech.io/1dU3kpCqReRp93/1BSdBWIjCjnONx/b81636a2-8ff0-4063-89ba-2392813337c5.png,ULK,Fenerbahce Tarfin Istanbul,Fenerbahce,Fenerbahce,FBT,FALSE,https://media-cdn.cortextech.io/1dU3kpCqReRp93/1BSdBWIjCiezrk/aa39750a-6203-49ee-a87d-edd0c6f0397d.png,EuroLeague 2026-27,E2026,2026-27,E,2026,2026-07-01T00:00:00
011935,"MAKOUNDOU, YOAN",Yoan Makoundou,"MAKOUNDOU, YOAN","MAKOUNDOU, YOAN",YOAN MAURICE JUNIOR,MAKOUNDOU,MAKOUNDOU,,FRA,France,207,103,2000-08-09T00:00:00,FRA,France,,,,FALSE,NA,NA,J,Player,TRUE,2026-09-17T07:30:13.142,2027-06-30T00:00:00,0,55,55,3,Center,AS MONACO,56756,https://media-cdn.cortextech.io/1dU3kpCqReRp93/1BSdBWIjCjnONz/cf600197-dfa3-4655-8141-f7b285190c36.png,https://media-cdn.cortextech.io/1dU3kpCqReRp93/1BSdBWIjCjnONz/cf600197-dfa3-4655-8141-f7b285190c36.png,BAR,FC Barcelona,FC Barcelona,Barca,BAR,FALSE,https://media-cdn.incrowdsports.com/35dfa503-e417-481f-963a-bdf6f013763e.png,EuroLeague 2026-27,E2026,2026-27,E,2026,2026-07-01T00:00:00
012609,"MALCOLM, COLLIN",Collin Malcolm,"MALCOLM, COLLIN","MALCOLM, COLLIN",COLLIN ANTHONY,MALCOLM,MALCOLM,,USA,United States of America,200,91,1997-07-02T00:00:00,USA,United States of America,,,,FALSE,NA,NA,J,Player,TRUE,2026-09-02T11:49:35.881,2027-06-30T00:00:00,0,17,17,2,Forward,HAPOEL SHLOMO TEL AVIV,55636,https://media-cdn.cortextech.io/1dU3kpCqReRp93/1BSdBWIjCjnONz/cf5b29e9-6800-41cf-91d0-caf5ef30e20f.png,https://media-cdn.cortextech.io/1dU3kpCqReRp93/1BSdBWIjCjnONz/cf5b29e9-6800-41cf-91d0-caf5ef30e20f.png,IST,Anadolu Efes Istanbul,Anadolu Efes,Efes,EFS,FALSE,https://media-cdn.cortextech.io/1dU3kpCqReRp93/1BSdBWIjCgOCxM/a844756c-a58d-4666-93b8-48f7337bc79d.png,EuroLeague 2026-27,E2026,2026-27,E,2026,2026-07-01T00:00:00
007027,"MALEDON, THEO",Theo Maledon,Maledon,Maledon,THEO,MALEDON,MALEDON,"Maledon, T.",FRA,France,193,80,2001-06-12T00:00:00,FRA,France,,,,FALSE,NA,NA,J,Player,TRUE,2026-08-12T08:18:27.455,2027-06-30T00:00:00,0,12,12,1,Guard,REAL MADRID,54907,https://media-cdn.cortextech.io/1dU3kpCqReRp93/1BSdBWIjCjnONx/026014da-6397-4bd7-8ff7-5498c75854c1.png,https://media-cdn.cortextech.io/1dU3kpCqReRp93/1BSdBWIjCjnONx/026014da-6397-4bd7-8ff7-5498c75854c1.png,MAD,Real Madrid,Real Madrid,Real,RMB,FALSE,https://media-cdn.incrowdsports.com/371b0d9b-9250-4c09-bda7-0686cf024657.png,EuroLeague 2026-27,E2026,2026-27,E,2026,2026-07-01T00:00:00
008084,"MANTZOUKAS, ELEFTHERIOS",Eleftherios Mantzoukas,"MANTZOUKAS, ELEFTHERIOS","MANTZOUKAS, ELEFTHERIOS",ELEFTHERIOS,MANTZOUKAS,MANTZOUKAS,"Mantzoukas, E.",GRE,Greece,207,100,2003-07-08T00:00:00,GRE,Greece,,,,FALSE,NA,NA,J,Player,TRUE,2026-09-23T15:20:57.285,2027-06-30T00:00:00,0,72,72,2,Forward,PANATHINAIKOS BSA,56991,https://media-cdn.cortextech.io/1dU3kpCqReRp93/1BSdBWIjCjnONz/7800be8a-37bf-41af-88c2-3b9bc954454d.png,https://media-cdn.cortextech.io/1dU3kpCqReRp93/1BSdBWIjCjnONz/7800be8a-37bf-41af-88c2-3b9bc954454d.png,PAN,Panathinaikos AKTOR Athens,Panathinaikos,Panathinaikos,PAO,FALSE,https://media-cdn.incrowdsports.com/e3dff28a-9ec6-4faf-9d96-ecbc68f75780.png,EuroLeague 2026-27,E2026,2026-27,E,2026,2026-07-01T00:00:00
010754,"MARI, LUCAS",Lucas Mari,"MARI, LUCAS","MARI, LUCAS",LUCAS,MARI TARDIO,MARÍ,"Mari, L.",ESP,Spain,198,98,2005-10-20T00:00:00,ESP,Spain,,,,FALSE,NA,NA,J,Player,TRUE,2026-09-17T16:02:10.967,2027-06-30T00:00:00,0,23,23,1,Guard,VERMONT CATAMOUNTS,56873,NA,NA,PAM,Valencia Basket,Valencia,Valencia,VBC,FALSE,https://media-cdn.cortextech.io/1dU3kpCqReRp93/1BSdBWIjChWbHL/bc3e00b2-fea4-40be-a7ec-1e633129bde3.png,EuroLeague 2026-27,E2026,2026-27,E,2026,2026-07-01T00:00:00
004761,"MARINKOVIC, VANJA",Vanja Marinkovic,Marinkovic,Marinkovic,VANJA,MARINKOVIC,MARINKOVIC,"Marinkovic, V.",SRB,Serbia,199,97,1997-01-09T00:00:00,SRB,Serbia,vanjam32,,,FALSE,NA,NA,J,Player,TRUE,2026-09-04T13:10:31.009,2027-06-30T00:00:00,0,9,9,2,Forward,PARTIZAN MOZZART BET,55717,https://media-cdn.cortextech.io/1dU3kpCqReRp93/1BSdBWIjCjnONz/bf908c41-803f-45dd-82bb-3e7503bdd6ee.png,https://media-cdn.cortextech.io/1dU3kpCqReRp93/1BSdBWIjCjnONz/bf908c41-803f-45dd-82bb-3e7503bdd6ee.png,PAR,Partizan Mozzart Bet Belgrade,Partizan,Partizan,PAR,FALSE,https://media-cdn.incrowdsports.com/2681304e-77dd-4331-88b1-683078c0fb49.png,EuroLeague 2026-27,E2026,2026-27,E,2026,2026-07-01T00:00:00
015138,"MARTIN, TYRESE",Tyrese Martin,"MARTIN, TYRESE","MARTIN, TYRESE",MARTIN,TYRESE JEFFREY,MARTIN,NA,USA,United States of America,198,100,1999-03-07T00:00:00,USA,United States of America,,,,FALSE,NA,NA,J,Player,TRUE,2026-09-17T07:30:10.282,2027-06-30T00:00:00,0,2,2,2,Forward,PHILADELPHIA 76ERS,56747,https://media-cdn.cortextech.io/1dU3kpCqReRp93/1BSdBWIjCjnONz/df36712f-78ef-48d7-b1b8-a28fab2554ba.png,https://media-cdn.cortextech.io/1dU3kpCqReRp93/1BSdBWIjCjnONz/df36712f-78ef-48d7-b1b8-a28fab2554ba.png,BAR,FC Barcelona,FC Barcelona,Barca,BAR,FALSE,https://media-cdn.incrowdsports.com/35dfa503-e417-481f-963a-bdf6f013763e.png,EuroLeague 2026-27,E2026,2026-27,E,2026,2026-07-01T00:00:00
012618,"MASSA, BODIAN",Bodian Massa,"MASSA, BODIAN","MASSA, BODIAN",BODIAN,MASSA,MASSA,,FRA,France,210,108,1997-10-21T00:00:00,FRA,France,,,,FALSE,NA,NA,J,Player,TRUE,2026-08-12T07:58:14.386,2027-06-30T00:00:00,0,10,10,2,Forward,ASVEL BASKET,54839,https://media-cdn.cortextech.io/1dU3kpCqReRp93/1BSdBWIjCjnOS3/4f3bb25d-b835-4e0e-9159-8c1635c4ce2a.png,https://media-cdn.cortextech.io/1dU3kpCqReRp93/1BSdBWIjCjnOS3/4f3bb25d-b835-4e0e-9159-8c1635c4ce2a.png,ASV,LDLC ASVEL Villeurbanne,LDLC ASVEL,ASVEL,ASV,FALSE,https://media-cdn.incrowdsports.com/e33c6d1a-95ca-4dbc-b8cb-0201812104cc.png,EuroLeague 2026-27,E2026,2026-27,E,2026,2026-07-01T00:00:00
014783,"MATHEWS, GARRISON",Garrison Mathews,"MATHEWS, GARRISON","MATHEWS, GARRISON",GARRISON REID,MATHEWS,Mathews,NA,USA,United States of America,196,98,1996-10-24T00:00:00,USA,United States of America,,,,FALSE,NA,NA,J,Player,TRUE,2026-09-07T10:43:43.133,2027-06-30T00:00:00,0,24,24,1,Guard,INDIANA PACERS,55813,https://media-cdn.cortextech.io/1dU3kpCqReRp93/1BSdBWIjCjnONy/b7bc8ef7-ab26-4867-93e7-843ba2207c2f.png,https://media-cdn.cortextech.io/1dU3kpCqReRp93/1BSdBWIjCjnONy/b7bc8ef7-ab26-4867-93e7-843ba2207c2f.png,MIL,Armani Olimpia Milan,Milan,Milan,MIL,FALSE,https://media-cdn.cortextech.io/1dU3kpCqReRp93/1BSdBWIjChWbHH/5c2f0ab6-f86a-4df0-b2f3-f9ab92f7267b.png,EuroLeague 2026-27,E2026,2026-27,E,2026,2026-07-01T00:00:00
002849,"MELLI, NICOLO",Nicolo Melli,Melli,Melli,NICOLO,MELLI,Melli,"Melli, N.",ITA,Italy,205,112,1991-01-26T00:00:00,ITA,Italy,NikMelli,nikmelli/,,FALSE,NA,NA,J,Player,TRUE,2026-09-11T07:24:40.577,2027-06-30T00:00:00,0,4,4,2,Forward,FENERBAHCE ISTANBUL,56512,https://media-cdn.cortextech.io/1dU3kpCqReRp93/1BSdBWIjCjnONx/331f05d2-d5d8-4bd4-b95a-b3d2d74ac6a7.png,https://media-cdn.cortextech.io/1dU3kpCqReRp93/1BSdBWIjCjnONx/331f05d2-d5d8-4bd4-b95a-b3d2d74ac6a7.png,ULK,Fenerbahce Tarfin Istanbul,Fenerbahce,Fenerbahce,FBT,FALSE,https://media-cdn.cortextech.io/1dU3kpCqReRp93/1BSdBWIjCiezrk/aa39750a-6203-49ee-a87d-edd0c6f0397d.png,EuroLeague 2026-27,E2026,2026-27,E,2026,2026-07-01T00:00:00
002580,"MICIC, VASILIJE",Vasilije Micic,Micic,Micic,VASILIJE,MICIC,MICIC,"Micic, V.",SRB,Serbia,196,92,1994-01-13T00:00:00,SRB,Serbia,,vasamicic13/,VasilijeMicicOfficial/,FALSE,NA,NA,J,Player,TRUE,2026-08-12T07:53:41.678,2027-06-30T00:00:00,0,22,22,1,Guard,HAPOEL IBI TEL AVIV,54824,https://media-cdn.cortextech.io/1dU3kpCqReRp93/1BSdBWIjCjnOS3/cccc5974-56b3-4e34-9b5e-7b0a2f1f344f.png,https://media-cdn.cortextech.io/1dU3kpCqReRp93/1BSdBWIjCjnOS3/cccc5974-56b3-4e34-9b5e-7b0a2f1f344f.png,HTA,Hapoel IBI Tel Aviv,Hapoel TLV,Hapoel,HTA,FALSE,https://media-cdn.incrowdsports.com/cbb1c3ad-03d5-426a-b5ef-2832a4eee484.png,EuroLeague 2026-27,E2026,2026-27,E,2026,2026-07-01T00:00:00
014094,"MILJENOVIC, STEFAN",Stefan Miljenovic,"MILJENOVIC, STEFAN","MILJENOVIC, STEFAN",STEFAN,MILJENOVIC,Miljenovic,NA,SRB,Serbia,193,95,2001-08-21T00:00:00,SRB,Serbia,,,,FALSE,NA,NA,J,Player,TRUE,2026-08-12T07:37:53.828,2027-06-30T00:00:00,0,2,2,1,Guard,CRVENA ZVEZDA,54764,https://media-cdn.cortextech.io/1dU3kpCqReRp93/1BSdBWIjCjnONz/8138f3db-604d-4f03-8279-94013721a3d7.png,https://media-cdn.cortextech.io/1dU3kpCqReRp93/1BSdBWIjCjnONz/8138f3db-604d-4f03-8279-94013721a3d7.png,RED,Crvena Zvezda Meridianbet Belgrade,Crvena Zvezda,Crvena,CZV,FALSE,https://media-cdn.incrowdsports.com/d2eef4a8-62df-4fdd-9076-276004268515.png,EuroLeague 2026-27,E2026,2026-27,E,2026,2026-07-01T00:00:00
009048,"MILLER-MCINTYRE, CODI",Codi Miller-Mcintyre,"MILLER-MCINTYRE, CODI","MILLER-MCINTYRE, CODI",CODI TYREE,MILLER-MC INTYRE,MILLER-McINTYRE,"Miller-McIntyre, C.",BUL,Bulgaria,191,93,1994-06-01T00:00:00,USA,United States of America,CMMPatience,codityree,,FALSE,NA,NA,J,Player,TRUE,2026-09-11T13:24:43.003,2027-06-30T00:00:00,0,0,0,1,Guard,CRVENA ZVEZDA,56517,https://media-cdn.cortextech.io/1dU3kpCqReRp93/1BSdBWIjCjnONx/019ea32f-ff90-43cc-b453-9ff2f68012b3.png,https://media-cdn.cortextech.io/1dU3kpCqReRp93/1BSdBWIjCjnONx/019ea32f-ff90-43cc-b453-9ff2f68012b3.png,OLY,Olympiacos Piraeus,Olympiacos,Olympiacos,OLY,FALSE,https://media-cdn.incrowdsports.com/789423ac-3cdf-4b89-b11c-b458aa5f59a6.png,EuroLeague 2026-27,E2026,2026-27,E,2026,2026-07-01T00:00:00
015163,"MILLS, PATTY",Patty Mills,"MILLS, PATTY","MILLS, PATTY",PATRICK,MILLS,MILLS,NA,AUS,Australia,181,82,1988-08-11T00:00:00,AUS,Australia,,,,FALSE,NA,NA,J,Player,TRUE,2026-09-21T07:50:15.473,2027-06-30T00:00:00,0,8,8,1,Guard,TENERIF,56881,https://media-cdn.cortextech.io/1dU3kpCqReRp93/1BSdBWIjCjnOS3/5ba43974-6f81-4a02-8adb-ee2fa6b5ea74.png,https://media-cdn.cortextech.io/1dU3kpCqReRp93/1BSdBWIjCjnOS3/5ba43974-6f81-4a02-8adb-ee2fa6b5ea74.png,ASV,LDLC ASVEL Villeurbanne,LDLC ASVEL,ASVEL,ASV,FALSE,https://media-cdn.incrowdsports.com/e33c6d1a-95ca-4dbc-b8cb-0201812104cc.png,EuroLeague 2026-27,E2026,2026-27,E,2026,2026-07-01T00:00:00
003941,"MILUTINOV, NIKOLA",Nikola Milutinov,Milutinov,Milutinov,NIKOLA,MILUTINOV,MILUTINOV,"Milutinov, N.",SRB,Serbia,213,114,1994-12-30T00:00:00,SRB,Serbia,NMilutinov,nikola_milutinov11/,,FALSE,NA,NA,J,Player,TRUE,2026-08-12T08:03:28.322,2027-06-30T00:00:00,0,33,33,3,Center,OLYMPIACOS,54862,https://media-cdn.cortextech.io/1dU3kpCqReRp93/1BSdBWIjCjnONx/330baf1d-0d04-4b6f-8362-6eaf34724d32.png,https://media-cdn.cortextech.io/1dU3kpCqReRp93/1BSdBWIjCjnONx/330baf1d-0d04-4b6f-8362-6eaf34724d32.png,OLY,Olympiacos Piraeus,Olympiacos,Olympiacos,OLY,FALSE,https://media-cdn.incrowdsports.com/789423ac-3cdf-4b89-b11c-b458aa5f59a6.png,EuroLeague 2026-27,E2026,2026-27,E,2026,2026-07-01T00:00:00
015142,"MINAYA, JUSTIN",Justin Minaya,"MINAYA, JUSTIN","MINAYA, JUSTIN",JUSTIN ALEXANDER,MINAYA ALBRIGHT,MINAYA,NA,DOM,Dominican Republic,196,93,1999-03-26T00:00:00,USA,United States of America,,,,FALSE,NA,NA,J,Player,TRUE,2026-09-17T07:30:12.455,2027-06-30T00:00:00,0,24,24,1,Guard,OSCEOLA MAGIC,56754,https://media-cdn.cortextech.io/1dU3kpCqReRp93/1BSdBWIjCjnONz/cf6fbd14-c61e-4bb1-bdc6-0f0dd3e6f6e4.png,https://media-cdn.cortextech.io/1dU3kpCqReRp93/1BSdBWIjCjnONz/cf6fbd14-c61e-4bb1-bdc6-0f0dd3e6f6e4.png,BAR,FC Barcelona,FC Barcelona,Barca,BAR,FALSE,https://media-cdn.incrowdsports.com/35dfa503-e417-481f-963a-bdf6f013763e.png,EuroLeague 2026-27,E2026,2026-27,E,2026,2026-07-01T00:00:00
014731,"MINTZ, DAVION",Davion Mintz,"MINTZ, DAVION DEE LEE O'NEAL","MINTZ, DAVION DEE LEE O'NEAL",DAVION DEE LEE ONEAL,MINTZ,MINTZ,NA,USA,United States of America,195,88,1998-06-30T00:00:00,USA,United States of America,,,,FALSE,NA,NA,J,Player,TRUE,2026-09-03T13:23:50.502,2027-06-30T00:00:00,0,6,6,1,Guard,WURZBURG BASKETS,55672,https://media-cdn.cortextech.io/1dU3kpCqReRp93/1BSdBWIjCjnONx/83813e2e-120b-48e7-b65c-fd725e572040.png,https://media-cdn.cortextech.io/1dU3kpCqReRp93/1BSdBWIjCjnONx/83813e2e-120b-48e7-b65c-fd725e572040.png,DUB,Dubai Basketball,Dubai,Dubai,DUB,FALSE,https://media-cdn.incrowdsports.com/1efae090-16e2-4963-ae47-4b94f249c244.png,EuroLeague 2026-27,E2026,2026-27,E,2026,2026-07-01T00:00:00
000796,"MIROTIC, NIKOLA",Nikola Mirotic,Mirotic,Mirotic,NIKOLA,MIROTIC STAJOVIC,MIROTIC,"Mirotic, N.",ESP,Spain,208,106,1991-02-11T00:00:00,MNE,Montenegro,NikolaMirotic33,nikolamirotic33/,NMirotic33,FALSE,NA,NA,J,Player,TRUE,2026-09-21T08:22:04.998,2027-06-30T00:00:00,0,33,33,2,Forward,AS MONACO,56910,https://media-cdn.cortextech.io/1dU3kpCqReRp93/1BSdBWIjCjnOS3/462f95d2-206b-4f18-ab15-75db265d6953.png,https://media-cdn.cortextech.io/1dU3kpCqReRp93/1BSdBWIjCjnOS3/462f95d2-206b-4f18-ab15-75db265d6953.png,PAM,Valencia Basket,Valencia,Valencia,VBC,FALSE,https://media-cdn.cortextech.io/1dU3kpCqReRp93/1BSdBWIjChWbHL/bc3e00b2-fea4-40be-a7ec-1e633129bde3.png,EuroLeague 2026-27,E2026,2026-27,E,2026,2026-07-01T00:00:00
007866,"MITOGLOU, KONSTANTINOS",Konstantinos Mitoglou,"MITOGLOU, KONSTANTINOS","MITOGLOU, KONSTANTINOS",KONSTANTINOS,MITOGLOU,MITOGLOU,"Mitoglou, K.",GRE,Greece,210,113,1996-06-11T00:00:00,GRE,Greece,D_Mitoglou,mitoo44/,,FALSE,NA,NA,J,Player,TRUE,2026-09-07T08:28:08.381,2027-06-30T00:00:00,0,44,44,2,Forward,PANATHINAIKOS BSA,55744,https://media-cdn.cortextech.io/1dU3kpCqReRp93/1BSdBWIjCjnONz/90d5376e-f240-4e2f-93d5-3fca317e5301.png,https://media-cdn.cortextech.io/1dU3kpCqReRp93/1BSdBWIjCjnONz/90d5376e-f240-4e2f-93d5-3fca317e5301.png,PAN,Panathinaikos AKTOR Athens,Panathinaikos,Panathinaikos,PAO,FALSE,https://media-cdn.incrowdsports.com/e3dff28a-9ec6-4faf-9d96-ecbc68f75780.png,EuroLeague 2026-27,E2026,2026-27,E,2026,2026-07-01T00:00:00
012201,"MONEKE, CHIMA",Chima Moneke,"MONEKE, CHIMA","MONEKE, CHIMA",NWACHUKWU IHEUKWUMERE CHIMA,MONEKE,MONEKE,,NGR,Nigeria,196,101,1995-12-24T00:00:00,NGR,Nigeria,,,,FALSE,NA,NA,J,Player,TRUE,2026-08-12T07:37:56.17,2027-06-30T00:00:00,0,95,95,2,Forward,CRVENA ZVEZDA,54774,https://media-cdn.cortextech.io/1dU3kpCqReRp93/1BSdBWIjCjnONz/08270e7f-2a17-43ae-a234-5b83ebc80a63.png,https://media-cdn.cortextech.io/1dU3kpCqReRp93/1BSdBWIjCjnONz/08270e7f-2a17-43ae-a234-5b83ebc80a63.png,RED,Crvena Zvezda Meridianbet Belgrade,Crvena Zvezda,Crvena,CZV,FALSE,https://media-cdn.incrowdsports.com/d2eef4a8-62df-4fdd-9076-276004268515.png,EuroLeague 2026-27,E2026,2026-27,E,2026,2026-07-01T00:00:00
010042,"MONTERO, JEAN",Jean Montero,"MONTERO BERROA, JEAN CLAUDIO","MONTERO BERROA, JEAN CLAUDIO",JEAN CLAUDIO,MONTERO BERROA,MONTERO,"Montero, J.",DOM,Dominican Republic,188,75,2003-07-03T00:00:00,DOM,Dominican Republic,,,,FALSE,NA,NA,J,Player,TRUE,2026-09-15T06:52:59.686,2027-06-30T00:00:00,0,8,8,1,Guard,VALENCIA,56676,https://media-cdn.cortextech.io/1dU3kpCqReRp93/1BSdBWIjCjnONx/2d90adc8-c13b-4da8-9b68-e07b39953bf2.png,https://media-cdn.cortextech.io/1dU3kpCqReRp93/1BSdBWIjCjnONx/2d90adc8-c13b-4da8-9b68-e07b39953bf2.png,OLY,Olympiacos Piraeus,Olympiacos,Olympiacos,OLY,FALSE,https://media-cdn.incrowdsports.com/789423ac-3cdf-4b89-b11c-b458aa5f59a6.png,EuroLeague 2026-27,E2026,2026-27,E,2026,2026-07-01T00:00:00
014115,"MOORE, OMARI",Omari Moore,"MOORE, OMARI KAMAU","MOORE, OMARI KAMAU",OMARI KAMAU,MOORE,MOORE,NA,MKD,North Macedonia,198,88,2000-09-18T00:00:00,USA,United States of America,,,,FALSE,NA,NA,J,Player,TRUE,2026-09-04T12:25:36.62,2027-06-30T00:00:00,0,10,10,1,Guard,VALENCIA BASKET CLUB,55709,https://media-cdn.cortextech.io/1dU3kpCqReRp93/1BSdBWIjCjnONy/68732c89-3262-41af-abe0-0798fbb5f77f.png,https://media-cdn.cortextech.io/1dU3kpCqReRp93/1BSdBWIjCjnONy/68732c89-3262-41af-abe0-0798fbb5f77f.png,PAM,Valencia Basket,Valencia,Valencia,VBC,FALSE,https://media-cdn.cortextech.io/1dU3kpCqReRp93/1BSdBWIjChWbHL/bc3e00b2-fea4-40be-a7ec-1e633129bde3.png,EuroLeague 2026-27,E2026,2026-27,E,2026,2026-07-01T00:00:00
014737,"MOORE, WENDELL",Wendell Moore,"MOORE, WENDELL","MOORE, WENDELL",WENDELL HORACE,MOORE,MOORE,NA,USA,United States of America,196,90,2001-09-18T00:00:00,USA,United States of America,,,,FALSE,NA,NA,J,Player,TRUE,2026-09-04T12:06:09.287,2027-06-30T00:00:00,0,8,8,1,Guard,MOTOR CITY CRUISE,55703,https://media-cdn.cortextech.io/1dU3kpCqReRp93/1BSdBWIjCjnONz/2d92fbef-34d7-4af0-8786-eda390ffbb6a.png,https://media-cdn.cortextech.io/1dU3kpCqReRp93/1BSdBWIjCjnONz/2d92fbef-34d7-4af0-8786-eda390ffbb6a.png,VIR,Virtus Bologna,Virtus Bologna,Virtus,VIR,FALSE,https://media-cdn.cortextech.io/1dU3kpCqReRp93/1BSdBWIjCiezvk/a92d4c3b-9f9c-4163-8a10-bcf8fc15893e.png,EuroLeague 2026-27,E2026,2026-27,E,2026,2026-07-01T00:00:00
006544,"MORAITIS, DIMITRIS",Dimitris Moraitis,Moraitis,Moraitis,DIMITRIOS RAFAIL,MORAITIS,MORAITIS,"Moraitis, D.",GRE,Greece,190,86,1999-02-03T00:00:00,GRE,Greece,,,,FALSE,NA,NA,J,Player,TRUE,2026-09-23T15:20:57.067,2027-06-30T00:00:00,0,6,6,1,Guard,PANATHINAIKOS BSA,56990,NA,NA,PAN,Panathinaikos AKTOR Athens,Panathinaikos,Panathinaikos,PAO,FALSE,https://media-cdn.incrowdsports.com/e3dff28a-9ec6-4faf-9d96-ecbc68f75780.png,EuroLeague 2026-27,E2026,2026-27,E,2026,2026-07-01T00:00:00
009680,"MORGAN, CONOR",Conor Morgan,"MORGAN, CONOR","MORGAN, CONOR",CONOR SEAMUS WILLIAM,MORGAN,MORGAN,"Morgan, C.",CAN,Canada,208,100,1994-08-03T00:00:00,CAN,Canada,Conormorgan09,conormorgan_09,,FALSE,NA,NA,J,Player,TRUE,2026-09-07T10:46:45.54,2027-06-30T00:00:00,0,9,9,3,Center,BESIKTAS ISTANBUL,55828,https://media-cdn.cortextech.io/1dU3kpCqReRp93/1BSdBWIjCjnONy/82716e49-3b79-4d6e-a9e1-909f5e456a12.png,https://media-cdn.cortextech.io/1dU3kpCqReRp93/1BSdBWIjCjnONy/82716e49-3b79-4d6e-a9e1-909f5e456a12.png,BES,Besiktas Istanbul,Besiktas,Besiktas,BJK,FALSE,https://media-cdn.cortextech.io/1dU3kpCqReRp93/1BSdBWIjChWbHH/b05e3c54-e672-4b31-9f86-c91e9de7715c.png,EuroLeague 2026-27,E2026,2026-27,E,2026,2026-07-01T00:00:00
010431,"MORGAN, JEREMY",Jeremy Morgan,"MORGAN, JEREMY","MORGAN, JEREMY",JEREMY MICHAEL,MORGAN,MORGAN,"Morgan, J.",USA,United States of America,199,89,1995-05-08T00:00:00,USA,United States of America,,,,FALSE,NA,NA,J,Player,TRUE,2026-08-12T08:09:57.696,2027-06-30T00:00:00,0,20,20,2,Forward,PARIS BASKETBALL,54888,https://media-cdn.cortextech.io/1dU3kpCqReRp93/1BSdBWIjCjnONz/86b88bde-0eb8-434c-97c5-1c343473963d.png,https://media-cdn.cortextech.io/1dU3kpCqReRp93/1BSdBWIjCjnONz/86b88bde-0eb8-434c-97c5-1c343473963d.png,PRS,Paris Basketball,Paris,Paris,PBB,FALSE,https://media-cdn.incrowdsports.com/a033e5b3-0de7-48a3-98d9-d9a4b9df1f39.png,EuroLeague 2026-27,E2026,2026-27,E,2026,2026-07-01T00:00:00
011157,"MOTLEY, JOHNATHAN",Johnathan Motley,"MOTLEY, JOHNATHAN","MOTLEY, JOHNATHAN",JOHNATHAN LANDUS,MOTLEY-HARVEY,MOTLEY,"Motley, J.",USA,United States of America,206,109,1995-05-04T00:00:00,USA,United States of America,Moneymot5,moneymot5,,FALSE,NA,NA,J,Player,TRUE,2026-09-07T10:58:32.691,2027-06-30T00:00:00,0,0,0,3,Center,HAPOEL TEL AVIV,55835,https://media-cdn.cortextech.io/1dU3kpCqReRp93/1BSdBWIjCjnOS3/94c8ef3f-a59d-44bb-8d91-979ee4e075ec.png,https://media-cdn.cortextech.io/1dU3kpCqReRp93/1BSdBWIjCjnOS3/94c8ef3f-a59d-44bb-8d91-979ee4e075ec.png,RED,Crvena Zvezda Meridianbet Belgrade,Crvena Zvezda,Crvena,CZV,FALSE,https://media-cdn.incrowdsports.com/d2eef4a8-62df-4fdd-9076-276004268515.png,EuroLeague 2026-27,E2026,2026-27,E,2026,2026-07-01T00:00:00
006540,"MUSA, DZANAN",Dzanan Musa,"MUSA, DZANAN","MUSA, DZANAN",DZANAN,MUSA,MUSA,"Musa, D.",BIH,Bosnia and Herzegovina,206,102,1999-05-08T00:00:00,BIH,Bosnia and Herzegovina,DzananM13,,,FALSE,NA,NA,J,Player,TRUE,2026-08-12T07:41:24.859,2027-06-30T00:00:00,0,13,13,1,Guard,DUBAI BASKETBALL,54782,https://media-cdn.cortextech.io/1dU3kpCqReRp93/1BSdBWIjCjnONx/23d74c36-1398-44c2-bde6-1a14ba013993.png,https://media-cdn.cortextech.io/1dU3kpCqReRp93/1BSdBWIjCjnONx/23d74c36-1398-44c2-bde6-1a14ba013993.png,DUB,Dubai Basketball,Dubai,Dubai,DUB,FALSE,https://media-cdn.incrowdsports.com/1efae090-16e2-4963-ae47-4b94f249c244.png,EuroLeague 2026-27,E2026,2026-27,E,2026,2026-07-01T00:00:00
008176,"MUTAF, DAVID",David Mutaf,"MUTAF, DAVID","MUTAF, DAVID",SARPER DAVID,MUTAF,MUTAF,"Mutaf, D.",TUR,Turkiye,198,96,2002-06-14T00:00:00,TUR,Turkiye,David23Mutaf,davidmutaf23,,FALSE,NA,NA,J,Player,TRUE,2026-08-12T07:32:10.099,2027-06-30T00:00:00,0,23,23,1,Guard,ANADOLU EFES ISTANBUL,54750,https://media-cdn.cortextech.io/1dU3kpCqReRp93/1BSdBWIjCjnONz/b784db84-127d-4604-b2e8-700288d9e097.png,https://media-cdn.cortextech.io/1dU3kpCqReRp93/1BSdBWIjCjnONz/b784db84-127d-4604-b2e8-700288d9e097.png,IST,Anadolu Efes Istanbul,Anadolu Efes,Efes,EFS,FALSE,https://media-cdn.cortextech.io/1dU3kpCqReRp93/1BSdBWIjCgOCxM/a844756c-a58d-4666-93b8-48f7337bc79d.png,EuroLeague 2026-27,E2026,2026-27,E,2026,2026-07-01T00:00:00
007632,"NAKIC, MARIO",Mario Nakic,"NAKIC, MARIO","NAKIC, MARIO",MARIO,NAKIC,NAKIC,"Nakic, M.",SRB,Serbia,202,99,2001-06-14T00:00:00,SRB,Serbia,MarioNakic7,mario7nakic,,FALSE,NA,NA,J,Player,TRUE,2026-08-12T08:12:38.148,2027-06-30T00:00:00,0,7,7,2,Forward,PARTIZAN MOZZART BET,54893,https://media-cdn.cortextech.io/1dU3kpCqReRp93/1BSdBWIjCjnONz/5dbfec58-e546-482c-9400-b43f252e1b17.png,https://media-cdn.cortextech.io/1dU3kpCqReRp93/1BSdBWIjCjnONz/5dbfec58-e546-482c-9400-b43f252e1b17.png,PAR,Partizan Mozzart Bet Belgrade,Partizan,Partizan,PAR,FALSE,https://media-cdn.incrowdsports.com/2681304e-77dd-4331-88b1-683078c0fb49.png,EuroLeague 2026-27,E2026,2026-27,E,2026,2026-07-01T00:00:00
012731,"NDIAYE, MBAYE",Mbaye Ndiaye,"NDIAYE, MBAYE","NDIAYE, MBAYE",MBAYE,NDIAYE,NDIAYE,,SEN,Senegal,204,95,1999-01-04T00:00:00,SEN,Senegal,,,,FALSE,NA,NA,J,Player,TRUE,2026-09-11T13:24:43.272,2027-06-30T00:00:00,0,24,24,2,Forward,ASVEL,56518,https://media-cdn.cortextech.io/1dU3kpCqReRp93/1BSdBWIjCjnONx/c454d847-af62-4eb6-b7e3-b118b86efbb2.png,https://media-cdn.cortextech.io/1dU3kpCqReRp93/1BSdBWIjCjnONx/c454d847-af62-4eb6-b7e3-b118b86efbb2.png,OLY,Olympiacos Piraeus,Olympiacos,Olympiacos,OLY,FALSE,https://media-cdn.incrowdsports.com/789423ac-3cdf-4b89-b11c-b458aa5f59a6.png,EuroLeague 2026-27,E2026,2026-27,E,2026,2026-07-01T00:00:00
011199,"NEBO, JOSH",Josh Nebo,"NEBO, JOSH","NEBO, JOSH",JOSHUA OKECHUKWU,NEBO,NEBO,"Nebo, J.",SLO,Slovenia,206,115,1997-07-17T00:00:00,USA,United States of America,Joshnebo,,,FALSE,NA,NA,J,Player,TRUE,2026-09-17T07:30:12.789,2027-06-30T00:00:00,0,32,32,3,Center,OLIMPIA MILANO,56755,https://media-cdn.cortextech.io/1dU3kpCqReRp93/1BSdBWIjCjnONz/be29a3c4-23df-47f2-9600-a69b977d1492.png,https://media-cdn.cortextech.io/1dU3kpCqReRp93/1BSdBWIjCjnONz/be29a3c4-23df-47f2-9600-a69b977d1492.png,BAR,FC Barcelona,FC Barcelona,Barca,BAR,FALSE,https://media-cdn.incrowdsports.com/35dfa503-e417-481f-963a-bdf6f013763e.png,EuroLeague 2026-27,E2026,2026-27,E,2026,2026-07-01T00:00:00
014122,"NETZIPOGLOU, OMIROS",Omiros Netzipoglou,"NETZIPOGLOU, OMIROS","NETZIPOGLOU, OMIROS",OMIROS,NETZIPOGLOU,NETZIPOGLOU,NA,GRE,Greece,193,90,2002-11-18T00:00:00,GRE,Greece,,,,FALSE,NA,NA,J,Player,TRUE,2026-08-12T08:03:27.854,2027-06-30T00:00:00,0,21,21,1,Guard,OLYMPIACOS,54860,https://media-cdn.cortextech.io/1dU3kpCqReRp93/1BSdBWIjCjnONx/4266125c-54d5-4824-8f50-2906c194c6b2.png,https://media-cdn.cortextech.io/1dU3kpCqReRp93/1BSdBWIjCjnONx/4266125c-54d5-4824-8f50-2906c194c6b2.png,OLY,Olympiacos Piraeus,Olympiacos,Olympiacos,OLY,FALSE,https://media-cdn.incrowdsports.com/789423ac-3cdf-4b89-b11c-b458aa5f59a6.png,EuroLeague 2026-27,E2026,2026-27,E,2026,2026-07-01T00:00:00
015140,"NKAMHOUA, OLIVIER",Olivier Nkamhoua,"NKAMHOUA, OLIVIER","NKAMHOUA, OLIVIER",OLIVIER ROBINSON,NKAMHOUA,NKAMHOUA,NA,FIN,Finland,203,106,2000-05-02T00:00:00,FIN,Finland,,,,FALSE,NA,NA,J,Player,TRUE,2026-09-17T07:30:11.55,2027-06-30T00:00:00,0,13,13,2,Forward,PALLACANESTRO VARESE,56751,https://media-cdn.cortextech.io/1dU3kpCqReRp93/1BSdBWIjCjnONz/8361d06b-f258-4f93-8c46-f64ef63f0c4f.png,https://media-cdn.cortextech.io/1dU3kpCqReRp93/1BSdBWIjCjnONz/8361d06b-f258-4f93-8c46-f64ef63f0c4f.png,BAR,FC Barcelona,FC Barcelona,Barca,BAR,FALSE,https://media-cdn.incrowdsports.com/35dfa503-e417-481f-963a-bdf6f013763e.png,EuroLeague 2026-27,E2026,2026-27,E,2026,2026-07-01T00:00:00
014134,"NORRIS, MILES",Miles Norris,"NORRIS, MILES","NORRIS, MILES",MILES BENJAMIN,NORRIS,NORRIS,NA,USA,United States of America,206,100,2000-04-15T00:00:00,USA,United States of America,,,,FALSE,NA,NA,J,Player,TRUE,2026-09-04T08:40:45.22,2027-06-30T00:00:00,0,0,0,2,Forward,FC BARCELONA,55675,https://media-cdn.cortextech.io/1dU3kpCqReRp93/1BSdBWIjCjnONy/d6a2fbe4-7f6f-4b84-824f-f41630898d84.png,https://media-cdn.cortextech.io/1dU3kpCqReRp93/1BSdBWIjCjnONy/d6a2fbe4-7f6f-4b84-824f-f41630898d84.png,MUN,FC Bayern Munich,Bayern Munich,Bayern,BAY,FALSE,https://media-cdn.incrowdsports.com/817b0e58-d595-4b09-ab0b-1e7cc26249ff.png,EuroLeague 2026-27,E2026,2026-27,E,2026,2026-07-01T00:00:00
014786,"NOWELL, JAYLEN",Jaylen Nowell,"NOWELL, JAYLEN","NOWELL, JAYLEN",JAYLEN CLINTON ANDREW,NOWELL,NOWELL,NA,USA,United States of America,191,90,1999-07-09T00:00:00,USA,United States of America,,,,FALSE,NA,NA,J,Player,TRUE,2026-09-16T05:55:48.244,2027-06-30T00:00:00,0,24,24,1,Guard,GIGANTES DE CAROLINA,56716,https://media-cdn.cortextech.io/1dU3kpCqReRp93/1BSdBWIjCjnONy/d95bb7c0-778e-4971-8c37-0b346e9017ec.png,https://media-cdn.cortextech.io/1dU3kpCqReRp93/1BSdBWIjCjnONy/d95bb7c0-778e-4971-8c37-0b346e9017ec.png,BES,Besiktas Istanbul,Besiktas,Besiktas,BJK,FALSE,https://media-cdn.cortextech.io/1dU3kpCqReRp93/1BSdBWIjChWbHH/b05e3c54-e672-4b31-9f86-c91e9de7715c.png,EuroLeague 2026-27,E2026,2026-27,E,2026,2026-07-01T00:00:00
006591,"NTILIKINA, FRANK",Frank Ntilikina,Ntilikina,Ntilikina,"FRANK, BRYAN",NTILIKINA,NTILIKINA,"Ntilikina, F.",FRA,France,194,97,1998-07-28T00:00:00,FRA,France,FrankNtilikina,,,FALSE,NA,NA,J,Player,TRUE,2026-09-21T08:13:16.484,2027-06-30T00:00:00,0,5,5,1,Guard,OLYMPIAKOS,56899,NA,NA,PRS,Paris Basketball,Paris,Paris,PBB,FALSE,https://media-cdn.incrowdsports.com/a033e5b3-0de7-48a3-98d9-d9a4b9df1f39.png,EuroLeague 2026-27,E2026,2026-27,E,2026,2026-07-01T00:00:00
010106,"NUNEZ, JUAN",Juan Nunez,"NUNEZ, JUAN","NUNEZ, JUAN",JUAN,NUNEZ GARCIA,NUÑEZ,"Nunez, J.",ESP,Spain,193,87,2004-06-04T00:00:00,ESP,Spain,,,,FALSE,NA,NA,J,Player,TRUE,2026-08-12T07:43:58.718,2027-06-30T00:00:00,0,17,17,1,Guard,FC BARCELONA,54789,https://media-cdn.cortextech.io/1dU3kpCqReRp93/1BSdBWIjCjnONz/4332f615-51df-4097-9082-c358043303ae.png,https://media-cdn.cortextech.io/1dU3kpCqReRp93/1BSdBWIjCjnONz/4332f615-51df-4097-9082-c358043303ae.png,BAR,FC Barcelona,FC Barcelona,Barca,BAR,FALSE,https://media-cdn.incrowdsports.com/35dfa503-e417-481f-963a-bdf6f013763e.png,EuroLeague 2026-27,E2026,2026-27,E,2026,2026-07-01T00:00:00
012774,"NUNN, KENDRICK",Kendrick Nunn,"NUNN, KENDRICK","NUNN, KENDRICK",KENDRICK MELVIN,NUNN,NUNN,,USA,United States of America,195,86,1995-08-03T00:00:00,USA,United States of America,,,,FALSE,NA,NA,J,Player,TRUE,2026-08-12T08:07:01.689,2027-06-30T00:00:00,0,25,25,1,Guard,PANATHINAIKOS BSA,54876,https://media-cdn.cortextech.io/1dU3kpCqReRp93/1BSdBWIjCjnOS1/d913fc4c-1568-43ac-a589-7087cf2f068c.png,https://media-cdn.cortextech.io/1dU3kpCqReRp93/1BSdBWIjCjnOS1/d913fc4c-1568-43ac-a589-7087cf2f068c.png,PAN,Panathinaikos AKTOR Athens,Panathinaikos,Panathinaikos,PAO,FALSE,https://media-cdn.incrowdsports.com/e3dff28a-9ec6-4faf-9d96-ecbc68f75780.png,EuroLeague 2026-27,E2026,2026-27,E,2026,2026-07-01T00:00:00
013363,"NWORA, JORDAN",Jordan Nwora,"NWORA, JORDAN","NWORA, JORDAN",JORDAN IFEANYI,NWORA,NWORA,,USA,United States of America,203,102,1998-09-09T00:00:00,USA,United States of America,,,,FALSE,NA,NA,J,Player,TRUE,2026-08-12T07:37:55.43,2027-06-30T00:00:00,0,33,33,2,Forward,CRVENA ZVEZDA,54771,https://media-cdn.cortextech.io/1dU3kpCqReRp93/1BSdBWIjCjnONz/9398d5d9-12c5-4b31-8cd6-5a8ab6e253fb.png,https://media-cdn.cortextech.io/1dU3kpCqReRp93/1BSdBWIjCjnONz/9398d5d9-12c5-4b31-8cd6-5a8ab6e253fb.png,RED,Crvena Zvezda Meridianbet Belgrade,Crvena Zvezda,Crvena,CZV,FALSE,https://media-cdn.incrowdsports.com/d2eef4a8-62df-4fdd-9076-276004268515.png,EuroLeague 2026-27,E2026,2026-27,E,2026,2026-07-01T00:00:00
004508,"OBST, ANDREAS",Andreas Obst,Obst,Obst,ANDREAS,OBST,OBST,"Obst, A.",GER,Germany,191,81,1996-07-13T00:00:00,GER,Germany,Fruit_96,fruit_96/,,FALSE,NA,NA,J,Player,TRUE,2026-09-04T08:40:47.094,2027-06-30T00:00:00,0,13,13,1,Guard,FC BAYERN MUNICH,55679,https://media-cdn.cortextech.io/1dU3kpCqReRp93/1BSdBWIjCjnONy/735bad25-9548-4914-ab3b-81729ee9d61c.png,https://media-cdn.cortextech.io/1dU3kpCqReRp93/1BSdBWIjCjnONy/735bad25-9548-4914-ab3b-81729ee9d61c.png,MUN,FC Bayern Munich,Bayern Munich,Bayern,BAY,FALSE,https://media-cdn.incrowdsports.com/817b0e58-d595-4b09-ab0b-1e7cc26249ff.png,EuroLeague 2026-27,E2026,2026-27,E,2026,2026-07-01T00:00:00
011823,"ODIASE, TAI",Tai Odiase,"ODIASE, TAI","ODIASE, TAI",TAI OSAZEEONAMEN,ODIASE,ODIASE,,USA,United States of America,206,109,1995-09-21T00:00:00,USA,United States of America,,,,FALSE,NA,NA,J,Player,TRUE,2026-08-12T07:53:41.424,2027-06-30T00:00:00,0,21,21,3,Center,HAPOEL IBI TEL AVIV,54823,https://media-cdn.cortextech.io/1dU3kpCqReRp93/1BSdBWIjCjnOS3/8395c88e-47d4-4ef4-b4d7-1a0eef18a4d9.png,https://media-cdn.cortextech.io/1dU3kpCqReRp93/1BSdBWIjCjnOS3/8395c88e-47d4-4ef4-b4d7-1a0eef18a4d9.png,HTA,Hapoel IBI Tel Aviv,Hapoel TLV,Hapoel,HTA,FALSE,https://media-cdn.incrowdsports.com/cbb1c3ad-03d5-426a-b5ef-2832a4eee484.png,EuroLeague 2026-27,E2026,2026-27,E,2026,2026-07-01T00:00:00
011982,"OJELEYE, SEMI",Semi Ojeleye,"OJELEYE, SEMI","OJELEYE, SEMI",JESUSEMILORE TALODABIJESU,OJELEYE,OJELEYE,"OJELEYE, S.",USA,United States of America,198,108,1994-12-05T00:00:00,USA,United States of America,,,,FALSE,NA,NA,J,Player,TRUE,2026-08-12T07:37:55.676,2027-06-30T00:00:00,0,37,37,2,Forward,CRVENA ZVEZDA,54772,https://media-cdn.cortextech.io/1dU3kpCqReRp93/1BSdBWIjCjnONz/734ca587-f81e-4974-985f-3857a1a66bf8.png,https://media-cdn.cortextech.io/1dU3kpCqReRp93/1BSdBWIjCjnONz/734ca587-f81e-4974-985f-3857a1a66bf8.png,RED,Crvena Zvezda Meridianbet Belgrade,Crvena Zvezda,Crvena,CZV,FALSE,https://media-cdn.incrowdsports.com/d2eef4a8-62df-4fdd-9076-276004268515.png,EuroLeague 2026-27,E2026,2026-27,E,2026,2026-07-01T00:00:00
014006,"OKEKE, CHUMA",Chuma Okeke,"OKEKE, CHUMA","OKEKE, CHUMA",CHUKWUMA JULIAN,OKEKE,OKEKE,NA,USA,United States of America,201,104,1998-08-18T00:00:00,USA,United States of America,,,,FALSE,NA,NA,J,Player,TRUE,2026-08-12T08:18:26.752,2027-06-30T00:00:00,0,8,8,3,Center,REAL MADRID,54904,https://media-cdn.cortextech.io/1dU3kpCqReRp93/1BSdBWIjCjnONx/5cdd7ecf-8ed5-4649-aba3-ffdbc58ccb7e.png,https://media-cdn.cortextech.io/1dU3kpCqReRp93/1BSdBWIjCjnONx/5cdd7ecf-8ed5-4649-aba3-ffdbc58ccb7e.png,MAD,Real Madrid,Real Madrid,Real,RMB,FALSE,https://media-cdn.incrowdsports.com/371b0d9b-9250-4c09-bda7-0686cf024657.png,EuroLeague 2026-27,E2026,2026-27,E,2026,2026-07-01T00:00:00
011212,"OKOBO, ELIE",Elie Okobo,"OKOBO, ELIE","OKOBO, ELIE",ELIE-FRANCK REY,OKOBO,OKOBO,"Okobo, E.",FRA,France,190,95,1997-10-23T00:00:00,FRA,France,ElieOkobo_0,elieokobo/,,FALSE,NA,NA,J,Player,TRUE,2026-09-11T13:44:46.741,2027-06-30T00:00:00,0,0,0,1,Guard,AS MONACO BASKET,56519,https://media-cdn.cortextech.io/1dU3kpCqReRp93/1BSdBWIjCjnONy/dc1ea7ec-98de-473b-80ea-8c799a84504a.png,https://media-cdn.cortextech.io/1dU3kpCqReRp93/1BSdBWIjCjnONy/dc1ea7ec-98de-473b-80ea-8c799a84504a.png,DUB,Dubai Basketball,Dubai,Dubai,DUB,FALSE,https://media-cdn.incrowdsports.com/1efae090-16e2-4963-ae47-4b94f249c244.png,EuroLeague 2026-27,E2026,2026-27,E,2026,2026-07-01T00:00:00
014207,"OMORUYI, EUGENE",Eugene Omoruyi,"OMORUYI, EUGENE","OMORUYI, EUGENE",EUGENE TANWA,OMORUYI,OMORUYI,NA,CAN,Canada,198,107,1997-02-14T00:00:00,NGR,Nigeria,,,,FALSE,NA,NA,J,Player,TRUE,2026-09-07T10:46:46.091,2027-06-30T00:00:00,0,20,20,3,Center,SASKI BASKONIA,55830,https://media-cdn.cortextech.io/1dU3kpCqReRp93/1BSdBWIjCjnONy/953f26c1-239a-45b6-b0a1-759f378b9168.png,https://media-cdn.cortextech.io/1dU3kpCqReRp93/1BSdBWIjCjnONy/953f26c1-239a-45b6-b0a1-759f378b9168.png,BES,Besiktas Istanbul,Besiktas,Besiktas,BJK,FALSE,https://media-cdn.cortextech.io/1dU3kpCqReRp93/1BSdBWIjChWbHH/b05e3c54-e672-4b31-9f86-c91e9de7715c.png,EuroLeague 2026-27,E2026,2026-27,E,2026,2026-07-01T00:00:00
010581,"OSETKOWSKI, DYLAN",Dylan Osetkowski,"OSETKOWSKI, DYLAN","OSETKOWSKI, DYLAN",DYLAN,OSETKOWSKI,OSETKOWSKI,"Osetkowski, D.",GER,Germany,206,109,1996-08-08T00:00:00,USA,United States of America,,dylanosetkowski/,,FALSE,NA,NA,J,Player,TRUE,2026-09-04T12:25:36.239,2027-06-30T00:00:00,0,8,8,2,Forward,PARTIZAN BELGRADE,55708,https://media-cdn.cortextech.io/1dU3kpCqReRp93/1BSdBWIjCjnONy/77868a0a-7b7e-4fd9-82a0-fd766388f479.png,https://media-cdn.cortextech.io/1dU3kpCqReRp93/1BSdBWIjCjnONy/77868a0a-7b7e-4fd9-82a0-fd766388f479.png,PAM,Valencia Basket,Valencia,Valencia,VBC,FALSE,https://media-cdn.cortextech.io/1dU3kpCqReRp93/1BSdBWIjChWbHL/bc3e00b2-fea4-40be-a7ec-1e633129bde3.png,EuroLeague 2026-27,E2026,2026-27,E,2026,2026-07-01T00:00:00
012710,"OSMANI, ERCAN",Ercan Osmani,"OSMANI, ERCAN","OSMANI, ERCAN",ERCAN,OSMANI,OSMANI,,TUR,Turkiye,210,102,1998-08-04T00:00:00,ALB,Albania,,,,FALSE,NA,NA,J,Player,TRUE,2026-08-12T07:32:10.336,2027-06-30T00:00:00,0,24,24,2,Forward,ANADOLU EFES ISTANBUL,54751,https://media-cdn.cortextech.io/1dU3kpCqReRp93/1BSdBWIjCjnONz/c729041d-5c0b-41be-8118-be3d6ac73cb0.png,https://media-cdn.cortextech.io/1dU3kpCqReRp93/1BSdBWIjCjnONz/c729041d-5c0b-41be-8118-be3d6ac73cb0.png,IST,Anadolu Efes Istanbul,Anadolu Efes,Efes,EFS,FALSE,https://media-cdn.cortextech.io/1dU3kpCqReRp93/1BSdBWIjCgOCxM/a844756c-a58d-4666-93b8-48f7337bc79d.png,EuroLeague 2026-27,E2026,2026-27,E,2026,2026-07-01T00:00:00
012788,"OTURU, DAN",Dan Oturu,"OTURU, DAN","OTURU, DAN",DANIEL AKINFAYOSHE,OTURU,OTURU,,USA,United States of America,208,102,1999-09-20T00:00:00,USA,United States of America,,,,FALSE,NA,NA,J,Player,TRUE,2026-08-12T07:53:41.913,2027-06-30T00:00:00,0,25,25,3,Center,HAPOEL IBI TEL AVIV,54825,https://media-cdn.cortextech.io/1dU3kpCqReRp93/1BSdBWIjCjnOO0/4f6f71f3-8978-49e7-9c3f-313c81ae0339.png,https://media-cdn.cortextech.io/1dU3kpCqReRp93/1BSdBWIjCjnOO0/4f6f71f3-8978-49e7-9c3f-313c81ae0339.png,HTA,Hapoel IBI Tel Aviv,Hapoel TLV,Hapoel,HTA,FALSE,https://media-cdn.incrowdsports.com/cbb1c3ad-03d5-426a-b5ef-2832a4eee484.png,EuroLeague 2026-27,E2026,2026-27,E,2026,2026-07-01T00:00:00
006739,"PAJOLA, ALESSANDRO",Alessandro Pajola,Pajola,Pajola,ALESSANDRO,PAJOLA,PAJOLA,"Pajola, A.",ITA,Italy,194,88,1999-11-09T00:00:00,ITA,Italy,,alessandro_pajola,AlePajola,FALSE,NA,NA,J,Player,TRUE,2026-09-04T13:10:32.802,2027-06-30T00:00:00,0,66,66,1,Guard,SEGAFREDO VIRTUS BOLOGNA,55723,https://media-cdn.cortextech.io/1dU3kpCqReRp93/1BSdBWIjCjnONz/d80ae7ee-8755-47b7-8194-2d74312eefc9.png,https://media-cdn.cortextech.io/1dU3kpCqReRp93/1BSdBWIjCjnONz/d80ae7ee-8755-47b7-8194-2d74312eefc9.png,PAR,Partizan Mozzart Bet Belgrade,Partizan,Partizan,PAR,FALSE,https://media-cdn.incrowdsports.com/2681304e-77dd-4331-88b1-683078c0fb49.png,EuroLeague 2026-27,E2026,2026-27,E,2026,2026-07-01T00:00:00
005844,"PAPAGIANNIS, GEORGIOS",Georgios Papagiannis,"PAPAGIANNIS, G.","PAPAGIANNIS, G.",GEORGIOS,PAPAGIANNIS,PAPAGIANNIS,"Papagiannis, G.",GRE,Greece,220,110,1997-07-03T00:00:00,GRE,Greece,G_P_06,g_p_06/,,FALSE,NA,NA,J,Player,TRUE,2026-08-12T07:32:08.726,2027-06-30T00:00:00,0,9,9,3,Center,ANADOLU EFES ISTANBUL,54744,https://media-cdn.cortextech.io/1dU3kpCqReRp93/1BSdBWIjCjnONz/764bed7f-f762-4b43-b542-6ae1ef78aed0.png,https://media-cdn.cortextech.io/1dU3kpCqReRp93/1BSdBWIjCjnONz/764bed7f-f762-4b43-b542-6ae1ef78aed0.png,IST,Anadolu Efes Istanbul,Anadolu Efes,Efes,EFS,FALSE,https://media-cdn.cortextech.io/1dU3kpCqReRp93/1BSdBWIjCgOCxM/a844756c-a58d-4666-93b8-48f7337bc79d.png,EuroLeague 2026-27,E2026,2026-27,E,2026,2026-07-01T00:00:00
001255,"PAPANIKOLAOU, KOSTAS",Kostas Papanikolaou,Papanikolaou,Papanikolaou,KONSTANTINOS,PAPANIKOLAOU,PAPANIKOLAOU,"Papanikolaou, K.",GRE,Greece,204,104,1990-07-31T00:00:00,GRE,Greece,K_pap16,k_pap16/,PapanikolaouKostas/,FALSE,NA,NA,J,Player,TRUE,2026-09-07T11:52:45.117,2027-06-30T00:00:00,0,16,16,2,Forward,OLYMPIACOS,55853,https://media-cdn.cortextech.io/1dU3kpCqReRp93/1BSdBWIjCjnONx/c96fd3a3-635b-46b9-9a3a-aa416da84968.png,https://media-cdn.cortextech.io/1dU3kpCqReRp93/1BSdBWIjCjnONx/c96fd3a3-635b-46b9-9a3a-aa416da84968.png,OLY,Olympiacos Piraeus,Olympiacos,Olympiacos,OLY,FALSE,https://media-cdn.incrowdsports.com/789423ac-3cdf-4b89-b11c-b458aa5f59a6.png,EuroLeague 2026-27,E2026,2026-27,E,2026,2026-07-01T00:00:00
007464,"PARRA, JOEL",Joel Parra,"PARRA, JOEL","PARRA, JOEL",JOEL,PARRA LOPEZ,PARRA,"Parra, J.",ESP,Spain,201,102,2000-04-04T00:00:00,ESP,Spain,joelparralopez3,jooelparra,,FALSE,NA,NA,J,Player,TRUE,2026-08-12T07:43:59.411,2027-06-30T00:00:00,0,44,44,2,Forward,FC BARCELONA,54792,https://media-cdn.cortextech.io/1dU3kpCqReRp93/1BSdBWIjCjnONz/9a56a310-cebf-4640-ab91-5c7690d16c51.png,https://media-cdn.cortextech.io/1dU3kpCqReRp93/1BSdBWIjCjnONz/9a56a310-cebf-4640-ab91-5c7690d16c51.png,BAR,FC Barcelona,FC Barcelona,Barca,BAR,FALSE,https://media-cdn.incrowdsports.com/35dfa503-e417-481f-963a-bdf6f013763e.png,EuroLeague 2026-27,E2026,2026-27,E,2026,2026-07-01T00:00:00
014801,"PEREIRA, MAOZINHA",Maozinha Pereira,"MAOZINHA, PEREIRA","MAOZINHA, PEREIRA",JOAO,CARDOSO PEREIRA,PEREIRA,NA,BRA,Brazil,203,31,2000-08-28T00:00:00,BRA,Brazil,,,,FALSE,NA,NA,J,Player,TRUE,2026-09-07T12:00:29.629,2027-06-30T00:00:00,0,45,45,2,Forward,MANISA BBSK,55857,https://media-cdn.cortextech.io/1dU3kpCqReRp93/1BSdBWIjCjnONz/619dbb6e-f8f0-4347-a4ee-eb27a43aa5d2.png,https://media-cdn.cortextech.io/1dU3kpCqReRp93/1BSdBWIjCjnONz/619dbb6e-f8f0-4347-a4ee-eb27a43aa5d2.png,PRS,Paris Basketball,Paris,Paris,PBB,FALSE,https://media-cdn.incrowdsports.com/a033e5b3-0de7-48a3-98d9-d9a4b9df1f39.png,EuroLeague 2026-27,E2026,2026-27,E,2026,2026-07-01T00:00:00
008829,"PETERS, ALEC",Alec Peters,"PETERS, ALEC","PETERS, ALEC",ALEC JEFFREY,PETERS,PETERS,"Peters, A.",USA,United States of America,206,107,1995-04-13T00:00:00,USA,United States of America,petersalec,alecpeters25/,,FALSE,NA,NA,J,Player,TRUE,2026-09-02T13:04:25.711,2027-06-30T00:00:00,0,25,25,2,Forward,OLYMPIACOS PIRAEUS,55642,https://media-cdn.cortextech.io/1dU3kpCqReRp93/1BSdBWIjCjnONy/246ecdad-02e8-4cd5-8fe2-4d2cc3a57d3d.png,https://media-cdn.cortextech.io/1dU3kpCqReRp93/1BSdBWIjCjnONy/246ecdad-02e8-4cd5-8fe2-4d2cc3a57d3d.png,MIL,Armani Olimpia Milan,Milan,Milan,MIL,FALSE,https://media-cdn.cortextech.io/1dU3kpCqReRp93/1BSdBWIjChWbHH/5c2f0ab6-f86a-4df0-b2f3-f9ab92f7267b.png,EuroLeague 2026-27,E2026,2026-27,E,2026,2026-07-01T00:00:00
011194,"PETRUSEV, FILIP",Filip Petrusev,"PETRUSEV, FILIP","PETRUSEV, FILIP",FILIP,PETRUSEV,PETRUŠEV,"Petrusev, F.",SRB,Serbia,211,104,2000-04-15T00:00:00,SRB,Serbia,petrusevfilip,filip3petrusev,,FALSE,NA,NA,J,Player,TRUE,2026-08-12T07:41:25.335,2027-06-30T00:00:00,0,30,30,3,Center,DUBAI BASKETBALL,54784,https://media-cdn.cortextech.io/1dU3kpCqReRp93/1BSdBWIjCjnONx/646836ea-3fdd-498b-ab6c-ccbea13061b0.png,https://media-cdn.cortextech.io/1dU3kpCqReRp93/1BSdBWIjCjnONx/646836ea-3fdd-498b-ab6c-ccbea13061b0.png,DUB,Dubai Basketball,Dubai,Dubai,DUB,FALSE,https://media-cdn.incrowdsports.com/1efae090-16e2-4963-ae47-4b94f249c244.png,EuroLeague 2026-27,E2026,2026-27,E,2026,2026-07-01T00:00:00
010091,"PLOTAS, NIKOLAOS",Nikolaos Plotas,"PLOTAS, NIKOLAOS","PLOTAS, NIKOLAOS",NIKOLAOS,PLOTAS,PLOTAS,"Plotas, N.",GRE,Greece,195,80,2004-06-12T00:00:00,GRE,Greece,,plotas_nikos,,FALSE,NA,NA,J,Player,TRUE,2026-09-17T14:32:49.259,2027-06-30T00:00:00,0,9,9,1,Guard,PROMITHEAS PATRA,56801,https://media-cdn.cortextech.io/1dU3kpCqReRp93/1BSdBWIjCjnOO0/6ba557e8-0f34-4739-b5b3-2faacce3ce58.png,https://media-cdn.cortextech.io/1dU3kpCqReRp93/1BSdBWIjCjnOO0/6ba557e8-0f34-4739-b5b3-2faacce3ce58.png,OLY,Olympiacos Piraeus,Olympiacos,Olympiacos,OLY,FALSE,https://media-cdn.incrowdsports.com/789423ac-3cdf-4b89-b11c-b458aa5f59a6.png,EuroLeague 2026-27,E2026,2026-27,E,2026,2026-07-01T00:00:00
006832,"PONS, YVES",Yves Pons,"PONS, YVES","PONS, YVES",YVES,PONS,PONS,"Pons, Y.",FRA,France,198,98,1999-05-07T00:00:00,FRA,France,,,,FALSE,NA,NA,J,Player,TRUE,2026-09-21T07:50:18.277,2027-06-30T00:00:00,0,35,35,2,Forward,BC ANDORRA,56888,https://media-cdn.cortextech.io/1dU3kpCqReRp93/1BSdBWIjCjnOS3/0620101a-be18-44b4-b152-63a5ca49cd74.png,https://media-cdn.cortextech.io/1dU3kpCqReRp93/1BSdBWIjCjnOS3/0620101a-be18-44b4-b152-63a5ca49cd74.png,ASV,LDLC ASVEL Villeurbanne,LDLC ASVEL,ASVEL,ASV,FALSE,https://media-cdn.incrowdsports.com/e33c6d1a-95ca-4dbc-b8cb-0201812104cc.png,EuroLeague 2026-27,E2026,2026-27,E,2026,2026-07-01T00:00:00
010393,"PRADILLA, JAIME",Jaime Pradilla,"PRADILLA, JAIME","PRADILLA, JAIME",JAIME,PRADILLA GAYAN,PRADILLA,"Pradilla, J.",ESP,Spain,205,104,2001-01-03T00:00:00,ESP,Spain,JpradillaG,jaimepradilla,,FALSE,NA,NA,J,Player,TRUE,2026-09-12T10:24:52.997,2027-06-30T00:00:00,0,4,4,2,Forward,VALENCIA BASKET,56525,https://media-cdn.cortextech.io/1dU3kpCqReRp93/1BSdBWIjCjnONx/eca8b0a9-a9dc-46b7-beb2-3193f2c1f690.png,https://media-cdn.cortextech.io/1dU3kpCqReRp93/1BSdBWIjCjnONx/eca8b0a9-a9dc-46b7-beb2-3193f2c1f690.png,MAD,Real Madrid,Real Madrid,Real,RMB,FALSE,https://media-cdn.incrowdsports.com/371b0d9b-9250-4c09-bda7-0686cf024657.png,EuroLeague 2026-27,E2026,2026-27,E,2026,2026-07-01T00:00:00
002661,"PREPELIC, KLEMEN",Klemen Prepelic,Prepelic,Prepelic,KLEMEN,PREPELIC,PREPELIC,"Prepelic, K.",SLO,Slovenia,192,92,1992-10-20T00:00:00,SLO,Slovenia,prle_10,prepelicklemen,klemen.prepelic.3,FALSE,NA,NA,J,Player,TRUE,2026-08-12T07:41:23.923,2027-06-30T00:00:00,0,7,7,1,Guard,DUBAI BASKETBALL,54778,https://media-cdn.cortextech.io/1dU3kpCqReRp93/1BSdBWIjCjnONx/2b6e8cc2-c349-437c-9512-d5cd7f2eca04.png,https://media-cdn.cortextech.io/1dU3kpCqReRp93/1BSdBWIjCjnONx/2b6e8cc2-c349-437c-9512-d5cd7f2eca04.png,DUB,Dubai Basketball,Dubai,Dubai,DUB,FALSE,https://media-cdn.incrowdsports.com/1efae090-16e2-4963-ae47-4b94f249c244.png,EuroLeague 2026-27,E2026,2026-27,E,2026,2026-07-01T00:00:00
008384,"PROCIDA, GABRIELE",Gabriele Procida,"PROCIDA, GABRIELE","PROCIDA, GABRIELE",GABRIELE,PROCIDA,PROCIDA,"Procida, G.",ITA,Italy,201,91,2002-06-01T00:00:00,ITA,Italy,,,,FALSE,NA,NA,J,Player,TRUE,2026-08-12T08:18:26.992,2027-06-30T00:00:00,0,9,9,2,Forward,REAL MADRID,54905,https://media-cdn.cortextech.io/1dU3kpCqReRp93/1BSdBWIjCjnONx/d76135f4-7f2f-44fa-b824-cf21392822be.png,https://media-cdn.cortextech.io/1dU3kpCqReRp93/1BSdBWIjCjnONx/d76135f4-7f2f-44fa-b824-cf21392822be.png,MAD,Real Madrid,Real Madrid,Real,RMB,FALSE,https://media-cdn.incrowdsports.com/371b0d9b-9250-4c09-bda7-0686cf024657.png,EuroLeague 2026-27,E2026,2026-27,E,2026,2026-07-01T00:00:00
006643,"PUERTO, JOSEP",Josep Puerto,"PUERTO, JOSEP","PUERTO, JOSEP",JOSEP,PUERTO GUAITA,PUERTO,"Puerto, J.",ESP,Spain,202,102,1999-03-08T00:00:00,ESP,Spain,,,,FALSE,NA,NA,J,Player,TRUE,2026-08-12T08:20:27.187,2027-06-30T00:00:00,0,2,2,1,Guard,VALENCIA BASKET CLUB,54916,https://media-cdn.cortextech.io/1dU3kpCqReRp93/1BSdBWIjCjnONy/d1c5ad9a-5349-4738-a9e3-8f46f48e26ed.png,https://media-cdn.cortextech.io/1dU3kpCqReRp93/1BSdBWIjCjnONy/d1c5ad9a-5349-4738-a9e3-8f46f48e26ed.png,PAM,Valencia Basket,Valencia,Valencia,VBC,FALSE,https://media-cdn.cortextech.io/1dU3kpCqReRp93/1BSdBWIjChWbHL/bc3e00b2-fea4-40be-a7ec-1e633129bde3.png,EuroLeague 2026-27,E2026,2026-27,E,2026,2026-07-01T00:00:00
009862,"PUNTER, KEVIN",Kevin Punter,"PUNTER, KEVIN","PUNTER, KEVIN",KEVIN XAVIER,PUNTER,PUNTER,"Punter, K.",SRB,Serbia,193,86,1993-06-25T00:00:00,USA,United States of America,KPJunior_,kpjunior_,,FALSE,NA,NA,J,Player,TRUE,2026-08-12T07:43:58.057,2027-06-30T00:00:00,0,0,0,1,Guard,FC BARCELONA,54786,https://media-cdn.cortextech.io/1dU3kpCqReRp93/1BSdBWIjCjnONz/675c5bac-7d19-44f6-944d-3c7373e09f3d.png,https://media-cdn.cortextech.io/1dU3kpCqReRp93/1BSdBWIjCjnONz/675c5bac-7d19-44f6-944d-3c7373e09f3d.png,BAR,FC Barcelona,FC Barcelona,Barca,BAR,FALSE,https://media-cdn.incrowdsports.com/35dfa503-e417-481f-963a-bdf6f013763e.png,EuroLeague 2026-27,E2026,2026-27,E,2026,2026-07-01T00:00:00
013381,"RAYMAN, WILLIAM",William Rayman,"RAYMAN, WILLIAM","RAYMAN, WILLIAM",WILLIAM HENRY,RAYMAN,RAYMAN,,ISR,Israel,203,98,1997-04-01T00:00:00,USA,United States of America,,,,FALSE,NA,NA,J,Player,TRUE,2026-09-09T14:34:56.585,2027-06-30T00:00:00,0,11,11,2,Forward,MACCABI TEL AVIV,56335,https://media-cdn.cortextech.io/1dU3kpCqReRp93/1BSdBWIjCjnOO0/8d9e8529-db95-4e71-b212-68e2716504f6.png,https://media-cdn.cortextech.io/1dU3kpCqReRp93/1BSdBWIjCjnOO0/8d9e8529-db95-4e71-b212-68e2716504f6.png,TEL,Maccabi Rapyd Tel Aviv,Maccabi,Maccabi,MTA,FALSE,https://media-cdn.cortextech.io/1b533342-78f5-4932-b714-a7d80b5826b5.png,EuroLeague 2026-27,E2026,2026-27,E,2026,2026-07-01T00:00:00
012738,"REUVERS, NATHAN",Nathan Reuvers,"REUVERS, NATHAN","REUVERS, NATHAN",NATHAN DONALD,REUVERS,Reuvers,,HUN,Hungary,209,104,1998-09-30T00:00:00,USA,United States of America,,,,FALSE,NA,NA,J,Player,TRUE,2026-09-04T12:25:35.984,2027-06-30T00:00:00,0,3,3,2,Forward,VALENCIA BASKET CLUB,55707,https://media-cdn.cortextech.io/1dU3kpCqReRp93/1BSdBWIjCjnONy/8a3e5dbd-9539-4d4e-96f9-dc0c78f20665.png,https://media-cdn.cortextech.io/1dU3kpCqReRp93/1BSdBWIjCjnONy/8a3e5dbd-9539-4d4e-96f9-dc0c78f20665.png,PAM,Valencia Basket,Valencia,Valencia,VBC,FALSE,https://media-cdn.cortextech.io/1dU3kpCqReRp93/1BSdBWIjChWbHL/bc3e00b2-fea4-40be-a7ec-1e633129bde3.png,EuroLeague 2026-27,E2026,2026-27,E,2026,2026-07-01T00:00:00
014178,"RHODEN, JARED",Jared Rhoden,"RHODEN, JARED","RHODEN, JARED",MATTHEW JARED MELMOTH,RHODEN,RHODEN,NA,USA,United States of America,198,89,1999-08-27T00:00:00,USA,United States of America,,,,FALSE,NA,NA,J,Player,TRUE,2026-08-12T08:09:56.859,2027-06-30T00:00:00,0,8,8,1,Guard,PARIS BASKETBALL,54884,https://media-cdn.cortextech.io/1dU3kpCqReRp93/1BSdBWIjCjnONz/7934ce9d-4a65-4f45-bc46-e22eb56660bc.png,https://media-cdn.cortextech.io/1dU3kpCqReRp93/1BSdBWIjCjnONz/7934ce9d-4a65-4f45-bc46-e22eb56660bc.png,PRS,Paris Basketball,Paris,Paris,PBB,FALSE,https://media-cdn.incrowdsports.com/a033e5b3-0de7-48a3-98d9-d9a4b9df1f39.png,EuroLeague 2026-27,E2026,2026-27,E,2026,2026-07-01T00:00:00
001518,"RICCI, GIAMPAOLO",Giampaolo Ricci,"RICCI, G.","RICCI, G.",GIAMPAOLO,RICCI,RICCI,"Ricci, G.",ITA,Italy,201,102,1991-09-27T00:00:00,ITA,Italy,giamp_pippo,giamp_ricci/,,FALSE,NA,NA,J,Player,TRUE,2026-08-12T07:35:05.531,2027-06-30T00:00:00,0,17,17,2,Forward,EA7 EMPORIO ARMANI MILAN,54757,https://media-cdn.cortextech.io/1dU3kpCqReRp93/1BSdBWIjCjnONy/b9b0b819-b255-41fb-aa35-f450eb2503cb.png,https://media-cdn.cortextech.io/1dU3kpCqReRp93/1BSdBWIjCjnONy/b9b0b819-b255-41fb-aa35-f450eb2503cb.png,MIL,Armani Olimpia Milan,Milan,Milan,MIL,FALSE,https://media-cdn.cortextech.io/1dU3kpCqReRp93/1BSdBWIjChWbHH/5c2f0ab6-f86a-4df0-b2f3-f9ab92f7267b.png,EuroLeague 2026-27,E2026,2026-27,E,2026,2026-07-01T00:00:00
011214,"RIVERO, JASIEL",Jasiel Rivero,"RIVERO, JASIEL","RIVERO, JASIEL",JASIEL,RIVERO FERNANDEZ,RIVERO,"Rivero, J.",ESP,Spain,206,110,1993-10-31T00:00:00,CUB,Cuba,jasielrivero14,jasielriverofernandez,profile.php?id=100005650759164,FALSE,NA,NA,J,Player,TRUE,2026-09-17T16:02:11.4,2027-06-30T00:00:00,0,41,41,2,Forward,ESTRELLA ROJA DE BELGRADO,56874,https://media-cdn.cortextech.io/1dU3kpCqReRp93/1BSdBWIjCjnONy/846bcba4-d936-4a76-964c-2a38b7f543da.png,https://media-cdn.cortextech.io/1dU3kpCqReRp93/1BSdBWIjCjnONy/846bcba4-d936-4a76-964c-2a38b7f543da.png,PAM,Valencia Basket,Valencia,Valencia,VBC,FALSE,https://media-cdn.cortextech.io/1dU3kpCqReRp93/1BSdBWIjChWbHL/bc3e00b2-fea4-40be-a7ec-1e633129bde3.png,EuroLeague 2026-27,E2026,2026-27,E,2026,2026-07-01T00:00:00
014008,"ROBINSON, JUSTIN",Justin Robinson,"ROBINSON, JUSTIN","ROBINSON, JUSTIN",JUSTIN MAURICE,ROBINSON,ROBINSON,NA,USA,United States of America,185,86,1997-10-12T00:00:00,USA,United States of America,,,,FALSE,NA,NA,J,Player,TRUE,2026-09-17T07:30:10.996,2027-06-30T00:00:00,0,5,5,1,Guard,PARIS BASKETBALL,56749,https://media-cdn.cortextech.io/1dU3kpCqReRp93/1BSdBWIjCjnONz/d326f31e-8ffc-40bb-8d8f-ad41f16d794e.png,https://media-cdn.cortextech.io/1dU3kpCqReRp93/1BSdBWIjCjnONz/d326f31e-8ffc-40bb-8d8f-ad41f16d794e.png,BAR,FC Barcelona,FC Barcelona,Barca,BAR,FALSE,https://media-cdn.incrowdsports.com/35dfa503-e417-481f-963a-bdf6f013763e.png,EuroLeague 2026-27,E2026,2026-27,E,2026,2026-07-01T00:00:00
011085,"ROGKAVOPOULOS, NIKOLAOS",Nikolaos Rogkavopoulos,"ROGKAVOPOULOS, NIKOLAOS","ROGKAVOPOULOS, NIKOLAOS",NIKOLAOS AGAPITOS,ROGKAVOPOULOS,ROGKAVOPOULOS,"Rogkavopoulos, N.",GRE,Greece,201,100,2001-06-27T00:00:00,GRE,Greece,,nikos_rogkavopoulos,,FALSE,NA,NA,J,Player,TRUE,2026-08-12T08:07:00.677,2027-06-30T00:00:00,0,17,17,2,Forward,PANATHINAIKOS BSA,54872,https://media-cdn.cortextech.io/1dU3kpCqReRp93/1BSdBWIjCjnONz/92a266f5-b0cd-4993-b475-38a1e128ccc8.png,https://media-cdn.cortextech.io/1dU3kpCqReRp93/1BSdBWIjCjnONz/92a266f5-b0cd-4993-b475-38a1e128ccc8.png,PAN,Panathinaikos AKTOR Athens,Panathinaikos,Panathinaikos,PAO,FALSE,https://media-cdn.incrowdsports.com/e3dff28a-9ec6-4faf-9d96-ecbc68f75780.png,EuroLeague 2026-27,E2026,2026-27,E,2026,2026-07-01T00:00:00
013943,"RUSSELL, DARON",Daron Russell,"RUSSELL, DARON","RUSSELL, DARON",DARON,RUSSELL,RUSSELL,NA,USA,United States of America,180,75,1998-05-06T00:00:00,USA,United States of America,,,,FALSE,NA,NA,J,Player,TRUE,2026-09-02T11:49:35.338,2027-06-30T00:00:00,0,11,11,1,Guard,AS MONACO BASKET,55635,https://media-cdn.cortextech.io/1dU3kpCqReRp93/1BSdBWIjCjnONz/bcca0fec-d463-42c1-942e-4d32eaebec50.png,https://media-cdn.cortextech.io/1dU3kpCqReRp93/1BSdBWIjCjnONz/bcca0fec-d463-42c1-942e-4d32eaebec50.png,IST,Anadolu Efes Istanbul,Anadolu Efes,Efes,EFS,FALSE,https://media-cdn.cortextech.io/1dU3kpCqReRp93/1BSdBWIjCgOCxM/a844756c-a58d-4666-93b8-48f7337bc79d.png,EuroLeague 2026-27,E2026,2026-27,E,2026,2026-07-01T00:00:00
011706,"SAINT-SUPERY, MARIO",Mario Saint-Supery,"SAINT-SUPERY, MARIO","SAINT-SUPERY, MARIO",MARIO,SAINT-SUPERY FERNANDEZ,SAINT-SUPÉRY,NA,ESP,Spain,192,80,2006-04-14T00:00:00,ESP,Spain,,,,FALSE,NA,NA,J,Player,TRUE,2026-09-17T16:02:10.593,2027-06-30T00:00:00,0,5,5,1,Guard,UNICAJA MALAGA,56872,https://media-cdn.cortextech.io/1dU3kpCqReRp93/1BSdBWIjCjnONy/444fcffe-f94d-4843-bdb7-801ba2b9b2cc.png,https://media-cdn.cortextech.io/1dU3kpCqReRp93/1BSdBWIjCjnONy/444fcffe-f94d-4843-bdb7-801ba2b9b2cc.png,PAM,Valencia Basket,Valencia,Valencia,VBC,FALSE,https://media-cdn.cortextech.io/1dU3kpCqReRp93/1BSdBWIjChWbHL/bc3e00b2-fea4-40be-a7ec-1e633129bde3.png,EuroLeague 2026-27,E2026,2026-27,E,2026,2026-07-01T00:00:00
010545,"SAKO, NEAL",Neal Sako,"SAKO, NEAL","SAKO, NEAL",NEAL OMAR,SAKO,SAKO,"Sako, N.",FRA,France,210,96,1998-08-13T00:00:00,FRA,France,,,,FALSE,NA,NA,J,Player,TRUE,2026-08-12T08:20:28.346,2027-06-30T00:00:00,0,13,13,3,Center,VALENCIA BASKET CLUB,54921,https://media-cdn.cortextech.io/1dU3kpCqReRp93/1BSdBWIjCjnONy/abd62f56-26d6-4f58-aa4e-54d9c2606c55.png,https://media-cdn.cortextech.io/1dU3kpCqReRp93/1BSdBWIjCjnONy/abd62f56-26d6-4f58-aa4e-54d9c2606c55.png,PAM,Valencia Basket,Valencia,Valencia,VBC,FALSE,https://media-cdn.cortextech.io/1dU3kpCqReRp93/1BSdBWIjChWbHL/bc3e00b2-fea4-40be-a7ec-1e633129bde3.png,EuroLeague 2026-27,E2026,2026-27,E,2026,2026-07-01T00:00:00
002968,"SANLI, SERTAC",Sertac Sanli,Sanli,Sanli,SERTAC,SANLI,SANLI,"Sanli, S.",TUR,Turkiye,212,115,1991-08-05T00:00:00,TUR,Turkiye,SanliSertac,sertacsanli/,,FALSE,NA,NA,J,Player,TRUE,2026-09-11T09:14:03.721,2027-06-30T00:00:00,0,5,5,3,Center,BESIKTAS GAIN ISTANBUL,56513,https://media-cdn.cortextech.io/1dU3kpCqReRp93/1BSdBWIjCjnONx/a7f9ef94-55fe-45de-a2ea-cdf851d3fb7b.png,https://media-cdn.cortextech.io/1dU3kpCqReRp93/1BSdBWIjCjnONx/a7f9ef94-55fe-45de-a2ea-cdf851d3fb7b.png,ULK,Fenerbahce Tarfin Istanbul,Fenerbahce,Fenerbahce,FBT,FALSE,https://media-cdn.cortextech.io/1dU3kpCqReRp93/1BSdBWIjCiezrk/aa39750a-6203-49ee-a87d-edd0c6f0397d.png,EuroLeague 2026-27,E2026,2026-27,E,2026,2026-07-01T00:00:00
006896,"SARGIUNAS, IGNAS",Ignas Sargiunas,Sargiunas,Sargiunas,IGNAS,SARGIUNAS,SARGIUNAS,"Sargiunas, I.",LTU,Lithuania,193,86,1999-09-11T00:00:00,LTU,Lithuania,,,,FALSE,NA,NA,J,Player,TRUE,2026-09-04T09:12:11.963,2027-06-30T00:00:00,0,43,43,1,Guard,BC RYTAS,55691,https://media-cdn.cortextech.io/1dU3kpCqReRp93/1BSdBWIjCjnONx/bcfd60fd-93d3-4905-8de0-b4b4fe61e3d7.png,https://media-cdn.cortextech.io/1dU3kpCqReRp93/1BSdBWIjCjnONx/bcfd60fd-93d3-4905-8de0-b4b4fe61e3d7.png,ULK,Fenerbahce Tarfin Istanbul,Fenerbahce,Fenerbahce,FBT,FALSE,https://media-cdn.cortextech.io/1dU3kpCqReRp93/1BSdBWIjCiezrk/aa39750a-6203-49ee-a87d-edd0c6f0397d.png,EuroLeague 2026-27,E2026,2026-27,E,2026,2026-07-01T00:00:00
003112,"SARIC, DARIO",Dario Saric,Saric,Saric,DARIO,SARIC,SARIC,"Saric, D.",CRO,Croatia,207,101,1994-04-08T00:00:00,CRO,Croatia,,,,FALSE,NA,NA,J,Player,TRUE,2026-09-17T14:35:16.708,2027-06-30T00:00:00,0,5,5,2,Forward,DETROIT PISTONS,56802,https://media-cdn.cortextech.io/1dU3kpCqReRp93/1BSdBWIjCjnONz/afdb2e3e-694e-44f2-a8d9-d97aa89dd86e.png,https://media-cdn.cortextech.io/1dU3kpCqReRp93/1BSdBWIjCjnONz/afdb2e3e-694e-44f2-a8d9-d97aa89dd86e.png,IST,Anadolu Efes Istanbul,Anadolu Efes,Efes,EFS,FALSE,https://media-cdn.cortextech.io/1dU3kpCqReRp93/1BSdBWIjCgOCxM/a844756c-a58d-4666-93b8-48f7337bc79d.png,EuroLeague 2026-27,E2026,2026-27,E,2026,2026-07-01T00:00:00
006833,"SARR, OLIVIER",Olivier Sarr,Sarr,Sarr,OLIVIER,SARR,SARR,"Sarr, O.",FRA,France,210,110,1999-02-20T00:00:00,FRA,France,,,,FALSE,NA,NA,J,Player,TRUE,2026-09-07T12:04:00.263,2027-06-30T00:00:00,0,33,33,3,Center,CLEVELAND CAVALIERS,55859,https://media-cdn.cortextech.io/1dU3kpCqReRp93/1BSdBWIjCjnONx/0e0e6258-b2cc-4e28-b9f8-2311d18f1aaa.png,https://media-cdn.cortextech.io/1dU3kpCqReRp93/1BSdBWIjCjnONx/0e0e6258-b2cc-4e28-b9f8-2311d18f1aaa.png,MAD,Real Madrid,Real Madrid,Real,RMB,FALSE,https://media-cdn.incrowdsports.com/371b0d9b-9250-4c09-bda7-0686cf024657.png,EuroLeague 2026-27,E2026,2026-27,E,2026,2026-07-01T00:00:00
002939,"SATORANSKY, TOMAS",Tomas Satoransky,Satoransky,Satoransky,TOMAS,SATORANSKY,SATORANSKY,"Satoransky, T.",CZE,Czech Republic,201,95,1991-10-30T00:00:00,CZE,Czech Republic,satoransky,,,FALSE,NA,NA,J,Player,TRUE,2026-09-17T10:18:03.109,2027-06-30T00:00:00,0,13,13,1,Guard,BARCELONA,56785,https://media-cdn.cortextech.io/1dU3kpCqReRp93/1BSdBWIjCjnOS3/d69e270c-f55c-4c4f-a3aa-c9dbf4752d3a.png,https://media-cdn.cortextech.io/1dU3kpCqReRp93/1BSdBWIjCjnOS3/d69e270c-f55c-4c4f-a3aa-c9dbf4752d3a.png,HTA,Hapoel IBI Tel Aviv,Hapoel TLV,Hapoel,HTA,FALSE,https://media-cdn.incrowdsports.com/cbb1c3ad-03d5-426a-b5ef-2832a4eee484.png,EuroLeague 2026-27,E2026,2026-27,E,2026,2026-07-01T00:00:00
007230,"SEDEKERSKIS, TADAS",Tadas Sedekerskis,"SEDEKERSKIS, TADAS","SEDEKERSKIS, TADAS",TADAS,SEDEKERSKIS,SEDEKERSKIS,"Sedekerskis, T.",LTU,Lithuania,206,98,1998-01-17T00:00:00,LTU,Lithuania,,tsedekerskis/,,FALSE,NA,NA,J,Player,TRUE,2026-08-12T07:56:51.463,2027-06-30T00:00:00,0,8,8,2,Forward,SASKI BASKONIA,54833,https://media-cdn.cortextech.io/1dU3kpCqReRp93/1BSdBWIjCjnONy/6d9e7b46-0476-4952-bef8-584efabcd9da.png,https://media-cdn.cortextech.io/1dU3kpCqReRp93/1BSdBWIjCjnONy/6d9e7b46-0476-4952-bef8-584efabcd9da.png,BAS,Kosner Baskonia Vitoria-Gasteiz,Baskonia,Baskonia,KBA,FALSE,https://media-cdn.cortextech.io/cbc49cb0-99ce-4462-bdb7-56983ee03cf4.png,EuroLeague 2026-27,E2026,2026-27,E,2026,2026-07-01T00:00:00
011980,"SESTINA, NATHAN",Nathan Sestina,"SESTINA, NATHAN","SESTINA, NATHAN",NATHAN MICHAEL,SESTINA,SESTINA,,USA,United States of America,203,104,1997-05-12T00:00:00,USA,United States of America,,,,FALSE,NA,NA,J,Player,TRUE,2026-09-21T07:50:19.041,2027-06-30T00:00:00,0,77,77,2,Forward,OLIMPIA MILAN,56890,https://media-cdn.cortextech.io/1dU3kpCqReRp93/1BSdBWIjCjnOS3/8ba46742-6769-488b-b657-85dce431176d.png,https://media-cdn.cortextech.io/1dU3kpCqReRp93/1BSdBWIjCjnOS3/8ba46742-6769-488b-b657-85dce431176d.png,ASV,LDLC ASVEL Villeurbanne,LDLC ASVEL,ASVEL,ASV,FALSE,https://media-cdn.incrowdsports.com/e33c6d1a-95ca-4dbc-b8cb-0201812104cc.png,EuroLeague 2026-27,E2026,2026-27,E,2026,2026-07-01T00:00:00
001133,"SHENGELIA, TORNIKE",Tornike Shengelia,Shengelia,Shengelia,TORNIKE,SHENGELIA,SHENGELIA,"Shengelia, T.",GEO,Georgia,207,102,1991-10-05T00:00:00,GEO,Georgia,TokoShengelia23,tshengel1a/,ShengeliaTornike/,FALSE,NA,NA,J,Player,TRUE,2026-09-03T13:23:51.875,2027-06-30T00:00:00,0,23,23,2,Forward,FC BARCELONA,55674,https://media-cdn.cortextech.io/1dU3kpCqReRp93/1BSdBWIjCjnONx/e5269ade-cab3-4ddc-84df-0d58fb9adb9b.png,https://media-cdn.cortextech.io/1dU3kpCqReRp93/1BSdBWIjCjnONx/e5269ade-cab3-4ddc-84df-0d58fb9adb9b.png,DUB,Dubai Basketball,Dubai,Dubai,DUB,FALSE,https://media-cdn.incrowdsports.com/1efae090-16e2-4963-ae47-4b94f249c244.png,EuroLeague 2026-27,E2026,2026-27,E,2026,2026-07-01T00:00:00
007831,"SHIELDS, SHAVON",Shavon Shields,"SHIELDS, SHAVON","SHIELDS, SHAVON",SHAVON ODAY STOKHOLM,SHIELDS,SHIELDS,"Shields, S.",DEN,Denmark,201,98,1994-06-05T00:00:00,USA,United States of America,shields3uno,shields3uno/,,FALSE,NA,NA,J,Player,TRUE,2026-09-04T09:12:11.719,2027-06-30T00:00:00,0,31,31,2,Forward,EA7 EMPORIO ARMANI MILAN,55690,https://media-cdn.cortextech.io/1dU3kpCqReRp93/1BSdBWIjCjnONx/4adacf26-ab9b-4135-b5e7-fa796201e667.png,https://media-cdn.cortextech.io/1dU3kpCqReRp93/1BSdBWIjCjnONx/4adacf26-ab9b-4135-b5e7-fa796201e667.png,ULK,Fenerbahce Tarfin Istanbul,Fenerbahce,Fenerbahce,FBT,FALSE,https://media-cdn.cortextech.io/1dU3kpCqReRp93/1BSdBWIjCiezrk/aa39750a-6203-49ee-a87d-edd0c6f0397d.png,EuroLeague 2026-27,E2026,2026-27,E,2026,2026-07-01T00:00:00
012608,"SHORTS, TJ",Tj Shorts,"SHORTS II, TIMOTHY NEOCARTES","SHORTS II, TIMOTHY NEOCARTES",TIMOTHY NEOCARTES,SHORTS VTORI,SHORTS II,,MKD,North Macedonia,175,73,1997-10-15T00:00:00,USA,United States of America,,,,FALSE,NA,NA,J,Player,TRUE,2026-09-04T12:25:35.006,2027-06-30T00:00:00,0,0,0,1,Guard,PANATHINAIKOS BC,55706,https://media-cdn.cortextech.io/1dU3kpCqReRp93/1BSdBWIjCjnONy/9fa5bf1b-8cb1-4875-8ac7-42ec4173ec8b.png,https://media-cdn.cortextech.io/1dU3kpCqReRp93/1BSdBWIjCjnONy/9fa5bf1b-8cb1-4875-8ac7-42ec4173ec8b.png,PAM,Valencia Basket,Valencia,Valencia,VBC,FALSE,https://media-cdn.cortextech.io/1dU3kpCqReRp93/1BSdBWIjChWbHL/bc3e00b2-fea4-40be-a7ec-1e633129bde3.png,EuroLeague 2026-27,E2026,2026-27,E,2026,2026-07-01T00:00:00
015102,"SHULGA, MAKSYM",Maksym Shulga,"SHULGA, MAKSYM","SHULGA, MAKSYM",MAKSYM,SHULGA,SHULGA,NA,UKR,Ukraine,195,94,2002-06-25T00:00:00,UKR,Ukraine,,,,FALSE,NA,NA,J,Player,TRUE,2026-09-12T10:24:52.571,2027-06-30T00:00:00,0,2,2,2,Forward,BOSTON CELTICS,56523,https://media-cdn.cortextech.io/1dU3kpCqReRp93/1BSdBWIjCjnONx/cdac60fb-e653-4135-b2e9-52b8e96e9a82.png,https://media-cdn.cortextech.io/1dU3kpCqReRp93/1BSdBWIjCjnONx/cdac60fb-e653-4135-b2e9-52b8e96e9a82.png,MAD,Real Madrid,Real Madrid,Real,RMB,FALSE,https://media-cdn.incrowdsports.com/371b0d9b-9250-4c09-bda7-0686cf024657.png,EuroLeague 2026-27,E2026,2026-27,E,2026,2026-07-01T00:00:00
014220,"SILVA, CHRIS",Chris Silva,"SILVA, CHRIS","SILVA, CHRIS",JUNIOR CHRISTOPHER,OBAME CORREIA SILVA,SILVA,NA,GAB,Gabon,203,106,1996-09-19T00:00:00,GAB,Gabon,,,,FALSE,NA,NA,J,Player,TRUE,2026-08-12T07:49:43.15,2027-06-30T00:00:00,0,30,30,3,Center,FENERBAHCE ISTANBUL,54811,https://media-cdn.cortextech.io/1dU3kpCqReRp93/1BSdBWIjCjnONx/feec6c35-12e0-40b5-b67e-4950139c43e6.png,https://media-cdn.cortextech.io/1dU3kpCqReRp93/1BSdBWIjCjnONx/feec6c35-12e0-40b5-b67e-4950139c43e6.png,ULK,Fenerbahce Tarfin Istanbul,Fenerbahce,Fenerbahce,FBT,FALSE,https://media-cdn.cortextech.io/1dU3kpCqReRp93/1BSdBWIjCiezrk/aa39750a-6203-49ee-a87d-edd0c6f0397d.png,EuroLeague 2026-27,E2026,2026-27,E,2026,2026-07-01T00:00:00
005596,"SIMA, YANKUBA",Yankuba Sima,YANKUBA SIMA,YANKUBA SIMA,YANKUBA,SIMA FATTY,SIMA,,ESP,Spain,209,107,1996-07-28T00:00:00,ESP,Spain,,,,FALSE,NA,NA,J,Player,TRUE,2026-08-12T08:20:28.838,2027-06-30T00:00:00,0,77,77,3,Center,VALENCIA BASKET CLUB,54923,https://media-cdn.cortextech.io/1dU3kpCqReRp93/1BSdBWIjCjnONy/f261acd1-82c0-46d6-a434-3e5618079360.png,https://media-cdn.cortextech.io/1dU3kpCqReRp93/1BSdBWIjCjnONy/f261acd1-82c0-46d6-a434-3e5618079360.png,PAM,Valencia Basket,Valencia,Valencia,VBC,FALSE,https://media-cdn.cortextech.io/1dU3kpCqReRp93/1BSdBWIjChWbHL/bc3e00b2-fea4-40be-a7ec-1e633129bde3.png,EuroLeague 2026-27,E2026,2026-27,E,2026,2026-07-01T00:00:00
014152,"SIMMONS, KOBI",Kobi Simmons,"SIMMONS, KOBI","SIMMONS, KOBI",KOBI,SIMMONS,SIMMONS,NA,USA,United States of America,192,77,1997-07-04T00:00:00,USA,United States of America,,,,FALSE,NA,NA,J,Player,TRUE,2026-09-04T10:06:51.015,2027-06-30T00:00:00,0,2,2,1,Guard,SASKI BASKONIA,55693,https://media-cdn.cortextech.io/1dU3kpCqReRp93/1BSdBWIjCjnONy/b17aec54-7bd1-42a5-8b4c-c978b681473b.png,https://media-cdn.cortextech.io/1dU3kpCqReRp93/1BSdBWIjCjnONy/b17aec54-7bd1-42a5-8b4c-c978b681473b.png,BAS,Kosner Baskonia Vitoria-Gasteiz,Baskonia,Baskonia,KBA,FALSE,https://media-cdn.cortextech.io/cbc49cb0-99ce-4462-bdb7-56983ee03cf4.png,EuroLeague 2026-27,E2026,2026-27,E,2026,2026-07-01T00:00:00
007029,"SIRVYDIS, DEIVIDAS",Deividas Sirvydis,"SIRVYDIS, DEIVIDAS","SIRVYDIS, DEIVIDAS",DEIVIDAS,SIRVYDIS,SIRVYDIS,"Sirvydis, D.",LTU,Lithuania,204,96,2000-06-10T00:00:00,LTU,Lithuania,,,,FALSE,NA,NA,J,Player,TRUE,2026-08-12T08:26:02.038,2027-06-30T00:00:00,0,91,91,1,Guard,ZALGIRIS KAUNAS,54939,https://media-cdn.cortextech.io/1dU3kpCqReRp93/1BSdBWIjCjnONz/0f38f343-3a06-40e9-a3f6-999fae1df4cb.png,https://media-cdn.cortextech.io/1dU3kpCqReRp93/1BSdBWIjCjnONz/0f38f343-3a06-40e9-a3f6-999fae1df4cb.png,ZAL,Zalgiris Kaunas,Zalgiris,Zalgiris,ZAL,FALSE,https://media-cdn.incrowdsports.com/0aa09358-3847-4c4e-b228-3582ee4e536d.png,EuroLeague 2026-27,E2026,2026-27,E,2026,2026-07-01T00:00:00
011927,"SLEVA, DUSTIN",Dustin Sleva,"SLEVA, DUSTIN","SLEVA, DUSTIN",DUSTIN NATHANIEL,SLEVA,SLEVA,,USA,United States of America,203,102,1995-09-23T00:00:00,USA,United States of America,,,,FALSE,NA,NA,J,Player,TRUE,2026-08-12T08:26:01.375,2027-06-30T00:00:00,0,14,14,2,Forward,ZALGIRIS KAUNAS,54936,https://media-cdn.cortextech.io/1dU3kpCqReRp93/1BSdBWIjCjnONz/f37f7850-396e-44d3-8dcc-c6503a4a76d3.png,https://media-cdn.cortextech.io/1dU3kpCqReRp93/1BSdBWIjCjnONz/f37f7850-396e-44d3-8dcc-c6503a4a76d3.png,ZAL,Zalgiris Kaunas,Zalgiris,Zalgiris,ZAL,FALSE,https://media-cdn.incrowdsports.com/0aa09358-3847-4c4e-b228-3582ee4e536d.png,EuroLeague 2026-27,E2026,2026-27,E,2026,2026-07-01T00:00:00
001926,"SLOUKAS, KOSTAS",Kostas Sloukas,Sloukas,Sloukas,KONSTANTINOS,SLOUKAS,SLOUKAS,"Sloukas, K.",GRE,Greece,190,87,1990-01-15T00:00:00,GRE,Greece,kos_slou,kos_slou/,,FALSE,NA,NA,J,Player,TRUE,2026-09-09T15:37:19.602,2027-06-30T00:00:00,0,10,10,1,Guard,PANATHINAIKOS BSA,56355,https://media-cdn.cortextech.io/1dU3kpCqReRp93/1BSdBWIjCjnONz/f366b944-dbc4-4b06-984d-c6cad9800321.png,https://media-cdn.cortextech.io/1dU3kpCqReRp93/1BSdBWIjCjnONz/f366b944-dbc4-4b06-984d-c6cad9800321.png,PAN,Panathinaikos AKTOR Athens,Panathinaikos,Panathinaikos,PAO,FALSE,https://media-cdn.incrowdsports.com/e3dff28a-9ec6-4faf-9d96-ecbc68f75780.png,EuroLeague 2026-27,E2026,2026-27,E,2026,2026-07-01T00:00:00
011219,"SORKIN, ROMAN",Roman Sorkin,"SORKIN, ROMAN","SORKIN, ROMAN",ROMAN,SORKIN,SORKIN,"Sorkin, R.",ISR,Israel,208,95,1996-08-11T00:00:00,BLR,Belarus,RomannSorkin,romsorkin/,,FALSE,NA,NA,J,Player,TRUE,2026-08-12T08:00:44.783,2027-06-30T00:00:00,0,9,9,2,Forward,MACCABI TEL AVIV,54849,https://media-cdn.cortextech.io/1dU3kpCqReRp93/1BSdBWIjCjnOS3/c056fe88-30e4-4adf-81b8-5817e9132d13.png,https://media-cdn.cortextech.io/1dU3kpCqReRp93/1BSdBWIjCjnOS3/c056fe88-30e4-4adf-81b8-5817e9132d13.png,TEL,Maccabi Rapyd Tel Aviv,Maccabi,Maccabi,MTA,FALSE,https://media-cdn.cortextech.io/1b533342-78f5-4932-b714-a7d80b5826b5.png,EuroLeague 2026-27,E2026,2026-27,E,2026,2026-07-01T00:00:00
014103,"SOUZA, PEDRO",Pedro Souza,"SOUZA FIGUEIREDO, PEDRO LUCAS","SOUZA FIGUEIREDO, PEDRO LUCAS",PEDRO LUCAS,SOUZA FIGUEIREDO,SOUZA,NA,BRA,Brazil,192,87,2008-12-04T00:00:00,BRA,Brazil,,,,FALSE,NA,NA,J,Player,TRUE,2026-09-09T14:30:27.304,2027-06-30T00:00:00,0,11,11,2,Forward,SASKI BASKONIA,56328,https://media-cdn.cortextech.io/1dU3kpCqReRp93/1BSdBWIjCjnONy/c6c7853f-9cf1-43b3-b749-dd3b1b1a5484.png,https://media-cdn.cortextech.io/1dU3kpCqReRp93/1BSdBWIjCjnONy/c6c7853f-9cf1-43b3-b749-dd3b1b1a5484.png,BAS,Kosner Baskonia Vitoria-Gasteiz,Baskonia,Baskonia,KBA,FALSE,https://media-cdn.cortextech.io/cbc49cb0-99ce-4462-bdb7-56983ee03cf4.png,EuroLeague 2026-27,E2026,2026-27,E,2026,2026-07-01T00:00:00
008173,"SPAGNOLO, MATTEO",Matteo Spagnolo,"SPAGNOLO, MATTEO","SPAGNOLO, MATTEO",MATTEO,SPAGNOLO,SPAGNOLO,"Spagnolo, M.",ITA,Italy,193,90,2003-01-10T00:00:00,ITA,Italy,,,,FALSE,NA,NA,J,Player,TRUE,2026-08-12T07:56:51.724,2027-06-30T00:00:00,0,10,10,1,Guard,SASKI BASKONIA,54834,https://media-cdn.cortextech.io/1dU3kpCqReRp93/1BSdBWIjCjnONy/c46e739a-7112-423c-b1cf-1551460475dc.png,https://media-cdn.cortextech.io/1dU3kpCqReRp93/1BSdBWIjCjnONy/c46e739a-7112-423c-b1cf-1551460475dc.png,BAS,Kosner Baskonia Vitoria-Gasteiz,Baskonia,Baskonia,KBA,FALSE,https://media-cdn.cortextech.io/cbc49cb0-99ce-4462-bdb7-56983ee03cf4.png,EuroLeague 2026-27,E2026,2026-27,E,2026,2026-07-01T00:00:00
014009,"STEVENS, LAMAR",Lamar Stevens,"STEVENS, LAMAR","STEVENS, LAMAR",LAMAR BRANDON,STEVENS,STEVENS,NA,USA,United States of America,201,104,1997-07-09T00:00:00,USA,United States of America,,,,FALSE,NA,NA,J,Player,TRUE,2026-09-04T13:10:31.533,2027-06-30T00:00:00,0,11,11,2,Forward,PARIS BASKETBALL,55719,https://media-cdn.cortextech.io/1dU3kpCqReRp93/1BSdBWIjCjnONz/5add268d-bb5b-4c7d-934a-5214df1f201a.png,https://media-cdn.cortextech.io/1dU3kpCqReRp93/1BSdBWIjCjnONz/5add268d-bb5b-4c7d-934a-5214df1f201a.png,PAR,Partizan Mozzart Bet Belgrade,Partizan,Partizan,PAR,FALSE,https://media-cdn.incrowdsports.com/2681304e-77dd-4331-88b1-683078c0fb49.png,EuroLeague 2026-27,E2026,2026-27,E,2026,2026-07-01T00:00:00
012700,"STEWART, DJ",Dj Stewart,"STEWART, DJ","STEWART, DJ",DEWAYNE,STEWART JR,STEWART,,USA,United States of America,196,95,1999-07-28T00:00:00,USA,United States of America,,,,FALSE,NA,NA,J,Player,TRUE,2026-09-07T11:31:33.809,2027-06-30T00:00:00,0,3,3,2,Forward,CEDEVITA,55843,https://media-cdn.cortextech.io/1dU3kpCqReRp93/1BSdBWIjCjnONy/3227ae52-09cc-4723-a410-4cc76c99a30b.png,https://media-cdn.cortextech.io/1dU3kpCqReRp93/1BSdBWIjCjnONy/3227ae52-09cc-4723-a410-4cc76c99a30b.png,BAS,Kosner Baskonia Vitoria-Gasteiz,Baskonia,Baskonia,KBA,FALSE,https://media-cdn.cortextech.io/cbc49cb0-99ce-4462-bdb7-56983ee03cf4.png,EuroLeague 2026-27,E2026,2026-27,E,2026,2026-07-01T00:00:00
008099,"STRAZEL, MATTHEW",Matthew Strazel,"STRAZEL, MATTHEW","STRAZEL, MATTHEW",MATTHEW NELSON,STRAZEL,STRAZEL,"Strazel, M.",FRA,France,184,78,2002-08-05T00:00:00,FRA,France,,mtwbucket32/,,FALSE,NA,NA,J,Player,TRUE,2026-09-17T14:35:16.944,2027-06-30T00:00:00,0,32,32,1,Guard,AS MONACO BASKET,56803,https://media-cdn.cortextech.io/1dU3kpCqReRp93/1BSdBWIjCjnONz/d299652d-429d-4226-89d6-8286c61c0533.png,https://media-cdn.cortextech.io/1dU3kpCqReRp93/1BSdBWIjCjnONz/d299652d-429d-4226-89d6-8286c61c0533.png,IST,Anadolu Efes Istanbul,Anadolu Efes,Efes,EFS,FALSE,https://media-cdn.cortextech.io/1dU3kpCqReRp93/1BSdBWIjCgOCxM/a844756c-a58d-4666-93b8-48f7337bc79d.png,EuroLeague 2026-27,E2026,2026-27,E,2026,2026-07-01T00:00:00
012838,"SUSIC, ANDRIJA",Andrija Susic,"SUSIC, ANDRIJA","SUSIC, ANDRIJA",ANDRIJA,SUSIC,Susic,NA,SRB,Serbia,195,86,2008-04-09T00:00:00,SRB,Serbia,,,,FALSE,NA,NA,J,Player,TRUE,2026-09-04T08:40:48.388,2027-06-30T00:00:00,0,42,42,1,Guard,FC BAYERN MUNICH,55683,NA,NA,MUN,FC Bayern Munich,Bayern Munich,Bayern,BAY,FALSE,https://media-cdn.incrowdsports.com/817b0e58-d595-4b09-ab0b-1e7cc26249ff.png,EuroLeague 2026-27,E2026,2026-27,E,2026,2026-07-01T00:00:00
005637,"TANASKOVIC, NIKOLA",Nikola Tanaskovic,"TANASKOVIC, NIKOLA","TANASKOVIC, NIKOLA",NIKOLA,TANASKOVIC,TANASKOVIC,"Tanaskovic, N.",SRB,Serbia,205,98,1997-10-21T00:00:00,SRB,Serbia,,,,FALSE,NA,NA,J,Player,TRUE,2026-09-04T13:10:31.269,2027-06-30T00:00:00,0,10,10,3,Center,BUDUCNOST VOLI,55718,https://media-cdn.cortextech.io/1dU3kpCqReRp93/1BSdBWIjCjnONz/006c0b2b-dc89-4472-b380-42b164584efd.png,https://media-cdn.cortextech.io/1dU3kpCqReRp93/1BSdBWIjCjnONz/006c0b2b-dc89-4472-b380-42b164584efd.png,PAR,Partizan Mozzart Bet Belgrade,Partizan,Partizan,PAR,FALSE,https://media-cdn.incrowdsports.com/2681304e-77dd-4331-88b1-683078c0fb49.png,EuroLeague 2026-27,E2026,2026-27,E,2026,2026-07-01T00:00:00
012515,"TARPEY, TERRY",Terry Tarpey,"TARPEY, TERRY","TARPEY, TERRY",TERENCE MICHAEL,TARPEY,TARPEY,,USA,United States of America,196,95,1994-03-02T00:00:00,FRA,France,,,,FALSE,NA,NA,J,Player,TRUE,2026-09-07T12:00:27.903,2027-06-30T00:00:00,0,3,3,1,Guard,AS MONACO,55854,https://media-cdn.cortextech.io/1dU3kpCqReRp93/1BSdBWIjCjnONz/c9d9c3be-5f8b-4877-a12a-c757b239e3f0.png,https://media-cdn.cortextech.io/1dU3kpCqReRp93/1BSdBWIjCjnONz/c9d9c3be-5f8b-4877-a12a-c757b239e3f0.png,PRS,Paris Basketball,Paris,Paris,PBB,FALSE,https://media-cdn.incrowdsports.com/a033e5b3-0de7-48a3-98d9-d9a4b9df1f39.png,EuroLeague 2026-27,E2026,2026-27,E,2026,2026-07-01T00:00:00
005791,"TAVARES, WALTER",Walter Tavares,Tavares,Tavares,WALTER SAMUEL,TAVARES DA VEIGA,TAVARES,"Tavares, W.",CPV,Cabo Verde,220,125,1992-03-22T00:00:00,CPV,Cabo Verde,waltertavares22,22edy22/,,FALSE,NA,NA,J,Player,TRUE,2026-08-12T08:18:28.445,2027-06-30T00:00:00,0,22,22,3,Center,REAL MADRID,54911,https://media-cdn.cortextech.io/1dU3kpCqReRp93/1BSdBWIjCjnONx/5b397c09-49ba-4da7-9bb3-547d1b868d7e.png,https://media-cdn.cortextech.io/1dU3kpCqReRp93/1BSdBWIjCjnONx/5b397c09-49ba-4da7-9bb3-547d1b868d7e.png,MAD,Real Madrid,Real Madrid,Real,RMB,FALSE,https://media-cdn.incrowdsports.com/371b0d9b-9250-4c09-bda7-0686cf024657.png,EuroLeague 2026-27,E2026,2026-27,E,2026,2026-07-01T00:00:00
011217,"TAYLOR, KAMERON",Kameron Taylor,"TAYLOR, KAMERON","TAYLOR, KAMERON",KAMERON MILTON ALLANTE,TAYLOR,TAYLOR,"Taylor, K.",USA,United States of America,198,95,1994-10-05T00:00:00,USA,United States of America,,,,FALSE,NA,NA,J,Player,TRUE,2026-08-12T08:20:26.985,2027-06-30T00:00:00,0,1,1,2,Forward,VALENCIA BASKET CLUB,54915,https://media-cdn.cortextech.io/1dU3kpCqReRp93/1BSdBWIjCjnONy/3b0e8ccd-7ede-4942-9275-87284f367e54.png,https://media-cdn.cortextech.io/1dU3kpCqReRp93/1BSdBWIjCjnONy/3b0e8ccd-7ede-4942-9275-87284f367e54.png,PAM,Valencia Basket,Valencia,Valencia,VBC,FALSE,https://media-cdn.cortextech.io/1dU3kpCqReRp93/1BSdBWIjChWbHL/bc3e00b2-fea4-40be-a7ec-1e633129bde3.png,EuroLeague 2026-27,E2026,2026-27,E,2026,2026-07-01T00:00:00
004132,"THEIS, DANIEL",Daniel Theis,Theis,Theis,DANIEL,THEIS,THEIS,"Theis, D.",GER,Germany,204,113,1992-04-04T00:00:00,GER,Germany,,,,FALSE,NA,NA,J,Player,TRUE,2026-09-17T05:47:10.241,2027-06-30T00:00:00,0,23,23,3,Center,MONACO,56730,https://media-cdn.cortextech.io/1dU3kpCqReRp93/1BSdBWIjCjnOS3/18a7b04c-9b8b-4999-a57f-936ac7384a4d.png,https://media-cdn.cortextech.io/1dU3kpCqReRp93/1BSdBWIjCjnOS3/18a7b04c-9b8b-4999-a57f-936ac7384a4d.png,TEL,Maccabi Rapyd Tel Aviv,Maccabi,Maccabi,MTA,FALSE,https://media-cdn.cortextech.io/1b533342-78f5-4932-b714-a7d80b5826b5.png,EuroLeague 2026-27,E2026,2026-27,E,2026,2026-07-01T00:00:00
003958,"THIEMANN, JOHANNES",Johannes Thiemann,Thiemann,Thiemann,JOHANNES PIERRE LOTI,THIEMANN,Thiemann,"Thiemann, J.",GER,Germany,205,110,1994-02-09T00:00:00,GER,Germany,,johannesthiemann/,,FALSE,NA,NA,J,Player,TRUE,2026-09-04T08:40:47.88,2027-06-30T00:00:00,0,32,32,3,Center,GUNMA CRANE THUNDERS,55681,https://media-cdn.cortextech.io/1dU3kpCqReRp93/1BSdBWIjCjnONy/433d3d49-72bc-4d2e-b2e4-7e0af18677d6.png,https://media-cdn.cortextech.io/1dU3kpCqReRp93/1BSdBWIjCjnONy/433d3d49-72bc-4d2e-b2e4-7e0af18677d6.png,MUN,FC Bayern Munich,Bayern Munich,Bayern,BAY,FALSE,https://media-cdn.incrowdsports.com/817b0e58-d595-4b09-ab0b-1e7cc26249ff.png,EuroLeague 2026-27,E2026,2026-27,E,2026,2026-07-01T00:00:00
011078,"THOMPSON, DARIUS",Darius Thompson,"THOMPSON, DARIUS","THOMPSON, DARIUS",DARIUS JAMAR,THOMPSON,THOMPSON,"Thompson, D.",ITA,Italy,193,93,1995-05-04T00:00:00,USA,United States of America,dthomp15,dthomp_15,,FALSE,NA,NA,J,Player,TRUE,2026-09-02T13:04:24.738,2027-06-30T00:00:00,0,13,13,1,Guard,VALENCIA BASKET,55639,https://media-cdn.cortextech.io/1dU3kpCqReRp93/1BSdBWIjCjnONy/cd27e6f7-5e0b-45ac-a3e9-6f2c60adb886.png,https://media-cdn.cortextech.io/1dU3kpCqReRp93/1BSdBWIjCjnONy/cd27e6f7-5e0b-45ac-a3e9-6f2c60adb886.png,MIL,Armani Olimpia Milan,Milan,Milan,MIL,FALSE,https://media-cdn.cortextech.io/1dU3kpCqReRp93/1BSdBWIjChWbHH/5c2f0ab6-f86a-4df0-b2f3-f9ab92f7267b.png,EuroLeague 2026-27,E2026,2026-27,E,2026,2026-07-01T00:00:00
014742,"THOMPSON, ETHAN",Ethan Thompson,"THOMPSON, ETHAN","THOMPSON, ETHAN",ETHAN IVAN,THOMPSON,THOMPSON,NA,USA,United States of America,193,88,1999-05-04T00:00:00,USA,United States of America,,,,FALSE,NA,NA,J,Player,TRUE,2026-09-04T13:10:30.46,2027-06-30T00:00:00,0,5,5,2,Forward,NBA,55716,https://media-cdn.cortextech.io/1dU3kpCqReRp93/1BSdBWIjCjnONz/2fadad36-f7fa-4856-92c2-60493c034f06.png,https://media-cdn.cortextech.io/1dU3kpCqReRp93/1BSdBWIjCjnONz/2fadad36-f7fa-4856-92c2-60493c034f06.png,PAR,Partizan Mozzart Bet Belgrade,Partizan,Partizan,PAR,FALSE,https://media-cdn.incrowdsports.com/2681304e-77dd-4331-88b1-683078c0fb49.png,EuroLeague 2026-27,E2026,2026-27,E,2026,2026-07-01T00:00:00
004846,"TIMOR, BAR",Bar Timor,Timor,Timor,BAR,TIMOR,TIMOR,"Timor, B.",ISR,Israel,191,90,1992-03-02T00:00:00,ISR,Israel,,,,FALSE,NA,NA,J,Player,TRUE,2026-08-12T07:53:40.203,2027-06-30T00:00:00,0,10,10,1,Guard,HAPOEL IBI TEL AVIV,54818,https://media-cdn.cortextech.io/1dU3kpCqReRp93/1BSdBWIjCjnOS3/32ee037a-13a6-4b53-a74a-207073950a6c.png,https://media-cdn.cortextech.io/1dU3kpCqReRp93/1BSdBWIjCjnOS3/32ee037a-13a6-4b53-a74a-207073950a6c.png,HTA,Hapoel IBI Tel Aviv,Hapoel TLV,Hapoel,HTA,FALSE,https://media-cdn.incrowdsports.com/cbb1c3ad-03d5-426a-b5ef-2832a4eee484.png,EuroLeague 2026-27,E2026,2026-27,E,2026,2026-07-01T00:00:00
006509,"TONUT, STEFANO",Stefano Tonut,Tonut,Tonut,STEFANO,TONUT,TONUT,"Tonut, S.",ITA,Italy,194,95,1993-11-07T00:00:00,ITA,Italy,SteveBucket7,stevebucket07,,FALSE,https://media-cdn.incrowdsports.com/e9185ed8-ec6e-4262-a6b8-b77665fe057e.png,NA,J,Player,TRUE,2026-09-02T13:04:24.505,2027-06-30T00:00:00,0,7,7,1,Guard,EA7 EMPORIO ARMANI MILAN,55638,https://media-cdn.cortextech.io/1dU3kpCqReRp93/1BSdBWIjCjnONy/0ded6608-d66e-42a8-a775-2abc02c99bc0.png,https://media-cdn.cortextech.io/1dU3kpCqReRp93/1BSdBWIjCjnONy/0ded6608-d66e-42a8-a775-2abc02c99bc0.png,MIL,Armani Olimpia Milan,Milan,Milan,MIL,FALSE,https://media-cdn.cortextech.io/1dU3kpCqReRp93/1BSdBWIjChWbHH/5c2f0ab6-f86a-4df0-b2f3-f9ab92f7267b.png,EuroLeague 2026-27,E2026,2026-27,E,2026,2026-07-01T00:00:00
015151,"TOPPIN, JACOB",Jacob Toppin,"TOPPIN, JACOB","TOPPIN, JACOB",JACOB,TOPPIN,TOPPIN,NA,USA,United States of America,206,91,2000-05-08T00:00:00,USA,United States of America,,,,FALSE,NA,NA,J,Player,TRUE,2026-09-17T10:18:02.023,2027-06-30T00:00:00,0,0,0,2,Forward,ATLANTA HAWKS,56782,https://media-cdn.cortextech.io/1dU3kpCqReRp93/1BSdBWIjCjnOS3/ab75cdba-6b5b-4813-9777-cb7499db4341.png,https://media-cdn.cortextech.io/1dU3kpCqReRp93/1BSdBWIjCjnOS3/ab75cdba-6b5b-4813-9777-cb7499db4341.png,HTA,Hapoel IBI Tel Aviv,Hapoel TLV,Hapoel,HTA,FALSE,https://media-cdn.incrowdsports.com/cbb1c3ad-03d5-426a-b5ef-2832a4eee484.png,EuroLeague 2026-27,E2026,2026-27,E,2026,2026-07-01T00:00:00
008192,"TUBELIS, AZUOLAS",Azuolas Tubelis,"TUBELIS, AZUOLAS","TUBELIS, AZUOLAS",AZUOLAS,TUBELIS,TUBELIS,"Tubelis, A.",LTU,Lithuania,208,111,2002-03-22T00:00:00,LTU,Lithuania,,azuolaz,,FALSE,NA,NA,J,Player,TRUE,2026-08-12T08:26:01.166,2027-06-30T00:00:00,0,10,10,2,Forward,ZALGIRIS KAUNAS,54935,https://media-cdn.cortextech.io/1dU3kpCqReRp93/1BSdBWIjCjnONz/0f86bd76-5ed2-47f4-b8ef-0bc5a88238d8.png,https://media-cdn.cortextech.io/1dU3kpCqReRp93/1BSdBWIjCjnONz/0f86bd76-5ed2-47f4-b8ef-0bc5a88238d8.png,ZAL,Zalgiris Kaunas,Zalgiris,Zalgiris,ZAL,FALSE,https://media-cdn.incrowdsports.com/0aa09358-3847-4c4e-b228-3582ee4e536d.png,EuroLeague 2026-27,E2026,2026-27,E,2026,2026-07-01T00:00:00
010062,"UBAL, AGUSTIN",Agustin Ubal,"UBAL, AGUSTIN","UBAL, AGUSTIN",AGUSTIN,UBAL AGOSTINI,UBAL,"Ubal, A.",ITA,Italy,198,84,2003-07-19T00:00:00,URU,Uruguay,,,,FALSE,NA,NA,J,Player,TRUE,2026-09-17T07:30:11.308,2027-06-30T00:00:00,0,10,10,1,Guard,BASQUET MANRESA,56750,https://media-cdn.cortextech.io/1dU3kpCqReRp93/1BSdBWIjCjnONz/39b2de60-fa01-4038-bf51-da9381d0d9e1.png,https://media-cdn.cortextech.io/1dU3kpCqReRp93/1BSdBWIjCjnONz/39b2de60-fa01-4038-bf51-da9381d0d9e1.png,BAR,FC Barcelona,FC Barcelona,Barca,BAR,FALSE,https://media-cdn.incrowdsports.com/35dfa503-e417-481f-963a-bdf6f013763e.png,EuroLeague 2026-27,E2026,2026-27,E,2026,2026-07-01T00:00:00
003783,"UGURLU, BERK",Berk Ugurlu,Ugurlu,Ugurlu,BERK IBRAHIM,UGURLU,UGURLU,"Ugurlu, B.",TUR,Turkiye,192,90,1996-04-27T00:00:00,TUR,Turkiye,,,,FALSE,NA,NA,J,Player,TRUE,2026-09-15T08:41:06.581,2027-06-30T00:00:00,0,6,6,1,Guard,BESIKTAS ISTANBUL,56704,https://media-cdn.cortextech.io/1dU3kpCqReRp93/1BSdBWIjCjnONy/77ba51f1-2dd6-440d-b07f-8a4d28890f85.png,https://media-cdn.cortextech.io/1dU3kpCqReRp93/1BSdBWIjCjnONy/77ba51f1-2dd6-440d-b07f-8a4d28890f85.png,BES,Besiktas Istanbul,Besiktas,Besiktas,BJK,FALSE,https://media-cdn.cortextech.io/1dU3kpCqReRp93/1BSdBWIjChWbHH/b05e3c54-e672-4b31-9f86-c91e9de7715c.png,EuroLeague 2026-27,E2026,2026-27,E,2026,2026-07-01T00:00:00
002329,"ULANOVAS, EDGARAS",Edgaras Ulanovas,Ulanovas,Ulanovas,EDGARAS,ULANOVAS,ULANOVAS,"Ulanovas, E.",LTU,Lithuania,199,100,1992-01-07T00:00:00,LTU,Lithuania,UlanovasEdgaras,,EdgarasUlanovas/,FALSE,NA,NA,J,Player,TRUE,2026-08-12T08:26:02.256,2027-06-30T00:00:00,0,92,92,2,Forward,ZALGIRIS KAUNAS,54940,https://media-cdn.cortextech.io/1dU3kpCqReRp93/1BSdBWIjCjnONz/5d1b2a2a-4d68-4723-8389-d86a4d6f8b6b.png,https://media-cdn.cortextech.io/1dU3kpCqReRp93/1BSdBWIjCjnONz/5d1b2a2a-4d68-4723-8389-d86a4d6f8b6b.png,ZAL,Zalgiris Kaunas,Zalgiris,Zalgiris,ZAL,FALSE,https://media-cdn.incrowdsports.com/0aa09358-3847-4c4e-b228-3582ee4e536d.png,EuroLeague 2026-27,E2026,2026-27,E,2026,2026-07-01T00:00:00
015139,"UMUDE, STANLEY",Stanley Umude,"UMUDE, STANLEY","UMUDE, STANLEY",STANLEY AYOBAMI,UMUDE,UMUDE,NA,NGR,Nigeria,198,95,1999-04-12T00:00:00,USA,United States of America,,,,FALSE,NA,NA,J,Player,TRUE,2026-09-17T07:30:10.675,2027-06-30T00:00:00,0,3,3,2,Forward,SAN ANTONIO SPURS,56748,https://media-cdn.cortextech.io/1dU3kpCqReRp93/1BSdBWIjCjnONz/b8113804-254a-4e2c-a6b8-08cc6f2d4393.png,https://media-cdn.cortextech.io/1dU3kpCqReRp93/1BSdBWIjCjnONz/b8113804-254a-4e2c-a6b8-08cc6f2d4393.png,BAR,FC Barcelona,FC Barcelona,Barca,BAR,FALSE,https://media-cdn.incrowdsports.com/35dfa503-e417-481f-963a-bdf6f013763e.png,EuroLeague 2026-27,E2026,2026-27,E,2026,2026-07-01T00:00:00
000898,"VALANCIUNAS, JONAS",Jonas Valanciunas,Valanciunas,Valanciunas,JONAS,VALANCIUNAS,VALANCIUNAS,"Valanciunas, J.",LTU,Lithuania,211,128,1992-05-06T00:00:00,LTU,Lithuania,,,,FALSE,NA,NA,J,Player,TRUE,2026-09-17T16:07:50.77,2027-06-30T00:00:00,0,17,17,3,Center,DENVER NUGGETS,56875,https://media-cdn.cortextech.io/1dU3kpCqReRp93/1BSdBWIjCjnOS3/45d32050-e6bf-4010-87fb-238db1c6b9ca.png,https://media-cdn.cortextech.io/1dU3kpCqReRp93/1BSdBWIjCjnOS3/45d32050-e6bf-4010-87fb-238db1c6b9ca.png,ZAL,Zalgiris Kaunas,Zalgiris,Zalgiris,ZAL,FALSE,https://media-cdn.incrowdsports.com/0aa09358-3847-4c4e-b228-3582ee4e536d.png,EuroLeague 2026-27,E2026,2026-27,E,2026,2026-07-01T00:00:00
015159,"VARVARITIS, IASON",Iason Varvaritis,"VARVARITIS, IASON","VARVARITIS, IASON",IASON,VARVARITIS,VARVARITIS,NA,GRE,Greece,203,81,2010-05-01T00:00:00,GRE,Greece,NA,NA,NA,FALSE,NA,NA,J,Player,TRUE,2026-09-17T15:56:04.19,2027-06-30T00:00:00,0,12,12,1,Guard,PLATON SCHOOL,56870,https://media-cdn.cortextech.io/1dU3kpCqReRp93/1BSdBWIjCjnOS1/7d1fae9d-034c-4483-9f3e-64107fe76201.png,https://media-cdn.cortextech.io/1dU3kpCqReRp93/1BSdBWIjCjnOS1/7d1fae9d-034c-4483-9f3e-64107fe76201.png,PAN,Panathinaikos AKTOR Athens,Panathinaikos,Panathinaikos,PAO,FALSE,https://media-cdn.incrowdsports.com/e3dff28a-9ec6-4faf-9d96-ecbc68f75780.png,EuroLeague 2026-27,E2026,2026-27,E,2026,2026-07-01T00:00:00
003469,"VEZENKOV, SASHA",Sasha Vezenkov,Vezenkov,Vezenkov,ALEXANTER,VEZENKOV,VEZENKOV,"Vezenkov, A.",GRE,Greece,206,102,1995-08-06T00:00:00,CYP,Cyprus,,sashavezenkov/,,FALSE,NA,NA,J,Player,TRUE,2026-08-12T08:03:27.538,2027-06-30T00:00:00,0,14,14,2,Forward,OLYMPIACOS,54859,https://media-cdn.cortextech.io/1dU3kpCqReRp93/1BSdBWIjCjnONx/cdb64620-0a73-4980-8325-da950d4aeaed.png,https://media-cdn.cortextech.io/1dU3kpCqReRp93/1BSdBWIjCjnONx/cdb64620-0a73-4980-8325-da950d4aeaed.png,OLY,Olympiacos Piraeus,Olympiacos,Olympiacos,OLY,FALSE,https://media-cdn.incrowdsports.com/789423ac-3cdf-4b89-b11c-b458aa5f59a6.png,EuroLeague 2026-27,E2026,2026-27,E,2026,2026-07-01T00:00:00
007947,"VILDOZA, LUCA",Luca Vildoza,"VILDOZA, LUCA","VILDOZA, LUCA",LUCA,VILDOZA,VILDOZA,"Vildoza, L.",ITA,Italy,191,86,1995-08-11T00:00:00,ARG,Argentina,,,,FALSE,NA,NA,J,Player,TRUE,2026-09-04T13:10:30.138,2027-06-30T00:00:00,0,3,3,1,Guard,SEGAFREDO VIRTUS BOLOGNA,55715,https://media-cdn.cortextech.io/1dU3kpCqReRp93/1BSdBWIjCjnONz/8cabc4e6-be71-4962-9876-f7beda50343f.png,https://media-cdn.cortextech.io/1dU3kpCqReRp93/1BSdBWIjCjnONz/8cabc4e6-be71-4962-9876-f7beda50343f.png,PAR,Partizan Mozzart Bet Belgrade,Partizan,Partizan,PAR,FALSE,https://media-cdn.incrowdsports.com/2681304e-77dd-4331-88b1-683078c0fb49.png,EuroLeague 2026-27,E2026,2026-27,E,2026,2026-07-01T00:00:00
007201,"VOIGTMANN, JOHANNES",Johannes Voigtmann,"VOIGTMANN, JOHANNES","VOIGTMANN, JOHANNES",JOHANNES,VOIGTMANN,VOIGTMANN,"Voigtmann, J.",GER,Germany,211,111,1992-09-30T00:00:00,GER,Germany,jumbo_jo7,jumbo_jo7/,,FALSE,NA,NA,J,Player,TRUE,2026-08-12T07:46:59.665,2027-06-30T00:00:00,0,7,7,3,Center,FC BAYERN MUNICH,54797,https://media-cdn.cortextech.io/1dU3kpCqReRp93/1BSdBWIjCjnONy/28518dcb-f41d-4ea7-b76c-8217072ca3d2.png,https://media-cdn.cortextech.io/1dU3kpCqReRp93/1BSdBWIjCjnONy/28518dcb-f41d-4ea7-b76c-8217072ca3d2.png,MUN,FC Bayern Munich,Bayern Munich,Bayern,BAY,FALSE,https://media-cdn.incrowdsports.com/817b0e58-d595-4b09-ab0b-1e7cc26249ff.png,EuroLeague 2026-27,E2026,2026-27,E,2026,2026-07-01T00:00:00
013541,"VOSSENBERG, CASPAR",Caspar Vossenberg,"VOSSENBERG, CASPAR","VOSSENBERG, CASPAR",CASPAR DAVID,VOSSENBERG,VOSSENBERG,NA,GER,Germany,202,96,2009-03-17T00:00:00,GER,Germany,,,,FALSE,NA,NA,J,Player,TRUE,2026-09-11T09:27:06.043,2027-06-30T00:00:00,0,37,37,1,Guard,FC BAYERN MUNICH,56516,NA,NA,MUN,FC Bayern Munich,Bayern Munich,Bayern,BAY,FALSE,https://media-cdn.incrowdsports.com/817b0e58-d595-4b09-ab0b-1e7cc26249ff.png,EuroLeague 2026-27,E2026,2026-27,E,2026,2026-07-01T00:00:00
013284,"WAINRIGHT, ISH",Ish Wainright,"WAINRIGHT, ISHMAIL CARZELL","WAINRIGHT, ISHMAIL CARZELL",ISHMAIL CARZELL,WAINRIGHT,WAINRIGHT,,USA,United States of America,196,111,1994-09-12T00:00:00,USA,United States of America,,,,FALSE,NA,NA,J,Player,TRUE,2026-09-16T06:27:07.576,2027-06-30T00:00:00,0,12,12,2,Forward,HAPOEL IBI TEL AVIV,56717,https://media-cdn.cortextech.io/1dU3kpCqReRp93/1BSdBWIjCjnOS3/ffe1d2cd-9843-4d51-8fd6-2eeceac2c7cb.png,https://media-cdn.cortextech.io/1dU3kpCqReRp93/1BSdBWIjCjnOS3/ffe1d2cd-9843-4d51-8fd6-2eeceac2c7cb.png,HTA,Hapoel IBI Tel Aviv,Hapoel TLV,Hapoel,HTA,FALSE,https://media-cdn.incrowdsports.com/cbb1c3ad-03d5-426a-b5ef-2832a4eee484.png,EuroLeague 2026-27,E2026,2026-27,E,2026,2026-07-01T00:00:00
008855,"WALKUP, THOMAS",Thomas Walkup,"WALKUP, THOMAS","WALKUP, THOMAS",THOMAS RYAN,WALKUP,WALKUP,"Walkup, T.",USA,United States of America,193,90,1992-12-30T00:00:00,USA,United States of America,twalkup23,twalkup23/,,FALSE,NA,NA,J,Player,TRUE,2026-09-11T13:44:46.982,2027-06-30T00:00:00,0,44,44,1,Guard,OLYMPIACOS BC,56520,https://media-cdn.cortextech.io/1dU3kpCqReRp93/1BSdBWIjCjnONx/821535cc-04f7-4f35-9724-2024d5f3c831.png,https://media-cdn.cortextech.io/1dU3kpCqReRp93/1BSdBWIjCjnONx/821535cc-04f7-4f35-9724-2024d5f3c831.png,DUB,Dubai Basketball,Dubai,Dubai,DUB,FALSE,https://media-cdn.incrowdsports.com/1efae090-16e2-4963-ae47-4b94f249c244.png,EuroLeague 2026-27,E2026,2026-27,E,2026,2026-07-01T00:00:00
015085,"WALLACE, KEATON",Keaton Wallace,"WALLACE, KEATON","WALLACE, KEATON",KEATON LAF AYETTE,WALLACE,WALLACE,NA,USA,United States of America,191,90,1999-02-26T00:00:00,USA,United States of America,,,,FALSE,NA,NA,J,Player,TRUE,2026-09-10T12:33:58.718,2027-06-30T00:00:00,0,17,17,1,Guard,ATLANTA HAWKS,56464,https://media-cdn.cortextech.io/1dU3kpCqReRp93/1BSdBWIjCjnOS3/e02ac33d-71ab-48ad-a3f9-b80df4096093.png,https://media-cdn.cortextech.io/1dU3kpCqReRp93/1BSdBWIjCjnOS3/e02ac33d-71ab-48ad-a3f9-b80df4096093.png,TEL,Maccabi Rapyd Tel Aviv,Maccabi,Maccabi,MTA,FALSE,https://media-cdn.cortextech.io/1b533342-78f5-4932-b714-a7d80b5826b5.png,EuroLeague 2026-27,E2026,2026-27,E,2026,2026-07-01T00:00:00
012610,"WARD, TYSON",Tyson Ward,"WARD, TYSON","WARD, TYSON",TYSON,WARD,WARD,,USA,United States of America,198,86,1997-07-26T00:00:00,USA,United States of America,,,,FALSE,NA,NA,J,Player,TRUE,2026-08-12T08:03:26.749,2027-06-30T00:00:00,0,3,3,2,Forward,OLYMPIACOS,54857,https://media-cdn.cortextech.io/1dU3kpCqReRp93/1BSdBWIjCjnONx/e73b9650-5c67-4a0a-be28-6412173ac60b.png,https://media-cdn.cortextech.io/1dU3kpCqReRp93/1BSdBWIjCjnONx/e73b9650-5c67-4a0a-be28-6412173ac60b.png,OLY,Olympiacos Piraeus,Olympiacos,Olympiacos,OLY,FALSE,https://media-cdn.incrowdsports.com/789423ac-3cdf-4b89-b11c-b458aa5f59a6.png,EuroLeague 2026-27,E2026,2026-27,E,2026,2026-07-01T00:00:00
015168,"WARREN, TJ",Tj Warren,"WARREN JR, TJ","WARREN JR, TJ",ANTHONY LINWOOD,WARREN JR,WARREN JR,NA,USA,United States of America,203,95,1993-09-05T00:00:00,USA,United States of America,,,,FALSE,NA,NA,J,Player,TRUE,2026-09-21T08:13:16.089,2027-06-30T00:00:00,0,1,1,2,Forward,WESTCHESTER KNICKS,56898,https://media-cdn.cortextech.io/1dU3kpCqReRp93/1BSdBWIjCjnONz/2cbebf40-51a9-4b7f-8663-47130a0f2364.png,https://media-cdn.cortextech.io/1dU3kpCqReRp93/1BSdBWIjCjnONz/2cbebf40-51a9-4b7f-8663-47130a0f2364.png,PRS,Paris Basketball,Paris,Paris,PBB,FALSE,https://media-cdn.incrowdsports.com/a033e5b3-0de7-48a3-98d9-d9a4b9df1f39.png,EuroLeague 2026-27,E2026,2026-27,E,2026,2026-07-01T00:00:00
015162,"WASHINGTON JR, TYTY",Tyty Washington Jr,"WASHINGTON JR, TYTY","WASHINGTON JR, TYTY",TYRONE LEWIS,WASHINGTON JR,WASHINGTON JR,NA,USA,United States of America,189,89,2001-11-15T00:00:00,USA,United States of America,,,,FALSE,NA,NA,J,Player,TRUE,2026-09-21T07:50:15.106,2027-06-30T00:00:00,0,3,3,1,Guard,SAN DIEGO CLIPPERS,56880,https://media-cdn.cortextech.io/1dU3kpCqReRp93/1BSdBWIjCjnOS3/bbfbda68-7ac3-4213-9022-57559320954a.png,https://media-cdn.cortextech.io/1dU3kpCqReRp93/1BSdBWIjCjnOS3/bbfbda68-7ac3-4213-9022-57559320954a.png,ASV,LDLC ASVEL Villeurbanne,LDLC ASVEL,ASVEL,ASV,FALSE,https://media-cdn.incrowdsports.com/e33c6d1a-95ca-4dbc-b8cb-0201812104cc.png,EuroLeague 2026-27,E2026,2026-27,E,2026,2026-07-01T00:00:00
013370,"WASHINGTON, DUANE",Duane Washington,"WASHINGTON, DUANE","WASHINGTON, DUANE",DUANE EDDY,WASHINGTON JR,WASHINGTON JR,,USA,United States of America,191,89,2000-03-24T00:00:00,GER,Germany,,,,FALSE,NA,NA,J,Player,TRUE,2026-09-04T08:40:45.741,2027-06-30T00:00:00,0,4,4,1,Guard,KK PARTIZAN,55677,https://media-cdn.cortextech.io/1dU3kpCqReRp93/1BSdBWIjCjnONy/928b8246-2d1b-49f1-8f9f-47233a53d91d.png,https://media-cdn.cortextech.io/1dU3kpCqReRp93/1BSdBWIjCjnONy/928b8246-2d1b-49f1-8f9f-47233a53d91d.png,MUN,FC Bayern Munich,Bayern Munich,Bayern,BAY,FALSE,https://media-cdn.incrowdsports.com/817b0e58-d595-4b09-ab0b-1e7cc26249ff.png,EuroLeague 2026-27,E2026,2026-27,E,2026,2026-07-01T00:00:00
015165,"WATERS, TREMONT",Tremont Waters,"WATERS, TREMONT RAYSHON","WATERS, TREMONT RAYSHON",TREMONT RAYSHON,WATERS,WATERS,NA,USA,United States of America,180,79,1998-01-10T00:00:00,USA,United States of America,,,,FALSE,NA,NA,J,Player,TRUE,2026-09-21T07:50:18.712,2027-06-30T00:00:00,0,51,51,1,Guard,GIGANTES DE CAROLINA,56889,https://media-cdn.cortextech.io/1dU3kpCqReRp93/1BSdBWIjCjnOS3/d6e1e61f-236c-478e-920b-0df1f3779bbb.png,https://media-cdn.cortextech.io/1dU3kpCqReRp93/1BSdBWIjCjnOS3/d6e1e61f-236c-478e-920b-0df1f3779bbb.png,ASV,LDLC ASVEL Villeurbanne,LDLC ASVEL,ASVEL,ASV,FALSE,https://media-cdn.incrowdsports.com/e33c6d1a-95ca-4dbc-b8cb-0201812104cc.png,EuroLeague 2026-27,E2026,2026-27,E,2026,2026-07-01T00:00:00
010391,"WEILER-BABB, NICK",Nick Weiler-Babb,"WEILER-BABB, NICK","WEILER-BABB, NICK",NICHOLAS ALAN,WEILER-BABB,WEILER-BABB,"Weiler-Babb, N.",GER,Germany,194,96,1995-12-12T00:00:00,USA,United States of America,nickbabb12,nickbabb1/,,FALSE,NA,NA,J,Player,TRUE,2026-09-03T12:23:05.214,2027-06-30T00:00:00,0,3,3,1,Guard,ANADOLU EFES SK,55656,https://media-cdn.cortextech.io/1dU3kpCqReRp93/1BSdBWIjCjnOS3/0954bf55-4ff8-4a05-986c-2e60f628276d.png,https://media-cdn.cortextech.io/1dU3kpCqReRp93/1BSdBWIjCjnOS3/0954bf55-4ff8-4a05-986c-2e60f628276d.png,RED,Crvena Zvezda Meridianbet Belgrade,Crvena Zvezda,Crvena,CZV,FALSE,https://media-cdn.incrowdsports.com/d2eef4a8-62df-4fdd-9076-276004268515.png,EuroLeague 2026-27,E2026,2026-27,E,2026,2026-07-01T00:00:00
006661,"WILBEKIN, SCOTTIE",Scottie Wilbekin,Wilbekin,Wilbekin,SCOTT JORDAN,WILBEKIN,WILBEKIN,"Wilbekin, S.",USA,United States of America,188,80,1993-04-05T00:00:00,USA,United States of America,scottiew_5,,,FALSE,NA,NA,J,Player,TRUE,2026-09-07T10:46:45.792,2027-06-30T00:00:00,0,12,12,1,Guard,FENERBAHCE BEKO,55829,https://media-cdn.cortextech.io/1dU3kpCqReRp93/1BSdBWIjCjnONy/a66ef548-089c-4cb2-8645-e397472f11be.png,https://media-cdn.cortextech.io/1dU3kpCqReRp93/1BSdBWIjCjnONy/a66ef548-089c-4cb2-8645-e397472f11be.png,BES,Besiktas Istanbul,Besiktas,Besiktas,BJK,FALSE,https://media-cdn.cortextech.io/1dU3kpCqReRp93/1BSdBWIjChWbHH/b05e3c54-e672-4b31-9f86-c91e9de7715c.png,EuroLeague 2026-27,E2026,2026-27,E,2026,2026-07-01T00:00:00
013278,"WILEY, AUSTIN",Austin Wiley,"WILEY, AUSTIN","WILEY, AUSTIN",AUSTIN JERMAINE,WILEY,Wiley,,USA,United States of America,211,116,1999-01-08T00:00:00,USA,United States of America,,,,FALSE,NA,NA,J,Player,TRUE,2026-09-04T08:40:48.967,2027-06-30T00:00:00,0,50,50,3,Center,HAPOEL BANK JAHAV JERUSALEM,55684,https://media-cdn.cortextech.io/1dU3kpCqReRp93/1BSdBWIjCjnONy/4fc56322-07ca-494a-8604-ac233c35cf4c.png,https://media-cdn.cortextech.io/1dU3kpCqReRp93/1BSdBWIjCjnONy/4fc56322-07ca-494a-8604-ac233c35cf4c.png,MUN,FC Bayern Munich,Bayern Munich,Bayern,BAY,FALSE,https://media-cdn.incrowdsports.com/817b0e58-d595-4b09-ab0b-1e7cc26249ff.png,EuroLeague 2026-27,E2026,2026-27,E,2026,2026-07-01T00:00:00
007982,"WILLIAMS-GOSS, NIGEL",Nigel Williams-Goss,"WILLIAMS-GOSS, NIGEL","WILLIAMS-GOSS, NIGEL",NIGEL COLE,WILLIAMS-GOSS,WILLIAMS-GOSS,"Williams-Goss, N.",USA,United States of America,191,88,1994-09-16T00:00:00,USA,United States of America,NigelWG5,nigelwg5/,,FALSE,NA,NA,J,Player,TRUE,2026-08-12T08:26:00.514,2027-06-30T00:00:00,0,1,1,1,Guard,ZALGIRIS KAUNAS,54932,https://media-cdn.cortextech.io/1dU3kpCqReRp93/1BSdBWIjCjnONz/9f214a9f-c921-4175-abe6-7099abffeb35.png,https://media-cdn.cortextech.io/1dU3kpCqReRp93/1BSdBWIjCjnONz/9f214a9f-c921-4175-abe6-7099abffeb35.png,ZAL,Zalgiris Kaunas,Zalgiris,Zalgiris,ZAL,FALSE,https://media-cdn.incrowdsports.com/0aa09358-3847-4c4e-b228-3582ee4e536d.png,EuroLeague 2026-27,E2026,2026-27,E,2026,2026-07-01T00:00:00
009664,"WILLIS, DEREK",Derek Willis,"WILLIS, DEREK","WILLIS, DEREK",DEREK XAVIER,WILLIS,WILLIS,"Willis, D.",USA,United States of America,205,104,1995-06-21T00:00:00,USA,United States of America,derekxwillis,derekxwillis,,FALSE,NA,NA,J,Player,TRUE,2026-09-04T13:10:32.556,2027-06-30T00:00:00,0,35,35,3,Center,PARIS BASKETBALL,55722,https://media-cdn.cortextech.io/1dU3kpCqReRp93/1BSdBWIjCjnONz/fff78d8f-32e7-48f7-a9c8-f56e536b4c85.png,https://media-cdn.cortextech.io/1dU3kpCqReRp93/1BSdBWIjCjnONz/fff78d8f-32e7-48f7-a9c8-f56e536b4c85.png,PAR,Partizan Mozzart Bet Belgrade,Partizan,Partizan,PAR,FALSE,https://media-cdn.incrowdsports.com/2681304e-77dd-4331-88b1-683078c0fb49.png,EuroLeague 2026-27,E2026,2026-27,E,2026,2026-07-01T00:00:00
012606,"WRIGHT IV, MCKINLEY",Mckinley Wright IV,"WRIGHT IV, MCKINLEY","WRIGHT IV, MCKINLEY",MCKINLEY,WRIGHT IV,WRIGHT IV,,USA,United States of America,182,90,1998-10-25T00:00:00,USA,United States of America,,,,FALSE,NA,NA,J,Player,TRUE,2026-08-11T10:25:22.916,2027-06-30T00:00:00,0,25,25,1,Guard,DUBAI BASKETBALL,54738,https://media-cdn.cortextech.io/1dU3kpCqReRp93/1BSdBWIjCjnONx/3ba17637-8f86-49cd-a1ea-33abf8a3a658.png,https://media-cdn.cortextech.io/1dU3kpCqReRp93/1BSdBWIjCjnONx/3ba17637-8f86-49cd-a1ea-33abf8a3a658.png,DUB,Dubai Basketball,Dubai,Dubai,DUB,FALSE,https://media-cdn.incrowdsports.com/1efae090-16e2-4963-ae47-4b94f249c244.png,EuroLeague 2026-27,E2026,2026-27,E,2026,2026-07-01T00:00:00
012878,"WRIGHT, MOSES",Moses Wright,"WRIGHT, MOSES ANTHONY","WRIGHT, MOSES ANTHONY",MOSES ANTHONY,WRIGHT,WRIGHT,,USA,United States of America,207,106,1998-12-23T00:00:00,USA,United States of America,,,,FALSE,NA,NA,J,Player,TRUE,2026-09-02T13:04:24.286,2027-06-30T00:00:00,0,5,5,3,Center,ZALGIRIS KAUNAS,55637,https://media-cdn.cortextech.io/1dU3kpCqReRp93/1BSdBWIjCjnONy/44aa0f82-0341-41b1-97e4-e1ff901f8578.png,https://media-cdn.cortextech.io/1dU3kpCqReRp93/1BSdBWIjCjnONy/44aa0f82-0341-41b1-97e4-e1ff901f8578.png,MIL,Armani Olimpia Milan,Milan,Milan,MIL,FALSE,https://media-cdn.cortextech.io/1dU3kpCqReRp93/1BSdBWIjChWbHH/5c2f0ab6-f86a-4df0-b2f3-f9ab92f7267b.png,EuroLeague 2026-27,E2026,2026-27,E,2026,2026-07-01T00:00:00
010357,"YABUSELE, GUERSCHON",Guerschon Yabusele,"YABUSELE, GUERSCHON","YABUSELE, GUERSCHON",GUERSCHON,YABUSELE,YABUSELE,"Yabusele, G.",FRA,France,201,123,1995-12-17T00:00:00,FRA,France,DTP_Mario,guerschony/,,FALSE,NA,NA,J,Player,TRUE,2026-09-07T08:28:07.483,2027-06-30T00:00:00,0,28,28,2,Forward,CHICAGO BULLS,55742,https://media-cdn.cortextech.io/1dU3kpCqReRp93/1BSdBWIjCjnONz/8cff617e-e2d9-4588-af8b-8d1360a1e307.png,https://media-cdn.cortextech.io/1dU3kpCqReRp93/1BSdBWIjCjnONz/8cff617e-e2d9-4588-af8b-8d1360a1e307.png,PAN,Panathinaikos AKTOR Athens,Panathinaikos,Panathinaikos,PAO,FALSE,https://media-cdn.incrowdsports.com/e3dff28a-9ec6-4faf-9d96-ecbc68f75780.png,EuroLeague 2026-27,E2026,2026-27,E,2026,2026-07-01T00:00:00
006372,"YILMAZ, ERKAN",Erkan Yilmaz,Yilmaz,Yilmaz,ERKAN,YILMAZ,YILMAZ,"Yilmaz, E.",TUR,Turkiye,197,100,1997-12-03T00:00:00,TUR,Turkiye,,,,FALSE,NA,NA,J,Player,TRUE,2026-08-12T07:32:10.57,2027-06-30T00:00:00,0,33,33,2,Forward,ANADOLU EFES ISTANBUL,54752,https://media-cdn.cortextech.io/1dU3kpCqReRp93/1BSdBWIjCjnONz/da191ebd-a494-4852-bdc6-d9d2ef8acb20.png,https://media-cdn.cortextech.io/1dU3kpCqReRp93/1BSdBWIjCjnONz/da191ebd-a494-4852-bdc6-d9d2ef8acb20.png,IST,Anadolu Efes Istanbul,Anadolu Efes,Efes,EFS,FALSE,https://media-cdn.cortextech.io/1dU3kpCqReRp93/1BSdBWIjCgOCxM/a844756c-a58d-4666-93b8-48f7337bc79d.png,EuroLeague 2026-27,E2026,2026-27,E,2026,2026-07-01T00:00:00
005368,"YUSTA, SANTI",Santi Yusta,Yusta,Yusta,SANTIAGO,YUSTA GARCIA,YUSTA,"Yusta, S.",ESP,Spain,200,87,1997-04-28T00:00:00,ESP,Spain,,,,FALSE,NA,NA,J,Player,TRUE,2026-09-07T10:33:06.452,2027-06-30T00:00:00,0,4,4,2,Forward,CASADEMONT ZARAGOZA,55786,https://media-cdn.cortextech.io/1dU3kpCqReRp93/1BSdBWIjCjnONz/9bdd2088-7719-4be5-a88d-99d2dc6aaed2.png,https://media-cdn.cortextech.io/1dU3kpCqReRp93/1BSdBWIjCjnONz/9bdd2088-7719-4be5-a88d-99d2dc6aaed2.png,IST,Anadolu Efes Istanbul,Anadolu Efes,Efes,EFS,FALSE,https://media-cdn.cortextech.io/1dU3kpCqReRp93/1BSdBWIjCgOCxM/a844756c-a58d-4666-93b8-48f7337bc79d.png,EuroLeague 2026-27,E2026,2026-27,E,2026,2026-07-01T00:00:00
004554,"ZIZIC, ANTE",Ante Zizic,"ZIZIC, ANTE","ZIZIC, ANTE",ANTE TONI,ZIZIC,ZIZIC,"Zizic, A.",CRO,Croatia,210,122,1997-01-04T00:00:00,CRO,Croatia,,antezizic/,,FALSE,https://media-cdn.incrowdsports.com/d512d3c9-5afe-4b9e-919f-cd7af6c26804.png,NA,J,Player,TRUE,2026-09-07T10:46:46.938,2027-06-30T00:00:00,0,41,41,3,Center,BESIKTAS ISTANBUL,55833,https://media-cdn.cortextech.io/1dU3kpCqReRp93/1BSdBWIjCjnONy/17184188-fa8a-44d6-b2d7-ec3267572455.png,https://media-cdn.cortextech.io/1dU3kpCqReRp93/1BSdBWIjCjnONy/17184188-fa8a-44d6-b2d7-ec3267572455.png,BES,Besiktas Istanbul,Besiktas,Besiktas,BJK,FALSE,https://media-cdn.cortextech.io/1dU3kpCqReRp93/1BSdBWIjChWbHH/b05e3c54-e672-4b31-9f86-c91e9de7715c.png,EuroLeague 2026-27,E2026,2026-27,E,2026,2026-07-01T00:00:00
