person_code,person_name,jugador,person_alias,person_aliasRaw,person_passportName,person_passportSurname,person_jerseyName,person_abbreviatedName,person_country_code,person_country_name,person_height,person_weight,person_birthDate,code,name,person_twitterAccount,person_instagramAccount,person_facebookAccount,person_isReferee,person_images_1,type,typeName,active,startDate,endDate,order,dorsal,dorsalRaw,position,positionName,lastTeam,externalId,headshot,action,club_code,club_name,club_abbreviatedName,club_editorialName,club_tvCode,club_isVirtual,crest,season_name,season_code,season_alias,season_competitionCode,season_year,season_startDate
005199,"ABROMAITIS, TIM",Tim Abromaitis,Abromaitis,Abromaitis,TIMOTHY JAMES,ABROMAITIS,ABROMAITIS,"Abromaitis, T.",USA,United States of America,203,107,1989-09-17T00:00:00,USA,United States of America,,,,FALSE,NA,J,Player,TRUE,2026-09-09T14:46:08.587,2027-06-30T00:00:00,0,21,21,3,Center,LA LAGUNA TENERIFE,56340,https://media-cdn.cortextech.io/1dU3kpCqReRp93/1BSdBWIjCjnOS4/67683f37-ade7-48f4-8323-1e5a3fec8349.png,https://media-cdn.cortextech.io/1dU3kpCqReRp93/1BSdBWIjCjnOS4/67683f37-ade7-48f4-8323-1e5a3fec8349.png,TNF,La Laguna Tenerife,LL Tenerife,La Laguna Tenerife,LLT,FALSE,https://media-cdn.cortextech.io/1dU3kpCqReRp93/1BSdBWIjCgOCpC/59bf7582-6c0b-4e14-bce6-1380aad90f34.png,EuroCup 2026-27,U2026,2026-27,U,2026,2026-07-01T00:00:00
014861,"AGBO, CHIBUZO",Chibuzo Agbo,"AGBO, CHIBUZO","AGBO, CHIBUZO",CHIBUZO ANTHONY,AGBO,AGBO,NA,NGR,Nigeria,200,96,2001-11-28T00:00:00,USA,United States of America,,,,FALSE,NA,J,Player,TRUE,2026-09-08T11:41:12.837,2027-06-30T00:00:00,0,11,11,2,Forward,CHOLET BASKET,56008,https://media-cdn.cortextech.io/1dU3kpCqReRp93/1BSdBWIjCjnOS4/df5b0290-ce63-409e-ac7c-7caa9dad5469.png,https://media-cdn.cortextech.io/1dU3kpCqReRp93/1BSdBWIjCjnOS4/df5b0290-ce63-409e-ac7c-7caa9dad5469.png,MAN,Kids&Us Manresa,K&U Manresa,Manresa,MAN,FALSE,https://media-cdn.cortextech.io/1dU3kpCqReRp93/1BSdBWIjCgOCpC/06792bed-0383-4de2-80b9-95ecca3fd973.png,EuroCup 2026-27,U2026,2026-27,U,2026,2026-07-01T00:00:00
010316,"AJINCA, MELVIN",Melvin Ajinca,"AJINCA, MELVIN","AJINCA, MELVIN",MELVIN PIERRE,AJINCA,AJINÇA,"Ajinca, M.",FRA,France,203,97,2004-06-26T00:00:00,FRA,France,,,,FALSE,NA,J,Player,TRUE,2026-09-08T12:05:26.2,2027-06-30T00:00:00,0,8,8,2,Forward,LYON VILLEURBANNE,56035,https://media-cdn.cortextech.io/1dU3kpCqReRp93/1BSdBWIjCjnOS3/ccdbb53c-5221-4334-ace3-4de0d09965dd.png,https://media-cdn.cortextech.io/1dU3kpCqReRp93/1BSdBWIjCjnOS3/ccdbb53c-5221-4334-ace3-4de0d09965dd.png,LEM,Le Mans Sarthe Basket,Le Mans Sarthe,Le Mans Sarthe,MSB,FALSE,https://media-cdn.cortextech.io/1dU3kpCqReRp93/1BSdBWIjCgOCpC/b8ec3298-5030-4865-8469-722a21b471c3.png,EuroCup 2026-27,U2026,2026-27,U,2026,2026-07-01T00:00:00
004056,"AKPINAR, ISMET",Ismet Akpinar,Akpinar,Akpinar,ISMET,AKPINAR,AKPINAR,"Akpinar, I.",GER,Germany,193,84,1995-05-22T00:00:00,GER,Germany,ismetakpinar,ismetakpinar/,,FALSE,NA,J,Player,TRUE,2026-09-08T16:21:54.448,2027-06-30T00:00:00,0,5,5,1,Guard,BAHCESEHIR COLLEGE SPORTS CLUB,56216,https://media-cdn.cortextech.io/1dU3kpCqReRp93/1BSdBWIjCjnOS1/8381490d-a9b0-4fbf-9726-63ac1f783b74.png,https://media-cdn.cortextech.io/1dU3kpCqReRp93/1BSdBWIjCjnOS1/8381490d-a9b0-4fbf-9726-63ac1f783b74.png,BAH,Bahcesehir College Istanbul,Bahcesehir,Bahcesehir,BKS,FALSE,https://media-cdn.incrowdsports.com/1d3274d8-da86-4d21-9e97-6810ab88babe.png,EuroCup 2026-27,U2026,2026-27,U,2026,2026-07-01T00:00:00
007723,"ALDERETE, HECTOR",Hector Alderete,"ALDERETE, HECTOR","ALDERETE, HECTOR",HECTOR,ALDERETE DIAZ,ALDERETE,"Alderete, H.",ESP,Spain,203,92,2002-03-06T00:00:00,ESP,Spain,,,NA,FALSE,NA,J,Player,TRUE,2026-09-08T11:57:41.921,2027-06-30T00:00:00,0,33,33,2,Forward,LA LAGUNA TENERIFE,56026,https://media-cdn.cortextech.io/1dU3kpCqReRp93/1BSdBWIjCjnOS4/4123cc4d-be0d-4d9a-9cf2-13ed41374fd3.png,https://media-cdn.cortextech.io/1dU3kpCqReRp93/1BSdBWIjCjnOS4/4123cc4d-be0d-4d9a-9cf2-13ed41374fd3.png,TNF,La Laguna Tenerife,LL Tenerife,La Laguna Tenerife,LLT,FALSE,https://media-cdn.cortextech.io/1dU3kpCqReRp93/1BSdBWIjCgOCpC/59bf7582-6c0b-4e14-bce6-1380aad90f34.png,EuroCup 2026-27,U2026,2026-27,U,2026,2026-07-01T00:00:00
011973,"ALEXANDER, KYLE",Kyle Alexander,"ALEXANDER, KYLE","ALEXANDER, KYLE",KYLE JOHN SOLOMON,ALEXANDER,ALEXANDER,,CAN,Canada,208,98,1996-10-21T00:00:00,CAN,Canada,,,,FALSE,NA,J,Player,TRUE,2026-09-08T12:42:08.371,2027-06-30T00:00:00,0,8,8,3,Center,TURK TELECOM,56074,https://media-cdn.cortextech.io/1dU3kpCqReRp93/1BSdBWIjCjnOO0/53e97977-f93c-47df-bd61-1f2a4f34ee2a.png,https://media-cdn.cortextech.io/1dU3kpCqReRp93/1BSdBWIjCjnOO0/53e97977-f93c-47df-bd61-1f2a4f34ee2a.png,PAO,PAOK Thessaloniki,PAOK,PAOK,PBC,FALSE,https://media-cdn.cortextech.io/1dU3kpCqReRp93/1BSdBWIjChWbHH/0506e7c4-ec4b-460a-bc59-b033ad9e336c.png,EuroCup 2026-27,U2026,2026-27,U,2026,2026-07-01T00:00:00
004469,"ALIBEGOVIC, AMAR",Amar Alibegovic,"ALIBEGOVIC, A.","ALIBEGOVIC, A.",AMAR,ALIBEGOVIC,ALIBEGOVIC,"Alibegovic, A.",BIH,Bosnia and Herzegovina,205,105,1995-03-31T00:00:00,USA,United States of America,Amar7Alibegovic,ace_0107,,FALSE,NA,J,Player,TRUE,2026-09-08T13:13:10.178,2027-06-30T00:00:00,0,7,7,2,Forward,COVIRAN GRANADA,56110,NA,NA,TRT,Baglietto Derthona Tortona,Derthona,Derthona,DER,FALSE,https://media-cdn.cortextech.io/1dU3kpCqReRp93/1BSdBWIjCjnONv/4976fa46-8eb4-471c-b6dd-4704866c5769.png,EuroCup 2026-27,U2026,2026-27,U,2026,2026-07-01T00:00:00
015011,"ALIBEGOVIC, MIRZA",Mirza Alibegovic,"ALIBEGOVIC, MIRZA","ALIBEGOVIC, MIRZA",MIRZA,ALIBEGOVIC,ALIBEGOVIC,NA,ITA,Italy,195,95,1992-09-25T00:00:00,USA,United States of America,,,,FALSE,NA,J,Player,TRUE,2026-09-09T11:27:02.129,2027-06-30T00:00:00,0,5,5,1,Guard,APU UDINE,56301,NA,NA,MRO,Maxima Roma,Maxima Roma,Maxima Roma,RMA,FALSE,https://media-cdn.cortextech.io/1dU3kpCqReRp93/1BSdBWIjChWbHH/f1547a87-c0bf-41ab-bf7e-a0001649430d.png,EuroCup 2026-27,U2026,2026-27,U,2026,2026-07-01T00:00:00
015039,"ALIPIEV, IVAN",Ivan Alipiev,"ALIPIEV, IVAN","ALIPIEV, IVAN",IVAN,ALIPIEV,ALIPIEV,NA,BUL,Bulgaria,204,98,1999-07-28T00:00:00,BUL,Bulgaria,,,,FALSE,NA,J,Player,TRUE,2026-09-09T16:42:20.722,2027-06-30T00:00:00,0,35,35,2,Forward,RINASCITA BASKET RIMINI,56390,NA,NA,BLK,Balkan Botevgrad,Balkan,Balkan,BLK,FALSE,https://media-cdn.cortextech.io/1dU3kpCqReRp93/1BSdBWIjCgOCpC/ba6e2d99-3ea9-4730-a0ce-830cccca4657.png,EuroCup 2026-27,U2026,2026-27,U,2026,2026-07-01T00:00:00
014858,"ALLEN, TIMMY",Timmy Allen,"ALLEN, TIMMY","ALLEN, TIMMY",TIMOTHY ZEUS,ALLEN,ALLEN,NA,USA,United States of America,198,95,2000-01-09T00:00:00,USA,United States of America,,,,FALSE,NA,J,Player,TRUE,2026-09-08T11:41:10.721,2027-06-30T00:00:00,0,0,0,2,Forward,PAOK THESSALONIKI,56000,https://media-cdn.cortextech.io/1dU3kpCqReRp93/1BSdBWIjCjnOS4/fa5eab3e-447f-4eee-9a79-bd7f0273ea6b.png,https://media-cdn.cortextech.io/1dU3kpCqReRp93/1BSdBWIjCjnOS4/fa5eab3e-447f-4eee-9a79-bd7f0273ea6b.png,MAN,Kids&Us Manresa,K&U Manresa,Manresa,MAN,FALSE,https://media-cdn.cortextech.io/1dU3kpCqReRp93/1BSdBWIjCgOCpC/06792bed-0383-4de2-80b9-95ecca3fd973.png,EuroCup 2026-27,U2026,2026-27,U,2026,2026-07-01T00:00:00
013504,"ALLEYNE, NAHIEM",Nahiem Alleyne,"ALLEYNE, NAHIEM","ALLEYNE, NAHIEM",NAHIEM DYMEKE,ALLEYNE,ALLEYNE,,USA,United States of America,193,88,2001-07-23T00:00:00,USA,United States of America,,,,FALSE,NA,J,Player,TRUE,2026-09-10T15:40:59.348,2027-06-30T00:00:00,0,4,4,1,Guard,SKYLINERS FRANKFURT,56510,https://media-cdn.cortextech.io/1dU3kpCqReRp93/1BSdBWIjCjnOO1/7b968845-c4f8-4e9f-9f3b-2f7354762240.png,https://media-cdn.cortextech.io/1dU3kpCqReRp93/1BSdBWIjCjnOO1/7b968845-c4f8-4e9f-9f3b-2f7354762240.png,FRA,Skyliners Frankfurt,Skyliners,Skyliners,SKY,FALSE,https://media-cdn.cortextech.io/1dU3kpCqReRp93/1BSdBWIjCgOCpC/6afb32b8-e6dc-4f79-b14a-2d99fdb34cde.png,EuroCup 2026-27,U2026,2026-27,U,2026,2026-07-01T00:00:00
002810,"ALMAZAN, PABLO",Pablo Almazan,"ALMAZAN, P.","ALMAZAN, P.",PABLO,ALMAZAN SIERRA,ALMAZAN,,ESP,Spain,200,86,1989-01-15T00:00:00,ESP,Spain,,,,FALSE,NA,J,Player,TRUE,2026-09-17T14:38:14.308,2027-06-30T00:00:00,0,8,8,2,Forward,SAN PABLO BURGOS,56805,NA,NA,BGS,Recoletas Salud San Pablo Burgos,Burgos,Burgos,BUR,FALSE,https://media-cdn.cortextech.io/1dU3kpCqReRp93/1BSdBWIjCgOCxM/40c97670-177e-4c74-9f5f-76b528a0da86.png,EuroCup 2026-27,U2026,2026-27,U,2026,2026-07-01T00:00:00
013788,"ALYANAK, ANIL",Anil Alyanak,"ALYANAK, A.","ALYANAK, A.",ANIL,ALYANAK,ALYANAK,,TUR,Turkiye,208,100,2008-01-07T00:00:00,TUR,Turkiye,,,,FALSE,NA,J,Player,TRUE,2026-09-24T13:02:17.999,2027-06-30T00:00:00,0,0,0,2,Forward,MERSIN BSB,57009,https://media-cdn.cortextech.io/1dU3kpCqReRp93/1BSdBWIjCjnOS4/a5a5fc27-99bb-4799-9cda-9c1f32e0da0b.png,https://media-cdn.cortextech.io/1dU3kpCqReRp93/1BSdBWIjCjnOS4/a5a5fc27-99bb-4799-9cda-9c1f32e0da0b.png,TTK,Turk Telekom Ankara,Turk Telekom,Turk Telekom,TTA,FALSE,https://media-cdn.incrowdsports.com/4ba35608-54ca-4800-a59c-f2571e6f8e13.png,EuroCup 2026-27,U2026,2026-27,U,2026,2026-07-01T00:00:00
008977,"AMAIZE, ROBIN",Robin Amaize,"AMAIZE, ROBIN","AMAIZE, ROBIN",ROBIN DARYL,AMAIZE,Amaize,"Amaize, R.",GER,Germany,196,100,1994-01-31T00:00:00,GER,Germany,,,,FALSE,NA,J,Player,TRUE,2026-09-08T12:48:32.957,2027-06-30T00:00:00,0,15,15,2,Forward,ROSTOCK SEAWOLVES,56098,https://media-cdn.cortextech.io/1dU3kpCqReRp93/1BSdBWIjCjnOS5/961643d9-ecd5-4a16-9ace-93b1d4901b57.png,https://media-cdn.cortextech.io/1dU3kpCqReRp93/1BSdBWIjCjnOS5/961643d9-ecd5-4a16-9ace-93b1d4901b57.png,RTK,Rostock Seawolves, Rostock, Rostock,ROS,FALSE,https://media-cdn.cortextech.io/1dU3kpCqReRp93/1BSdBWIjCgOCpC/de14cdb9-c0f7-485f-84ac-f305ace44723.png,EuroCup 2026-27,U2026,2026-27,U,2026,2026-07-01T00:00:00
007865,"ANTETOKOUNMPO, THANASIS",Thanasis Antetokounmpo,"ANTETOKOUNMPO, THANASIS","ANTETOKOUNMPO, THANASIS",ATHANASIOS,ANTETOKOUNMPO,ANTETOKOUNMPO,"Antetokounmpo, T.",GRE,Greece,200,96,1992-07-18T00:00:00,GRE,Greece,,,,FALSE,NA,J,Player,TRUE,2026-09-21T08:39:36.236,2027-06-30T00:00:00,0,43,43,2,Forward,MILWAUKEE BUCKS,56912,NA,NA,ARI,Aris Thessaloniki,Aris,Aris,ARI,FALSE,https://media-cdn.cortextech.io/77e0fd97-1489-4e3c-8e70-ca39075460c0.png,EuroCup 2026-27,U2026,2026-27,U,2026,2026-07-01T00:00:00
015219,"ANTHONY JR., CJ",Cj Anthony Jr.,"ANTHONY JR., CJ","ANTHONY JR., CJ",CHRISTOPHER MASEAN,ANTHONY JR.,Anthony Jr.,NA,USA,United States of America,186,90,2002-02-16T00:00:00,USA,United States of America,NA,NA,NA,FALSE,NA,J,Player,TRUE,2026-09-23T13:23:39.196,2027-06-30T00:00:00,0,25,25,1,Guard,IONA  UNIVERSITY,56985,NA,NA,ULM,ratiopharm ulm,Ulm,Ulm,ULM,FALSE,https://media-cdn.cortextech.io/5750bc8b-dd63-48e4-8586-10d4e5e2b4e2.png,EuroCup 2026-27,U2026,2026-27,U,2026,2026-07-01T00:00:00
007666,"APAYDIN, LEON",Leon Apaydin,"APAYDIN, HARUN","APAYDIN, HARUN",LEON HARUN,APAYDIN,APAYDIN,"Apaydin, H.",TUR,Turkiye,198,93,1999-01-01T00:00:00,TUR,Turkiye,,,,FALSE,NA,J,Player,TRUE,2026-09-08T16:20:22.787,2027-06-30T00:00:00,0,55,55,2,Forward,MERSIN,56213,https://media-cdn.cortextech.io/1dU3kpCqReRp93/1BSdBWIjCjnOS3/65280af4-bac8-4f04-8271-0c3395391ef0.png,https://media-cdn.cortextech.io/1dU3kpCqReRp93/1BSdBWIjCjnOS3/65280af4-bac8-4f04-8271-0c3395391ef0.png,BUR,Tofas Bursa,Tofas Bursa,Tofas,TOF,FALSE,https://media-cdn.cortextech.io/1dU3kpCqReRp93/1BSdBWIjChWbHH/72e5c4e0-abe1-43ce-bfb7-dcb025bb4adc.png,EuroCup 2026-27,U2026,2026-27,U,2026,2026-07-01T00:00:00
015110,"ARCIDIACONO, RYAN",Ryan Arcidiacono,"ARCIDIACONO, RYAN","ARCIDIACONO, RYAN",RYAN CURRAN,ARCIDIACONO,Arcidiacono,NA,USA,United States of America,190,88,1994-03-26T00:00:00,USA,United States of America,,,,FALSE,NA,J,Player,TRUE,2026-09-14T08:55:46.233,2027-06-30T00:00:00,0,51,51,1,Guard,OSOS DE MANATI,56540,https://media-cdn.cortextech.io/1dU3kpCqReRp93/1BSdBWIjCjnOO1/8e974aa6-3f32-4cf6-b2a2-d663cd97bccd.png,https://media-cdn.cortextech.io/1dU3kpCqReRp93/1BSdBWIjCjnOO1/8e974aa6-3f32-4cf6-b2a2-d663cd97bccd.png,FRA,Skyliners Frankfurt,Skyliners,Skyliners,SKY,FALSE,https://media-cdn.cortextech.io/1dU3kpCqReRp93/1BSdBWIjCgOCpC/6afb32b8-e6dc-4f79-b14a-2d99fdb34cde.png,EuroCup 2026-27,U2026,2026-27,U,2026,2026-07-01T00:00:00
012268,"ATAMNA, ADAM",Adam Atamna,"ATAMNA, ADAM","ATAMNA, ADAM",ADAM,ATAMNA,ATAMNA,NA,FRA,France,192,90,2007-12-06T00:00:00,FRA,France,,,,FALSE,NA,J,Player,TRUE,2026-09-08T15:51:54.641,2027-06-30T00:00:00,0,0,0,1,Guard,LDLC ASVEL VILLEURBANNE,56157,https://media-cdn.cortextech.io/1dU3kpCqReRp93/1BSdBWIjCjnOO1/ec543524-81e6-4acc-95b0-1c2684714401.png,https://media-cdn.cortextech.io/1dU3kpCqReRp93/1BSdBWIjCjnOO1/ec543524-81e6-4acc-95b0-1c2684714401.png,ULM,ratiopharm ulm,Ulm,Ulm,ULM,FALSE,https://media-cdn.cortextech.io/5750bc8b-dd63-48e4-8586-10d4e5e2b4e2.png,EuroCup 2026-27,U2026,2026-27,U,2026,2026-07-01T00:00:00
004716,"ATIC, EDIN",Edin Atic,Atic,Atic,EDIN,ATIC,ATIC,"Atic, E.",BIH,Bosnia and Herzegovina,201,97,1997-01-19T00:00:00,BIH,Bosnia and Herzegovina,,edinatic97,edinaticofficial,FALSE,NA,J,Player,TRUE,2026-09-10T07:42:49.341,2027-06-30T00:00:00,0,5,5,1,Guard,KK BOSNA BH TELECOM,56404,NA,NA,BOS,BOSNA BH Telecom Sarajevo,BOSNA,BOSNA,BOS,FALSE,https://media-cdn.cortextech.io/1dU3kpCqReRp93/1BSdBWIjCjnOJl/0024f0d4-55d9-4ed0-be41-68c0e90c41d5.png,EuroCup 2026-27,U2026,2026-27,U,2026,2026-07-01T00:00:00
011811,"ATKINS, DARION",Darion Atkins,"ATKINS, DARION","ATKINS, DARION",DARION RAY,ATKINS,ATKINS,,USA,United States of America,203,103,1992-09-17T00:00:00,USA,United States of America,,,,FALSE,NA,J,Player,TRUE,2026-09-08T16:08:10.347,2027-06-30T00:00:00,0,17,17,3,Center,MACCABI IRONI RAMAT GAN,56189,NA,NA,NIN,NINERS Chemnitz,Chemnitz,Chemnitz,CHE,FALSE,https://media-cdn.cortextech.io/75ae96be-69f9-4e48-b5bd-b1056842db57.png,EuroCup 2026-27,U2026,2026-27,U,2026,2026-07-01T00:00:00
015095,"AUDIGE, CHASE",Chase Audige,"AUDIGE, CHASE","AUDIGE, CHASE",CHASE BRAD,AUDIGE,AUDIGE,NA,JAM,Jamaica,193,92,1999-06-29T00:00:00,USA,United States of America,,,,FALSE,NA,J,Player,TRUE,2026-09-10T14:33:47.226,2027-06-30T00:00:00,0,1,1,1,Guard,UNICAJA MALAGA,56492,NA,NA,BGS,Recoletas Salud San Pablo Burgos,Burgos,Burgos,BUR,FALSE,https://media-cdn.cortextech.io/1dU3kpCqReRp93/1BSdBWIjCgOCxM/40c97670-177e-4c74-9f5f-76b528a0da86.png,EuroCup 2026-27,U2026,2026-27,U,2026,2026-07-01T00:00:00
003983,"AVRAMOVIC, ALEKSA",Aleksa Avramovic,"AVRAMOVIC, A.","AVRAMOVIC, A.",ALEKSA,AVRAMOVIC,AVRAMOVIC,"Avramovic, A.",SRB,Serbia,193,87,1994-10-25T00:00:00,SRB,Serbia,,aleksaavramovic,,FALSE,NA,J,Player,TRUE,2026-09-08T16:21:54.219,2027-06-30T00:00:00,0,4,4,1,Guard,BC DUBAI,56215,https://media-cdn.cortextech.io/1dU3kpCqReRp93/1BSdBWIjCjnOS1/09ba6b1f-d3db-41e0-9c87-c80809f73438.png,https://media-cdn.cortextech.io/1dU3kpCqReRp93/1BSdBWIjCjnOS1/09ba6b1f-d3db-41e0-9c87-c80809f73438.png,BAH,Bahcesehir College Istanbul,Bahcesehir,Bahcesehir,BKS,FALSE,https://media-cdn.incrowdsports.com/1d3274d8-da86-4d21-9e97-6810ab88babe.png,EuroCup 2026-27,U2026,2026-27,U,2026,2026-07-01T00:00:00
014890,"AYAYI, GERALD",Gerald Ayayi,"AYAYI, GERALD","AYAYI, GERALD",GERALD THIBAUD AKUETE IBUKUN,AYAYI,AYAYI,NA,FRA,France,188,84,2001-08-24T00:00:00,FRA,France,,,,FALSE,NA,J,Player,TRUE,2026-09-08T12:47:54.76,2027-06-30T00:00:00,0,11,11,1,Guard,NBA,56088,https://media-cdn.cortextech.io/1dU3kpCqReRp93/1BSdBWIjCjnOS5/44c0adda-cc6f-4078-80e1-5fe70cf38468.png,https://media-cdn.cortextech.io/1dU3kpCqReRp93/1BSdBWIjCjnOS5/44c0adda-cc6f-4078-80e1-5fe70cf38468.png,BCR,Roma Basketball,Roma,Roma,ROM,FALSE,https://media-cdn.cortextech.io/1dU3kpCqReRp93/1BSdBWIjCjnOS1/1e9e0379-db30-4234-89b0-19576709c285.png,EuroCup 2026-27,U2026,2026-27,U,2026,2026-07-01T00:00:00
008256,"BAGGETTE, ELIAS",Elias Baggette,"BAGGETTE, ELIAS","BAGGETTE, ELIAS",ELIAS,BAGGETTE,BAGGETTE,"Baggette, E.",GER,Germany,181,81,2002-04-28T00:00:00,GER,Germany,,,,FALSE,NA,J,Player,TRUE,2026-09-08T12:48:31.896,2027-06-30T00:00:00,0,4,4,1,Guard,ROSTOCK SEAWOLVES,56094,https://media-cdn.cortextech.io/1dU3kpCqReRp93/1BSdBWIjCjnOS5/a9c92d14-9758-4e0f-a6f4-66d13823b5cd.png,https://media-cdn.cortextech.io/1dU3kpCqReRp93/1BSdBWIjCjnOS5/a9c92d14-9758-4e0f-a6f4-66d13823b5cd.png,RTK,Rostock Seawolves, Rostock, Rostock,ROS,FALSE,https://media-cdn.cortextech.io/1dU3kpCqReRp93/1BSdBWIjCgOCpC/de14cdb9-c0f7-485f-84ac-f305ace44723.png,EuroCup 2026-27,U2026,2026-27,U,2026,2026-07-01T00:00:00
004655,"BAKO, ISMAEL",Ismael Bako,"BAKO, I.","BAKO, I.",ISMAEL,BAKO,BAKO,"Bako, I.",BEL,Belgium,208,100,1995-10-10T00:00:00,BEL,Belgium,,,,FALSE,NA,J,Player,TRUE,2026-09-10T14:41:51.479,2027-06-30T00:00:00,0,28,28,3,Center,BC ZENIT ST PETERSBURG,56500,https://media-cdn.cortextech.io/1dU3kpCqReRp93/1BSdBWIjCjnOS4/8899b1a5-f5a2-4b51-ba88-3b0e3dac1d19.png,https://media-cdn.cortextech.io/1dU3kpCqReRp93/1BSdBWIjCjnOS4/8899b1a5-f5a2-4b51-ba88-3b0e3dac1d19.png,TTK,Turk Telekom Ankara,Turk Telekom,Turk Telekom,TTA,FALSE,https://media-cdn.incrowdsports.com/4ba35608-54ca-4800-a59c-f2571e6f8e13.png,EuroCup 2026-27,U2026,2026-27,U,2026,2026-07-01T00:00:00
013248,"BANKS, JAMES",James Banks,"BANKS, JAMES","BANKS, JAMES",JAMES ALTON,BANKS III,BANKS III,,USA,United States of America,208,113,1998-01-16T00:00:00,USA,United States of America,,,,FALSE,NA,J,Player,TRUE,2026-09-16T13:09:47.234,2027-06-30T00:00:00,0,1,1,3,Center,IRONI KIRYAT ATA B.C.,56728,NA,NA,BOS,BOSNA BH Telecom Sarajevo,BOSNA,BOSNA,BOS,FALSE,https://media-cdn.cortextech.io/1dU3kpCqReRp93/1BSdBWIjCjnOJl/0024f0d4-55d9-4ed0-be41-68c0e90c41d5.png,EuroCup 2026-27,U2026,2026-27,U,2026,2026-07-01T00:00:00
012760,"BANKSTON, KRIS",Kris Bankston,"BANKSTON, KRISTEON LAMAR","BANKSTON, KRISTEON LAMAR",KRISTEON LAMAR,BANKSTON,BANKSTON,,USA,United States of America,205,95,1999-06-11T00:00:00,USA,United States of America,,,,FALSE,NA,J,Player,TRUE,2026-09-23T07:55:49.768,2027-06-30T00:00:00,0,30,30,3,Center,TURK TELEKOM ANKARA,56965,https://media-cdn.cortextech.io/1dU3kpCqReRp93/1BSdBWIjCjnOS4/18e4c264-1ab0-478e-bf39-678864783eb6.png,https://media-cdn.cortextech.io/1dU3kpCqReRp93/1BSdBWIjCjnOS4/18e4c264-1ab0-478e-bf39-678864783eb6.png,TTK,Turk Telekom Ankara,Turk Telekom,Turk Telekom,TTA,FALSE,https://media-cdn.incrowdsports.com/4ba35608-54ca-4800-a59c-f2571e6f8e13.png,EuroCup 2026-27,U2026,2026-27,U,2026,2026-07-01T00:00:00
014228,"BARRA, ANTONIO",Antonio Barra,"BARRA, ANTONIO","BARRA, ANTONIO",ANTONIO,BARRA,BARRA,NA,ITA,Italy,202,96,2008-06-04T00:00:00,ITA,Italy,,,,FALSE,NA,J,Player,TRUE,2026-09-08T11:33:02.458,2027-06-30T00:00:00,0,13,13,2,Forward,DOLOMITI ENERGIA TRENTO,55987,NA,NA,TRN,Dolomiti Energia Trento,Trento,Trento,TRE,FALSE,https://media-cdn.cortextech.io/1dU3kpCqReRp93/1BSdBWIjCcz1CG/e4ce6137-6d3f-4072-9480-c0b9a9cd617d.png,EuroCup 2026-27,U2026,2026-27,U,2026,2026-07-01T00:00:00
008278,"BAS, GOKTUG",Goktug Bas,"BAS, GOKTUG","BAS, GOKTUG",GOKTUG,BAS,BAS,"Bas, G.",TUR,Turkiye,201,100,2001-05-08T00:00:00,TUR,Turkiye,,,,FALSE,NA,J,Player,TRUE,2026-09-09T15:29:56.977,2027-06-30T00:00:00,0,57,57,2,Forward,BAHCESEHIR KOLEJI,56349,https://media-cdn.cortextech.io/1dU3kpCqReRp93/1BSdBWIjCjnOS4/c585a706-ace0-4e24-8f41-bb9f1c8b0121.png,https://media-cdn.cortextech.io/1dU3kpCqReRp93/1BSdBWIjCjnOS4/c585a706-ace0-4e24-8f41-bb9f1c8b0121.png,TTK,Turk Telekom Ankara,Turk Telekom,Turk Telekom,TTA,FALSE,https://media-cdn.incrowdsports.com/4ba35608-54ca-4800-a59c-f2571e6f8e13.png,EuroCup 2026-27,U2026,2026-27,U,2026,2026-07-01T00:00:00
009306,"BASLYK, DANIEL",Daniel Baslyk,"BASLYK, DANIEL","BASLYK, DANIEL",DANIEL,BASLYK,BASLYK,"Baslyk, D.",LTU,Lithuania,198,90,2001-02-24T00:00:00,LTU,Lithuania,,,,FALSE,NA,J,Player,TRUE,2026-09-08T12:28:08.488,2027-06-30T00:00:00,0,9,9,2,Forward,BC SIAULIAI,56062,https://media-cdn.cortextech.io/1dU3kpCqReRp93/1BSdBWIjCjnOO1/6dffce13-f676-47ad-b913-29d52ec09df8.png,https://media-cdn.cortextech.io/1dU3kpCqReRp93/1BSdBWIjCjnOO1/6dffce13-f676-47ad-b913-29d52ec09df8.png,LKB,Lietkabelis Panevezys,Lietkabelis,Lietkabelis,LIE,FALSE,https://media-cdn.cortextech.io/ffcb6e37-31f4-48f6-91c2-a8c9a6f791a9.png,EuroCup 2026-27,U2026,2026-27,U,2026,2026-07-01T00:00:00
001607,"BASSAS, FERRAN",Ferran Bassas,"BASSAS, F.","BASSAS, F.",FERRAN,BASSAS NAVARRA,BASSAS,"Bassas, F.",ESP,Spain,181,85,1992-04-29T00:00:00,ESP,Spain,FerranBassas20,ferranbassas5,,FALSE,NA,J,Player,TRUE,2026-09-08T11:41:12.336,2027-06-30T00:00:00,0,6,6,1,Guard,BAXI MANRESA,56006,https://media-cdn.cortextech.io/1dU3kpCqReRp93/1BSdBWIjCjnOS4/0643ad4c-706e-4223-86e9-d2b6944f955c.png,https://media-cdn.cortextech.io/1dU3kpCqReRp93/1BSdBWIjCjnOS4/0643ad4c-706e-4223-86e9-d2b6944f955c.png,MAN,Kids&Us Manresa,K&U Manresa,Manresa,MAN,FALSE,https://media-cdn.cortextech.io/1dU3kpCqReRp93/1BSdBWIjCgOCpC/06792bed-0383-4de2-80b9-95ecca3fd973.png,EuroCup 2026-27,U2026,2026-27,U,2026,2026-07-01T00:00:00
006724,"BAYEHE, JORDAN",Jordan Bayehe,Bayehe,Bayehe,PHILIPPE JORDAN,BAYEHE,BAYEHE,"Bayehe, J.P.",CMR,Cameroon,204,96,1999-10-16T00:00:00,CMR,Cameroon,,,,FALSE,NA,J,Player,TRUE,2026-09-08T11:33:03.548,2027-06-30T00:00:00,0,26,26,3,Center,DOLOMITI ENERGIA TRENTO,55991,NA,NA,TRN,Dolomiti Energia Trento,Trento,Trento,TRE,FALSE,https://media-cdn.cortextech.io/1dU3kpCqReRp93/1BSdBWIjCcz1CG/e4ce6137-6d3f-4072-9480-c0b9a9cd617d.png,EuroCup 2026-27,U2026,2026-27,U,2026,2026-07-01T00:00:00
014436,"BAYO, MANSOUR",Mansour Bayo,"BAYO, MANSOUR","BAYO, MANSOUR",MANSOUR,BAYO,BAYO,NA,GAM,Gambia,208,98,2009-02-08T00:00:00,GAM,Gambia,NA,NA,NA,FALSE,NA,J,Player,TRUE,2026-09-08T11:33:02.741,2027-06-30T00:00:00,0,15,15,2,Forward,DOLOMITI ENERGIA TRENTO,55988,NA,NA,TRN,Dolomiti Energia Trento,Trento,Trento,TRE,FALSE,https://media-cdn.cortextech.io/1dU3kpCqReRp93/1BSdBWIjCcz1CG/e4ce6137-6d3f-4072-9480-c0b9a9cd617d.png,EuroCup 2026-27,U2026,2026-27,U,2026,2026-07-01T00:00:00
009577,"BAZINAS, ATHANASIOS",Athanasios Bazinas,"BAZINAS, ATHANASIOS","BAZINAS, ATHANASIOS",ATHANASIOS,BAZINAS,BAZINAS,"Bazinas, A.",GRE,Greece,194,91,2003-10-18T00:00:00,GRE,Greece,,nasosbazinas77,,FALSE,NA,J,Player,TRUE,2026-09-08T12:42:10.445,2027-06-30T00:00:00,0,77,77,1,Guard,PROMITHEAS PATRAS,56083,https://media-cdn.cortextech.io/1dU3kpCqReRp93/1BSdBWIjCjnOO0/9099376a-f35a-4f76-8170-1b8025a33145.png,https://media-cdn.cortextech.io/1dU3kpCqReRp93/1BSdBWIjCjnOO0/9099376a-f35a-4f76-8170-1b8025a33145.png,PAO,PAOK Thessaloniki,PAOK,PAOK,PBC,FALSE,https://media-cdn.cortextech.io/1dU3kpCqReRp93/1BSdBWIjChWbHH/0506e7c4-ec4b-460a-bc59-b033ad9e336c.png,EuroCup 2026-27,U2026,2026-27,U,2026,2026-07-01T00:00:00
014860,"BEAUFORT, LUCAS",Lucas Beaufort,"BEAUFORT, LUCAS","BEAUFORT, LUCAS",LUCAS BONSOMBE,BEAUFORT,BEAUFORT,NA,FRA,France,193,90,2002-05-24T00:00:00,FRA,France,NA,NA,NA,FALSE,NA,J,Player,TRUE,2026-09-08T11:41:12.081,2027-06-30T00:00:00,0,5,5,1,Guard,SAINT CHAMOND,56005,https://media-cdn.cortextech.io/1dU3kpCqReRp93/1BSdBWIjCjnOS4/fa8a8c38-5ce6-4029-98ec-b8729a7c2024.png,https://media-cdn.cortextech.io/1dU3kpCqReRp93/1BSdBWIjCjnOS4/fa8a8c38-5ce6-4029-98ec-b8729a7c2024.png,MAN,Kids&Us Manresa,K&U Manresa,Manresa,MAN,FALSE,https://media-cdn.cortextech.io/1dU3kpCqReRp93/1BSdBWIjCgOCpC/06792bed-0383-4de2-80b9-95ecca3fd973.png,EuroCup 2026-27,U2026,2026-27,U,2026,2026-07-01T00:00:00
013897,"BEDIME, ROMAN",Roman Bedime,"BEDIME, ROMAN","BEDIME, ROMAN",ROMAN,BEDIME,BEDIME,NA,GER,Germany,203,100,2001-11-18T00:00:00,GER,Germany,,,,FALSE,NA,J,Player,TRUE,2026-09-09T17:57:33.056,2027-06-30T00:00:00,0,35,35,3,Center,NINERS CHEMNITZ,56399,https://media-cdn.cortextech.io/1dU3kpCqReRp93/1BSdBWIjCjnOO1/f52b45a2-31f4-4138-bda9-30f69c87f385.png,https://media-cdn.cortextech.io/1dU3kpCqReRp93/1BSdBWIjCjnOO1/f52b45a2-31f4-4138-bda9-30f69c87f385.png,FRA,Skyliners Frankfurt,Skyliners,Skyliners,SKY,FALSE,https://media-cdn.cortextech.io/1dU3kpCqReRp93/1BSdBWIjCgOCpC/6afb32b8-e6dc-4f79-b14a-2d99fdb34cde.png,EuroCup 2026-27,U2026,2026-27,U,2026,2026-07-01T00:00:00
015210,"BENCZAK, LENNY",Lenny Benczak,"BENCZAK, LENNY","BENCZAK, LENNY",LENNY STEVEN,BENCZAK,Benczak,NA,AUT,Austria,201,92,2008-12-02T00:00:00,AUT,Austria,NA,NA,NA,FALSE,NA,J,Player,TRUE,2026-09-23T10:51:24.518,2027-06-30T00:00:00,0,24,24,1,Guard,BC VIENNA,56970,NA,NA,FRA,Skyliners Frankfurt,Skyliners,Skyliners,SKY,FALSE,https://media-cdn.cortextech.io/1dU3kpCqReRp93/1BSdBWIjCgOCpC/6afb32b8-e6dc-4f79-b14a-2d99fdb34cde.png,EuroCup 2026-27,U2026,2026-27,U,2026,2026-07-01T00:00:00
010449,"BENITEZ, HUGO",Hugo Benitez,"BENITEZ, HUGO","BENITEZ, HUGO",HUGO,BENITEZ,BENITEZ,"Benitez, H.",FRA,France,192,88,2001-01-20T00:00:00,FRA,France,benitezhugo7,,,FALSE,NA,J,Player,TRUE,2026-09-08T11:41:11.559,2027-06-30T00:00:00,0,2,2,1,Guard,BAXI MANRESA,56003,https://media-cdn.cortextech.io/1dU3kpCqReRp93/1BSdBWIjCjnOS4/d38d124e-fb04-4cac-aef9-89b2333049e1.png,https://media-cdn.cortextech.io/1dU3kpCqReRp93/1BSdBWIjCjnOS4/d38d124e-fb04-4cac-aef9-89b2333049e1.png,MAN,Kids&Us Manresa,K&U Manresa,Manresa,MAN,FALSE,https://media-cdn.cortextech.io/1dU3kpCqReRp93/1BSdBWIjCgOCpC/06792bed-0383-4de2-80b9-95ecca3fd973.png,EuroCup 2026-27,U2026,2026-27,U,2026,2026-07-01T00:00:00
014877,"BERACOU, TYLER",Tyler Beracou,"BERACOU, TYLER","BERACOU, TYLER","TYLER, MEHDI, MATTHEW",BERACOU,BERACOU,NA,FRA,France,202,104,2006-10-12T00:00:00,FRA,France,,,,FALSE,NA,J,Player,TRUE,2026-09-08T12:16:25.166,2027-06-30T00:00:00,0,26,26,3,Center,LE MANS SARTHE BASKET,56053,https://media-cdn.cortextech.io/1dU3kpCqReRp93/1BSdBWIjCjnOS3/a69aceac-a875-4bf5-97eb-5357b287c95a.png,https://media-cdn.cortextech.io/1dU3kpCqReRp93/1BSdBWIjCjnOS3/a69aceac-a875-4bf5-97eb-5357b287c95a.png,LEM,Le Mans Sarthe Basket,Le Mans Sarthe,Le Mans Sarthe,MSB,FALSE,https://media-cdn.cortextech.io/1dU3kpCqReRp93/1BSdBWIjCgOCpC/b8ec3298-5030-4865-8469-722a21b471c3.png,EuroCup 2026-27,U2026,2026-27,U,2026,2026-07-01T00:00:00
014839,"BERNAT, THOMAS",Thomas Bernat,"BERNAT, THOMAS","BERNAT, THOMAS",THOMAS,BERNAT,BERNAT,NA,ROU,Romania,194,80,2009-12-05T00:00:00,ROU,Romania,,,,FALSE,NA,J,Player,TRUE,2026-09-08T10:47:12.605,2027-06-30T00:00:00,0,2,2,1,Guard,U-BANCA TRANSILVANIA CLUJ-NAPOCA,55928,https://media-cdn.cortextech.io/1dU3kpCqReRp93/1BSdBWIjCjnOS3/09e7e9ba-893a-426b-a48e-6951e6fd4e94.png,https://media-cdn.cortextech.io/1dU3kpCqReRp93/1BSdBWIjCjnOS3/09e7e9ba-893a-426b-a48e-6951e6fd4e94.png,CLU,U-BT Cluj-Napoca,U-BT Cluj,Cluj,UBT,FALSE,https://media-cdn.incrowdsports.com/ae3e2844-0615-41bb-a788-a4f0d54b8d5e.png,EuroCup 2026-27,U2026,2026-27,U,2026,2026-07-01T00:00:00
010597,"BERTINI, ALESSANDRO",Alessandro Bertini,"BERTINI, ALESSANDRO","BERTINI, ALESSANDRO",ALESSANDRO,BERTINI,BERTINI,"Bertini, A.",ITA,Italy,195,87,2002-12-26T00:00:00,ITA,Italy,,,,FALSE,NA,J,Player,TRUE,2026-09-08T11:33:00.45,2027-06-30T00:00:00,0,5,5,2,Forward,VL PESARO,55979,NA,NA,TRN,Dolomiti Energia Trento,Trento,Trento,TRE,FALSE,https://media-cdn.cortextech.io/1dU3kpCqReRp93/1BSdBWIjCcz1CG/e4ce6137-6d3f-4072-9480-c0b9a9cd617d.png,EuroCup 2026-27,U2026,2026-27,U,2026,2026-07-01T00:00:00
006154,"BERUCKA, ARNAS",Arnas Berucka,ARNAS BERUCKA,ARNAS BERUCKA,ARNAS,BERUCKA,BERUCHKA,,LTU,Lithuania,196,85,1997-03-17T00:00:00,LTU,Lithuania,,,,FALSE,NA,J,Player,TRUE,2026-09-08T13:54:47.779,2027-06-30T00:00:00,0,21,21,2,Forward,NEPTUNAS,56138,https://media-cdn.cortextech.io/1dU3kpCqReRp93/1BSdBWIjCjnOS5/ca6a4feb-295d-4e1c-97cf-d6ed532e6ea8.png,https://media-cdn.cortextech.io/1dU3kpCqReRp93/1BSdBWIjCjnOS5/ca6a4feb-295d-4e1c-97cf-d6ed532e6ea8.png,KLA,Neptunas Klaipeda,Neptunas,Neptunas,NEP,FALSE,https://media-cdn.cortextech.io/ed0df5cd-c9e4-4387-bcd4-3606270cd255.png,EuroCup 2026-27,U2026,2026-27,U,2026,2026-07-01T00:00:00
003398,"BERZINS, JANIS",Janis Berzins,Berzins,Berzins,JANIS,BERZINS,BERZINŠ,"Berzins, J.",LAT,Latvia,201,99,1993-05-04T00:00:00,LAT,Latvia,,,,FALSE,NA,J,Player,TRUE,2026-09-10T14:28:25.381,2027-06-30T00:00:00,0,31,31,2,Forward,BK RIGAS ZELLI,56491,https://media-cdn.cortextech.io/1dU3kpCqReRp93/1BSdBWIjCjnOS3/d23d24a7-7216-4cdb-8356-f4978a53fccd.png,https://media-cdn.cortextech.io/1dU3kpCqReRp93/1BSdBWIjCjnOS3/d23d24a7-7216-4cdb-8356-f4978a53fccd.png,RIG,Riga Zelli,Riga Zelli,Riga Zelli,RIG,FALSE,https://media-cdn.cortextech.io/1dU3kpCqReRp93/1BSdBWIjCgOCpC/0ab8fe2a-5972-48c5-bdff-f5159ca0abe7.png,EuroCup 2026-27,U2026,2026-27,U,2026,2026-07-01T00:00:00
014840,"BESLAC, DUSAN",Dusan Beslac,"BESLAC, DUSAN","BESLAC, DUSAN",DUSAN,BESLAC,BESLAC,NA,SRB,Serbia,204,103,1998-10-06T00:00:00,SRB,Serbia,,,,FALSE,NA,J,Player,TRUE,2026-09-08T10:47:12.864,2027-06-30T00:00:00,0,3,3,2,Forward,BC AVTODOR SARATOV,55929,https://media-cdn.cortextech.io/1dU3kpCqReRp93/1BSdBWIjCjnOS3/d8a37892-9e2c-47e6-8bb0-0d6a7fb6c6f1.png,https://media-cdn.cortextech.io/1dU3kpCqReRp93/1BSdBWIjCjnOS3/d8a37892-9e2c-47e6-8bb0-0d6a7fb6c6f1.png,CLU,U-BT Cluj-Napoca,U-BT Cluj,Cluj,UBT,FALSE,https://media-cdn.incrowdsports.com/ae3e2844-0615-41bb-a788-a4f0d54b8d5e.png,EuroCup 2026-27,U2026,2026-27,U,2026,2026-07-01T00:00:00
013300,"BESS, JAVON",Javon Bess,"BESS, JAVON","BESS, JAVON",JAVON ANTHONY,BESS,BESS,,USA,United States of America,195,96,1996-04-01T00:00:00,USA,United States of America,,,,FALSE,NA,J,Player,TRUE,2026-09-08T10:47:14.156,2027-06-30T00:00:00,0,20,20,2,Forward,IGOKEA MTEL,55934,https://media-cdn.cortextech.io/1dU3kpCqReRp93/1BSdBWIjCjnOS3/be0c63b4-ba7c-47b0-9b05-f71da836cc9b.png,https://media-cdn.cortextech.io/1dU3kpCqReRp93/1BSdBWIjCjnOS3/be0c63b4-ba7c-47b0-9b05-f71da836cc9b.png,CLU,U-BT Cluj-Napoca,U-BT Cluj,Cluj,UBT,FALSE,https://media-cdn.incrowdsports.com/ae3e2844-0615-41bb-a788-a4f0d54b8d5e.png,EuroCup 2026-27,U2026,2026-27,U,2026,2026-07-01T00:00:00
014857,"BIGELOW, ISAIAH",Isaiah Bigelow,"BIGELOW, ISAIAH","BIGELOW, ISAIAH",ISAIAH JEWELS,BIGELOW,BIGELOW,NA,USA,United States of America,201,93,2000-01-05T00:00:00,USA,United States of America,,,,FALSE,NA,J,Player,TRUE,2026-09-08T11:33:03.309,2027-06-30T00:00:00,0,24,24,2,Forward,ALBA FEHERVAR,55990,NA,NA,TRN,Dolomiti Energia Trento,Trento,Trento,TRE,FALSE,https://media-cdn.cortextech.io/1dU3kpCqReRp93/1BSdBWIjCcz1CG/e4ce6137-6d3f-4072-9480-c0b9a9cd617d.png,EuroCup 2026-27,U2026,2026-27,U,2026,2026-07-01T00:00:00
003622,"BILAN, MIRO",Miro Bilan,Bilan,Bilan,MIRO,BILAN,BILAN,"Bilan, M.",CRO,Croatia,213,110,1989-07-21T00:00:00,CRO,Croatia,M1roB1lan,,,FALSE,NA,J,Player,TRUE,2026-09-09T11:27:01.552,2027-06-30T00:00:00,0,2,2,3,Center,PALLACANESTRO BRESCIA,56299,NA,NA,MRO,Maxima Roma,Maxima Roma,Maxima Roma,RMA,FALSE,https://media-cdn.cortextech.io/1dU3kpCqReRp93/1BSdBWIjChWbHH/f1547a87-c0bf-41ab-bf7e-a0001649430d.png,EuroCup 2026-27,U2026,2026-27,U,2026,2026-07-01T00:00:00
007182,"BIRCH, KHEM",Khem Birch,"BIRCH, KHEM XAVIER","BIRCH, KHEM XAVIER",KHEM XAVIER,BIRCH,BIRCH,"Birch, K.",CAN,Canada,206,106,1992-09-28T00:00:00,CAN,Canada,,,,FALSE,NA,J,Player,TRUE,2026-09-08T15:37:40.751,2027-06-30T00:00:00,0,92,92,3,Center,FENERBAHCHE,56152,NA,NA,ARI,Aris Thessaloniki,Aris,Aris,ARI,FALSE,https://media-cdn.cortextech.io/77e0fd97-1489-4e3c-8e70-ca39075460c0.png,EuroCup 2026-27,U2026,2026-27,U,2026,2026-07-01T00:00:00
014843,"BISHOP, CHRISTIAN",Christian Bishop,"BISHOP, CHRISTIAN","BISHOP, CHRISTIAN",CHRISTIAN ANGELO,BISHOP,BISHOP,NA,USA,United States of America,200,109,2000-06-13T00:00:00,ITA,Italy,,,,FALSE,NA,J,Player,TRUE,2026-09-08T10:47:13.888,2027-06-30T00:00:00,0,13,13,3,Center,GALATASARAY ISTANBUL,55933,https://media-cdn.cortextech.io/1dU3kpCqReRp93/1BSdBWIjCjnOS3/51e5c911-1136-4594-8df1-12a3fa110e29.png,https://media-cdn.cortextech.io/1dU3kpCqReRp93/1BSdBWIjCjnOS3/51e5c911-1136-4594-8df1-12a3fa110e29.png,CLU,U-BT Cluj-Napoca,U-BT Cluj,Cluj,UBT,FALSE,https://media-cdn.incrowdsports.com/ae3e2844-0615-41bb-a788-a4f0d54b8d5e.png,EuroCup 2026-27,U2026,2026-27,U,2026,2026-07-01T00:00:00
003452,"BLAZIC, JAKA",Jaka Blazic,Blazic,Blazic,JAKA,BLAZIC,BLAZIC,"Blazic, J.",SLO,Slovenia,196,94,1990-06-30T00:00:00,SLO,Slovenia,JakaBlazic,jakablazic,,FALSE,NA,J,Player,TRUE,2026-09-08T11:04:49.466,2027-06-30T00:00:00,0,11,11,1,Guard,CEDEVITA OLIMPIJA,55965,https://media-cdn.cortextech.io/1dU3kpCqReRp93/1BSdBWIjCjnOO0/b2048c88-cc8e-4d91-af7b-691157f153cd.png,https://media-cdn.cortextech.io/1dU3kpCqReRp93/1BSdBWIjCjnOO0/b2048c88-cc8e-4d91-af7b-691157f153cd.png,LJU,Cedevita Olimpija Ljubljana,Cedevita Olimp,Cedevita Olimpija,COL,FALSE,https://media-cdn.incrowdsports.com/73b33d13-570e-4e49-a9cb-fe806831eaa7.png,EuroCup 2026-27,U2026,2026-27,U,2026,2026-07-01T00:00:00
014836,"BOAKYE, ENOCH",Enoch Boakye,"BOAKYE, ENOCH","BOAKYE, ENOCH",ENOCH OWUSU,BOAKYE,BOAKYE,NA,CAN,Canada,208,113,2003-03-24T00:00:00,CAN,Canada,NA,NA,NA,FALSE,NA,J,Player,TRUE,2026-09-08T10:37:33.771,2027-06-30T00:00:00,0,13,13,3,Center,SPIROU CHARLEROI,55915,https://media-cdn.cortextech.io/1dU3kpCqReRp93/1BSdBWIjCjnOS5/9773a5ae-beec-4741-a842-650974290f4b.png,https://media-cdn.cortextech.io/1dU3kpCqReRp93/1BSdBWIjCjnOS5/9773a5ae-beec-4741-a842-650974290f4b.png,VNC,Umana Reyer Venice,Reyer Venice,Reyer Venice,URV,FALSE,https://media-cdn.incrowdsports.com/104f5074-9f23-47da-a21f-f2078db8244c.png,EuroCup 2026-27,U2026,2026-27,U,2026,2026-07-01T00:00:00
003240,"BOCHORIDIS, ELEFTHERIOS",Eleftherios Bochoridis,Bochoridis,Bochoridis,ELEFTHERIOS,BOCHORIDIS,BOCHORIDIS,"Bochoridis, E.",GRE,Greece,196,91,1994-04-18T00:00:00,GRE,Greece,,,,FALSE,NA,J,Player,TRUE,2026-09-08T15:37:25.829,2027-06-30T00:00:00,0,13,13,1,Guard,ARIS,56148,NA,NA,ARI,Aris Thessaloniki,Aris,Aris,ARI,FALSE,https://media-cdn.cortextech.io/77e0fd97-1489-4e3c-8e70-ca39075460c0.png,EuroCup 2026-27,U2026,2026-27,U,2026,2026-07-01T00:00:00
015045,"BOCK, ANTON",Anton Bock,"BOCK, ANTON","BOCK, ANTON",ANTON WILHELM,BOCK,BOCK,NA,GER,Germany,209,96,2009-02-27T00:00:00,GER,Germany,,,,FALSE,NA,J,Player,TRUE,2026-09-09T18:13:38.327,2027-06-30T00:00:00,0,27,27,3,Center,NINERS CHEMNITZ II,56400,NA,NA,NIN,NINERS Chemnitz,Chemnitz,Chemnitz,CHE,FALSE,https://media-cdn.cortextech.io/75ae96be-69f9-4e48-b5bd-b1056842db57.png,EuroCup 2026-27,U2026,2026-27,U,2026,2026-07-01T00:00:00
014105,"BOL, JUOM MAKER",Juom Maker Bol,"BOL MEEN, JUOM MAKER","BOL MEEN, JUOM MAKER",JUOM MAKER,BOL MEEN,BOL,NA,ESP,Spain,208,91,2008-11-08T00:00:00,SSD,South Sudan,,,,FALSE,NA,J,Player,TRUE,2026-09-25T10:42:46.091,2027-06-30T00:00:00,0,58,58,3,Center,SASKI BASKONIA,57014,NA,NA,ULM,ratiopharm ulm,Ulm,Ulm,ULM,FALSE,https://media-cdn.cortextech.io/5750bc8b-dd63-48e4-8586-10d4e5e2b4e2.png,EuroCup 2026-27,U2026,2026-27,U,2026,2026-07-01T00:00:00
008031,"BONACINI, FEDERICO",Federico Bonacini,"BONACINI, FEDERICO","BONACINI, FEDERICO",FEDERICO,BONACINI,BONACINI,"Bonacini, F.",ITA,Italy,190,83,1999-01-23T00:00:00,ITA,Italy,,,,FALSE,NA,J,Player,TRUE,2026-09-09T11:27:03.418,2027-06-30T00:00:00,0,23,23,1,Guard,BASKET MESTRE 1958,56306,NA,NA,MRO,Maxima Roma,Maxima Roma,Maxima Roma,RMA,FALSE,https://media-cdn.cortextech.io/1dU3kpCqReRp93/1BSdBWIjChWbHH/f1547a87-c0bf-41ab-bf7e-a0001649430d.png,EuroCup 2026-27,U2026,2026-27,U,2026,2026-07-01T00:00:00
009056,"BONILLA, GAEL",Gael Bonilla,"BONILLA, GAEL","BONILLA, GAEL",YAHIR GAEL,BONILLA SILVA,Bonilla,"Bonilla, G.",MEX,Mexico,202,86,2003-02-26T00:00:00,MEX,Mexico,,,,FALSE,NA,J,Player,TRUE,2026-09-09T16:42:18.708,2027-06-30T00:00:00,0,2,2,2,Forward,NBAGL,56382,NA,NA,BLK,Balkan Botevgrad,Balkan,Balkan,BLK,FALSE,https://media-cdn.cortextech.io/1dU3kpCqReRp93/1BSdBWIjCgOCpC/ba6e2d99-3ea9-4730-a0ce-830cccca4657.png,EuroCup 2026-27,U2026,2026-27,U,2026,2026-07-01T00:00:00
006701,"BORTOLANI, GIORDANO",Giordano Bortolani,Bortolani,Bortolani,GIORDANO,BORTOLANI,BORTOLANI,"Bortolani, G.",ITA,Italy,193,85,2000-12-02T00:00:00,ITA,Italy,,,,FALSE,NA,J,Player,TRUE,2026-09-08T13:13:10.711,2027-06-30T00:00:00,0,12,12,1,Guard,EA7 EMPORIO ARMANI MILANO,56112,NA,NA,TRT,Baglietto Derthona Tortona,Derthona,Derthona,DER,FALSE,https://media-cdn.cortextech.io/1dU3kpCqReRp93/1BSdBWIjCjnONv/4976fa46-8eb4-471c-b6dd-4704866c5769.png,EuroCup 2026-27,U2026,2026-27,U,2026,2026-07-01T00:00:00
003840,"BOUTEILLE, AXEL",Axel Bouteille,"BOUTEILLE, AXEL","BOUTEILLE, AXEL",AXEL,BOUTEILLE,BOUTEILLE,"Bouteille, A.",FRA,France,201,92,1995-04-14T00:00:00,FRA,France,,,,FALSE,NA,J,Player,TRUE,2026-09-08T11:02:13.688,2027-06-30T00:00:00,0,83,83,2,Forward,BUDUCNOST VOLI,55958,https://media-cdn.cortextech.io/1dU3kpCqReRp93/1BSdBWIjCjnOS5/26c283dd-f277-4607-af5b-9713f02355cb.png,https://media-cdn.cortextech.io/1dU3kpCqReRp93/1BSdBWIjCjnOS5/26c283dd-f277-4607-af5b-9713f02355cb.png,BUD,Buducnost VOLI Podgorica,Buducnost VOLI,Buducnost,BUD,FALSE,https://media-cdn.incrowdsports.com/47161285-94b3-4266-9d23-b722e8600945.png,EuroCup 2026-27,U2026,2026-27,U,2026,2026-07-01T00:00:00
008923,"BOUTSIELE, JERRY",Jerry Boutsiele,"BOUTSIELE, JERRY","BOUTSIELE, JERRY",JERRY FRANCK,BOUTSIELE,BOUTSIELE,"Boutsiele, J.",FRA,France,208,125,1992-12-16T00:00:00,FRA,France,,,,FALSE,NA,J,Player,TRUE,2026-09-08T11:02:12.974,2027-06-30T00:00:00,0,16,16,3,Center,BUDUCNOST VOLI,55955,https://media-cdn.cortextech.io/1dU3kpCqReRp93/1BSdBWIjCjnOS5/526379c1-c6f0-40f4-87e6-1e669b94b264.png,https://media-cdn.cortextech.io/1dU3kpCqReRp93/1BSdBWIjCjnOS5/526379c1-c6f0-40f4-87e6-1e669b94b264.png,BUD,Buducnost VOLI Podgorica,Buducnost VOLI,Buducnost,BUD,FALSE,https://media-cdn.incrowdsports.com/47161285-94b3-4266-9d23-b722e8600945.png,EuroCup 2026-27,U2026,2026-27,U,2026,2026-07-01T00:00:00
013928,"BOWMAN, KY",Ky Bowman,"BOWMAN, KY","BOWMAN, KY",KYRIAN AZENDE,BOWMAN,BOWMAN,NA,USA,United States of America,190,89,1997-06-16T00:00:00,USA,United States of America,,,,FALSE,NA,J,Player,TRUE,2026-09-08T10:37:33.087,2027-06-30T00:00:00,0,8,8,1,Guard,REYER VENEZIA,55913,https://media-cdn.cortextech.io/1dU3kpCqReRp93/1BSdBWIjCjnOS5/587b984b-e793-41b7-b42f-1aed4b972646.png,https://media-cdn.cortextech.io/1dU3kpCqReRp93/1BSdBWIjCjnOS5/587b984b-e793-41b7-b42f-1aed4b972646.png,VNC,Umana Reyer Venice,Reyer Venice,Reyer Venice,URV,FALSE,https://media-cdn.incrowdsports.com/104f5074-9f23-47da-a21f-f2078db8244c.png,EuroCup 2026-27,U2026,2026-27,U,2026,2026-07-01T00:00:00
014853,"BROWN II, DARIUS",Darius Brown II,"BROWN II, DARIUS","BROWN II, DARIUS",DARIUS JOSEPH,BROWN II,BROWN II,NA,USA,United States of America,188,88,1999-07-28T00:00:00,USA,United States of America,NA,NA,NA,FALSE,NA,J,Player,TRUE,2026-09-08T11:32:59.926,2027-06-30T00:00:00,0,0,0,1,Guard,PHOENIX SUNS,55977,NA,NA,TRN,Dolomiti Energia Trento,Trento,Trento,TRE,FALSE,https://media-cdn.cortextech.io/1dU3kpCqReRp93/1BSdBWIjCcz1CG/e4ce6137-6d3f-4072-9480-c0b9a9cd617d.png,EuroCup 2026-27,U2026,2026-27,U,2026,2026-07-01T00:00:00
010588,"BROWN III, JOHN",John Brown III,"BROWN, JOHN","BROWN, JOHN",JOHN EDWARD,BROWN III,BROWN III,"Brown, J.",USA,United States of America,203,98,1992-01-28T00:00:00,USA,United States of America,,,,FALSE,NA,J,Player,TRUE,2026-09-09T11:27:01.296,2027-06-30T00:00:00,0,00,00,3,Center,SANTEROS DE AGUADA,56298,NA,NA,MRO,Maxima Roma,Maxima Roma,Maxima Roma,RMA,FALSE,https://media-cdn.cortextech.io/1dU3kpCqReRp93/1BSdBWIjChWbHH/f1547a87-c0bf-41ab-bf7e-a0001649430d.png,EuroCup 2026-27,U2026,2026-27,U,2026,2026-07-01T00:00:00
014854,"BROWN JR, CHARLIE",Charlie Brown Jr,"BROWN JR, CHARLIE","BROWN JR, CHARLIE",CHARLES KEENAN,BROWN JR,BROWN JR,NA,USA,United States of America,198,91,1997-02-02T00:00:00,USA,United States of America,,,,FALSE,NA,J,Player,TRUE,2026-09-08T11:33:00.174,2027-06-30T00:00:00,0,4,4,2,Forward,GIGANTES DE SAN FRANCISCO,55978,NA,NA,TRN,Dolomiti Energia Trento,Trento,Trento,TRE,FALSE,https://media-cdn.cortextech.io/1dU3kpCqReRp93/1BSdBWIjCcz1CG/e4ce6137-6d3f-4072-9480-c0b9a9cd617d.png,EuroCup 2026-27,U2026,2026-27,U,2026,2026-07-01T00:00:00
014945,"BROWN, GABRIEL",Gabriel Brown,"BROWN, GABRIEL","BROWN, GABRIEL",GABRIEL THOMAS,BROWN,BROWN,NA,USA,United States of America,201,95,2000-03-05T00:00:00,USA,United States of America,,,,FALSE,NA,J,Player,TRUE,2026-09-08T16:20:22.543,2027-06-30T00:00:00,0,44,44,2,Forward,SIG STRASBOURG,56212,https://media-cdn.cortextech.io/1dU3kpCqReRp93/1BSdBWIjCjnOS3/95c99258-011d-473a-a865-214d09328575.png,https://media-cdn.cortextech.io/1dU3kpCqReRp93/1BSdBWIjCjnOS3/95c99258-011d-473a-a865-214d09328575.png,BUR,Tofas Bursa,Tofas Bursa,Tofas,TOF,FALSE,https://media-cdn.cortextech.io/1dU3kpCqReRp93/1BSdBWIjChWbHH/72e5c4e0-abe1-43ce-bfb7-dcb025bb4adc.png,EuroCup 2026-27,U2026,2026-27,U,2026,2026-07-01T00:00:00
007424,"BROWN, MARKEL",Markel Brown,"BROWN, MARKEL","BROWN, MARKEL",DE MARIOUS MARKEL,BROWN,BROWN,"Brown, M.",USA,United States of America,191,84,1992-01-29T00:00:00,USA,United States of America,,,,FALSE,NA,J,Player,TRUE,2026-09-10T09:32:50.158,2027-06-30T00:00:00,0,22,22,1,Guard,PALLACANESTRO TRIESTE,56419,NA,NA,NAP,Napoli Basketball,Napoli,Napoli,NAP,FALSE,https://media-cdn.cortextech.io/1dU3kpCqReRp93/1BSdBWIjCgOCpC/c2de1d20-72f4-4453-95de-b4534db6d57f.png,EuroCup 2026-27,U2026,2026-27,U,2026,2026-07-01T00:00:00
015182,"BROWNE, GARY",Gary Browne,"BROWNE, GARY","BROWNE, GARY",GARY,BROWNE RAMIREZ,BROWNE,NA,USA,United States of America,183,76,1993-03-24T00:00:00,PUR,Puerto Rico,NA,NA,NA,FALSE,NA,J,Player,TRUE,2026-09-21T10:55:46.296,2027-06-30T00:00:00,0,14,14,1,Guard,VAQUEROS DE BAYAMON,56927,NA,NA,BOS,BOSNA BH Telecom Sarajevo,BOSNA,BOSNA,BOS,FALSE,https://media-cdn.cortextech.io/1dU3kpCqReRp93/1BSdBWIjCjnOJl/0024f0d4-55d9-4ed0-be41-68c0e90c41d5.png,EuroCup 2026-27,U2026,2026-27,U,2026,2026-07-01T00:00:00
014874,"BURG, ETHAN",Ethan Burg,"BURG, ETHAN","BURG, ETHAN",ETHAN,BUTLER BURG,BURG,NA,ISR,Israel,0,0,2002-09-04T00:00:00,ISR,Israel,,,,FALSE,NA,J,Player,TRUE,2026-09-08T12:13:16.728,2027-06-30T00:00:00,0,35,35,1,Guard,HAPOEL MIDTOWN JERUSALEM,56047,https://media-cdn.cortextech.io/1dU3kpCqReRp93/1BSdBWIjCjnOS5/d15be71a-7fff-4d35-8cb6-b73d7bdd78fa.png,https://media-cdn.cortextech.io/1dU3kpCqReRp93/1BSdBWIjCjnOS5/d15be71a-7fff-4d35-8cb6-b73d7bdd78fa.png,JER,Hapoel Midtown Jerusalem,Hapoel JLM,Jerusalem,JLM,FALSE,https://media-cdn.cortextech.io/1dU3kpCqReRp93/1BSdBWIjCiezvp/6d6e8da8-550f-4d1f-8a06-4611227e0c31.png,EuroCup 2026-27,U2026,2026-27,U,2026,2026-07-01T00:00:00
014932,"BURNHAM, BEN",Ben Burnham,"BURNHAM, BEN","BURNHAM, BEN",BENJAMIN FORREST,BURNHAM,BURNHAM,NA,USA,United States of America,201,100,2002-04-03T00:00:00,USA,United States of America,,,,FALSE,NA,J,Player,TRUE,2026-09-08T16:08:11.945,2027-06-30T00:00:00,0,25,25,2,Forward,ARTLAND DRAGONS,56195,NA,NA,NIN,NINERS Chemnitz,Chemnitz,Chemnitz,CHE,FALSE,https://media-cdn.cortextech.io/75ae96be-69f9-4e48-b5bd-b1056842db57.png,EuroCup 2026-27,U2026,2026-27,U,2026,2026-07-01T00:00:00
012714,"CACOK, DEVONTAE",Devontae Cacok,"CACOK, DEVONTAE","CACOK, DEVONTAE",DEVONTAE CALVIN,CACOK,CACOK,,USA,United States of America,201,0,1996-10-08T00:00:00,USA,United States of America,,,,FALSE,NA,J,Player,TRUE,2026-09-08T12:13:15.478,2027-06-30T00:00:00,0,0,0,3,Center,MANRESA,56042,https://media-cdn.cortextech.io/1dU3kpCqReRp93/1BSdBWIjCjnOS5/7b733f2d-d21b-4011-8220-586be46b46b1.png,https://media-cdn.cortextech.io/1dU3kpCqReRp93/1BSdBWIjCjnOS5/7b733f2d-d21b-4011-8220-586be46b46b1.png,JER,Hapoel Midtown Jerusalem,Hapoel JLM,Jerusalem,JLM,FALSE,https://media-cdn.cortextech.io/1dU3kpCqReRp93/1BSdBWIjCiezvp/6d6e8da8-550f-4d1f-8a06-4611227e0c31.png,EuroCup 2026-27,U2026,2026-27,U,2026,2026-07-01T00:00:00
015064,"CAFFEY, MICHAEL",Michael Caffey,"CAFFEY, MICHAEL","CAFFEY, MICHAEL",MICHAEL ANTHONY,CAFFEY,CAFFEY,NA,USA,United States of America,183,84,1993-02-17T00:00:00,USA,United States of America,,,,FALSE,NA,J,Player,TRUE,2026-09-10T11:00:48.054,2027-06-30T00:00:00,0,55,55,1,Guard,VOLUNTARI ROMANIA,56437,https://media-cdn.cortextech.io/1dU3kpCqReRp93/1BSdBWIjCjnOO0/2bfa65f3-7ca7-40d0-89f8-cc20a822654e.png,https://media-cdn.cortextech.io/1dU3kpCqReRp93/1BSdBWIjCjnOO0/2bfa65f3-7ca7-40d0-89f8-cc20a822654e.png,SIA,Siauliai Basketball,Siauliai ,Siauliai ,SIA,FALSE,https://media-cdn.cortextech.io/1dU3kpCqReRp93/1BSdBWIjCgOCpC/55a49aa3-e91f-45cc-88d0-670896ce5825.png,EuroCup 2026-27,U2026,2026-27,U,2026,2026-07-01T00:00:00
009077,"CAISIN, RADII",Radii Caisin,"CAISIN, RADII","CAISIN, RADII",RADII,CAISIN,Caisin,"Caisin, R.",GER,Germany,198,94,2001-02-27T00:00:00,GER,Germany,,,NA,FALSE,NA,J,Player,TRUE,2026-09-10T15:14:50.616,2027-06-30T00:00:00,0,15,15,2,Forward,SKYLINERS FRANKFURT,56508,https://media-cdn.cortextech.io/1dU3kpCqReRp93/1BSdBWIjCjnOO1/b8a6ddef-2eed-47fc-8e5d-fa56bd349f64.png,https://media-cdn.cortextech.io/1dU3kpCqReRp93/1BSdBWIjCjnOO1/b8a6ddef-2eed-47fc-8e5d-fa56bd349f64.png,FRA,Skyliners Frankfurt,Skyliners,Skyliners,SKY,FALSE,https://media-cdn.cortextech.io/1dU3kpCqReRp93/1BSdBWIjCgOCpC/6afb32b8-e6dc-4f79-b14a-2d99fdb34cde.png,EuroCup 2026-27,U2026,2026-27,U,2026,2026-07-01T00:00:00
001932,"CALATHES, NICK",Nick Calathes,Calathes,Calathes,NICHOLAS WILLIAM,CALATHES,CALATHES,"Calathes, N.",GRE,Greece,196,94,1989-02-07T00:00:00,USA,United States of America,Nick_Calathes15,ncalathes/,,FALSE,NA,J,Player,TRUE,2026-09-08T12:42:10.206,2027-06-30T00:00:00,0,33,33,1,Guard,PARTIZAN MOZZART BET,56082,https://media-cdn.cortextech.io/1dU3kpCqReRp93/1BSdBWIjCjnOO0/909be9ee-8d4b-483f-a87a-1d427142a207.png,https://media-cdn.cortextech.io/1dU3kpCqReRp93/1BSdBWIjCjnOO0/909be9ee-8d4b-483f-a87a-1d427142a207.png,PAO,PAOK Thessaloniki,PAOK,PAOK,PBC,FALSE,https://media-cdn.cortextech.io/1dU3kpCqReRp93/1BSdBWIjChWbHH/0506e7c4-ec4b-460a-bc59-b033ad9e336c.png,EuroCup 2026-27,U2026,2026-27,U,2026,2026-07-01T00:00:00
008108,"CAMARA, GORA",Gora Camara,"CAMARA, GORA","CAMARA, GORA",GORA,CAMARA,CAMARA,"Camara, G.",SEN,Senegal,214,112,2001-04-12T00:00:00,SEN,Senegal,,,,FALSE,NA,J,Player,TRUE,2026-09-09T11:27:24.17,2027-06-30T00:00:00,0,29,29,3,Center,BASKET RIMINI,56307,NA,NA,MRO,Maxima Roma,Maxima Roma,Maxima Roma,RMA,FALSE,https://media-cdn.cortextech.io/1dU3kpCqReRp93/1BSdBWIjChWbHH/f1547a87-c0bf-41ab-bf7e-a0001649430d.png,EuroCup 2026-27,U2026,2026-27,U,2026,2026-07-01T00:00:00
014842,"CAMPEAN, ALEXANDRU",Alexandru Campean,"CAMPEAN, ALEXANDRU","CAMPEAN, ALEXANDRU",ALEXANDRU,CAMPEAN,CAMPEAN,NA,ROU,Romania,192,79,2009-05-08T00:00:00,ROU,Romania,,,,FALSE,NA,J,Player,TRUE,2026-09-08T10:47:13.613,2027-06-30T00:00:00,0,11,11,2,Forward,U-BT CLUJ-NAPOCA,55932,https://media-cdn.cortextech.io/1dU3kpCqReRp93/1BSdBWIjCjnOS3/99e8d961-6e9a-4aaf-90c4-a0b65160fa73.png,https://media-cdn.cortextech.io/1dU3kpCqReRp93/1BSdBWIjCjnOS3/99e8d961-6e9a-4aaf-90c4-a0b65160fa73.png,CLU,U-BT Cluj-Napoca,U-BT Cluj,Cluj,UBT,FALSE,https://media-cdn.incrowdsports.com/ae3e2844-0615-41bb-a788-a4f0d54b8d5e.png,EuroCup 2026-27,U2026,2026-27,U,2026,2026-07-01T00:00:00
013924,"CAN, OMER",Omer Can,"CAN, ÖMER","CAN, ÖMER",OMER,CAN,CAN,NA,TUR,Turkiye,204,95,2007-12-05T00:00:00,TUR,Turkiye,,,,FALSE,NA,J,Player,TRUE,2026-09-09T15:22:41.106,2027-06-30T00:00:00,0,8,8,2,Forward,TURK TELEKOM ANKARA,56343,https://media-cdn.cortextech.io/1dU3kpCqReRp93/1BSdBWIjCjnOS4/23e2b2dc-93c3-4794-a441-49f4cf00641c.png,https://media-cdn.cortextech.io/1dU3kpCqReRp93/1BSdBWIjCjnOS4/23e2b2dc-93c3-4794-a441-49f4cf00641c.png,TTK,Turk Telekom Ankara,Turk Telekom,Turk Telekom,TTA,FALSE,https://media-cdn.incrowdsports.com/4ba35608-54ca-4800-a59c-f2571e6f8e13.png,EuroCup 2026-27,U2026,2026-27,U,2026,2026-07-01T00:00:00
007921,"CANDI, LEONARDO",Leonardo Candi,"CANDI, LEONARDO","CANDI, LEONARDO",LEONARDO,CANDI,CANDI,"Candi, L.",ITA,Italy,190,89,1997-03-30T00:00:00,ITA,Italy,,,,FALSE,NA,J,Player,TRUE,2026-09-08T10:37:32.861,2027-06-30T00:00:00,0,7,7,1,Guard,REYER VENEZIA,55912,https://media-cdn.cortextech.io/1dU3kpCqReRp93/1BSdBWIjCjnOS5/8677221c-1d25-4747-ae46-1725a582aea2.png,https://media-cdn.cortextech.io/1dU3kpCqReRp93/1BSdBWIjCjnOS5/8677221c-1d25-4747-ae46-1725a582aea2.png,VNC,Umana Reyer Venice,Reyer Venice,Reyer Venice,URV,FALSE,https://media-cdn.incrowdsports.com/104f5074-9f23-47da-a21f-f2078db8244c.png,EuroCup 2026-27,U2026,2026-27,U,2026,2026-07-01T00:00:00
013494,"CARNEVALE, FRANCESCO",Francesco Carnevale,"CARNEVALE, F.","CARNEVALE, F.",FRANCESCO,CARNEVALE,CARNEVALE,,ITA,Italy,195,90,2007-05-11T00:00:00,ITA,Italy,,,,FALSE,NA,J,Player,TRUE,2026-09-22T07:12:06.856,2027-06-30T00:00:00,0,8,8,1,Guard,STELLA EBK ACADEMY ROMA,56959,NA,NA,MRO,Maxima Roma,Maxima Roma,Maxima Roma,RMA,FALSE,https://media-cdn.cortextech.io/1dU3kpCqReRp93/1BSdBWIjChWbHH/f1547a87-c0bf-41ab-bf7e-a0001649430d.png,EuroCup 2026-27,U2026,2026-27,U,2026,2026-07-01T00:00:00
014940,"CARTER II, TERRELL",Terrell Carter II,"CARTER II, TERRELL","CARTER II, TERRELL",TERRELL NIKKO,CARTER II,CARTER II,NA,USA,United States of America,208,120,1996-01-06T00:00:00,USA,United States of America,,,,FALSE,NA,J,Player,TRUE,2026-09-08T16:20:20.621,2027-06-30T00:00:00,0,5,5,3,Center,PARMA PERI-PERM,56204,https://media-cdn.cortextech.io/1dU3kpCqReRp93/1BSdBWIjCjnOS1/5cf63509-e144-4658-a47b-5f1bc02d767b.png,https://media-cdn.cortextech.io/1dU3kpCqReRp93/1BSdBWIjCjnOS1/5cf63509-e144-4658-a47b-5f1bc02d767b.png,BUR,Tofas Bursa,Tofas Bursa,Tofas,TOF,FALSE,https://media-cdn.cortextech.io/1dU3kpCqReRp93/1BSdBWIjChWbHH/72e5c4e0-abe1-43ce-bfb7-dcb025bb4adc.png,EuroCup 2026-27,U2026,2026-27,U,2026,2026-07-01T00:00:00
006721,"CARUSO, GUGLIELMO",Guglielmo Caruso,Caruso,Caruso,GUGLIELMO,CARUSO,CARUSO,"Caruso, G.",ITA,Italy,204,102,1999-07-03T00:00:00,ITA,Italy,,,,FALSE,NA,J,Player,TRUE,2026-09-10T09:32:50.631,2027-06-30T00:00:00,0,30,30,3,Center,SS NAPOLIBASKET SRL,56421,NA,NA,NAP,Napoli Basketball,Napoli,Napoli,NAP,FALSE,https://media-cdn.cortextech.io/1dU3kpCqReRp93/1BSdBWIjCgOCpC/c2de1d20-72f4-4453-95de-b4534db6d57f.png,EuroCup 2026-27,U2026,2026-27,U,2026,2026-07-01T00:00:00
013114,"CATTAPAN, FEDERICO",Federico Cattapan,"CATTAPAN, FEDERICO","CATTAPAN, FEDERICO",FEDERICO,CATTAPAN,CATTAPAN,,ITA,Italy,196,86,2008-05-27T00:00:00,ITA,Italy,,,,FALSE,NA,J,Player,TRUE,2026-09-08T11:33:01.929,2027-06-30T00:00:00,0,11,11,1,Guard,DOLOMITI ENERGIA TRENTO,55985,NA,NA,TRN,Dolomiti Energia Trento,Trento,Trento,TRE,FALSE,https://media-cdn.cortextech.io/1dU3kpCqReRp93/1BSdBWIjCcz1CG/e4ce6137-6d3f-4072-9480-c0b9a9cd617d.png,EuroCup 2026-27,U2026,2026-27,U,2026,2026-07-01T00:00:00
009601,"CAVANAUGH, TYLER",Tyler Cavanaugh,"CAVANAUGH, TYLER ROBERT","CAVANAUGH, TYLER ROBERT",TYLER ROBERT,CAVANAUGH,CAVANAUGH,"Cavanaugh, T.",USA,United States of America,206,105,1994-02-09T00:00:00,USA,United States of America,tycav34,tycav34/,,FALSE,NA,J,Player,TRUE,2026-09-08T16:24:58.339,2027-06-30T00:00:00,0,34,34,2,Forward,BAHCESEHIR COLLEGE SPORTS CLUB,56222,https://media-cdn.cortextech.io/1dU3kpCqReRp93/1BSdBWIjCjnOS1/59a17514-475c-482a-90d2-6554e63dc8f0.png,https://media-cdn.cortextech.io/1dU3kpCqReRp93/1BSdBWIjCjnOS1/59a17514-475c-482a-90d2-6554e63dc8f0.png,BAH,Bahcesehir College Istanbul,Bahcesehir,Bahcesehir,BKS,FALSE,https://media-cdn.incrowdsports.com/1d3274d8-da86-4d21-9e97-6810ab88babe.png,EuroCup 2026-27,U2026,2026-27,U,2026,2026-07-01T00:00:00
004678,"CAVARS, KLAVS",Klavs Cavars,"CAVARS, K.","CAVARS, K.",KLAVS,CAVARS,CHAVARS,NA,LAT,Latvia,206,84,1996-02-11T00:00:00,LAT,Latvia,,,,FALSE,NA,J,Player,TRUE,2026-09-14T10:35:16.076,2027-06-30T00:00:00,0,15,15,3,Center,BAKU SABAH,56575,https://media-cdn.cortextech.io/1dU3kpCqReRp93/1BSdBWIjCjnOS3/24fb285c-81dd-403e-bbd7-1bb19466fcf4.png,https://media-cdn.cortextech.io/1dU3kpCqReRp93/1BSdBWIjCjnOS3/24fb285c-81dd-403e-bbd7-1bb19466fcf4.png,RIG,Riga Zelli,Riga Zelli,Riga Zelli,RIG,FALSE,https://media-cdn.cortextech.io/1dU3kpCqReRp93/1BSdBWIjCgOCpC/0ab8fe2a-5972-48c5-bdff-f5159ca0abe7.png,EuroCup 2026-27,U2026,2026-27,U,2026,2026-07-01T00:00:00
014185,"CEASER, NIGHAEL",Nighael Ceaser,"CEASER, NIGHAEL","CEASER, NIGHAEL",NIGHAEL REECE,CEASER,CEASER,NA,USA,United States of America,203,106,2000-02-03T00:00:00,USA,United States of America,,,,FALSE,NA,J,Player,TRUE,2026-09-08T16:08:11.444,2027-06-30T00:00:00,0,22,22,3,Center,U-BT CLUJ-NAPOCA,56193,NA,NA,NIN,NINERS Chemnitz,Chemnitz,Chemnitz,CHE,FALSE,https://media-cdn.cortextech.io/75ae96be-69f9-4e48-b5bd-b1056842db57.png,EuroCup 2026-27,U2026,2026-27,U,2026,2026-07-01T00:00:00
013399,"CEPOI, ANDREI",Andrei Cepoi,"CEPOI, ANDREI","CEPOI, ANDREI",RADU-ANDREI,CEPOI,CEPOI,,ROU,Romania,186,75,2008-10-09T00:00:00,ROU,Romania,,,,FALSE,NA,J,Player,TRUE,2026-09-08T10:47:13.092,2027-06-30T00:00:00,0,7,7,1,Guard,U-BANCA TRANSILVANIA CLUJ-NAPOCA,55930,https://media-cdn.cortextech.io/1dU3kpCqReRp93/1BSdBWIjCjnOS3/073d2cc4-be49-4934-aa97-8c4e146a19bc.png,https://media-cdn.cortextech.io/1dU3kpCqReRp93/1BSdBWIjCjnOS3/073d2cc4-be49-4934-aa97-8c4e146a19bc.png,CLU,U-BT Cluj-Napoca,U-BT Cluj,Cluj,UBT,FALSE,https://media-cdn.incrowdsports.com/ae3e2844-0615-41bb-a788-a4f0d54b8d5e.png,EuroCup 2026-27,U2026,2026-27,U,2026,2026-07-01T00:00:00
009432,"CERKVENIK, MIHA",Miha Cerkvenik,"CERKVENIK, MIHA","CERKVENIK, MIHA",MIHA,CERKVENIK,CERKVENIK,"Cerkvenik, M.",SLO,Slovenia,201,98,2001-11-09T00:00:00,SLO,Slovenia,,,,FALSE,NA,J,Player,TRUE,2026-09-08T11:04:49.688,2027-06-30T00:00:00,0,20,20,2,Forward,CEDEVITA OLIMPIJA,55966,https://media-cdn.cortextech.io/1dU3kpCqReRp93/1BSdBWIjCjnOO0/de95f026-a748-4b7a-930f-8663055af5f8.png,https://media-cdn.cortextech.io/1dU3kpCqReRp93/1BSdBWIjCjnOO0/de95f026-a748-4b7a-930f-8663055af5f8.png,LJU,Cedevita Olimpija Ljubljana,Cedevita Olimp,Cedevita Olimpija,COL,FALSE,https://media-cdn.incrowdsports.com/73b33d13-570e-4e49-a9cb-fe806831eaa7.png,EuroCup 2026-27,U2026,2026-27,U,2026,2026-07-01T00:00:00
013279,"CHACHASHVILI, GABRIEL",Gabriel Chachashvili,"CHACHASHVILI, GABRIEL","CHACHASHVILI, GABRIEL",GABRIEL,CHACHASHVILI,Chachashvili,,ISR,Israel,210,0,1999-12-08T00:00:00,ISR,Israel,,,,FALSE,NA,J,Player,TRUE,2026-09-17T11:29:19.571,2027-06-30T00:00:00,0,33,33,3,Center,HAPOEL MIDTOWN JERUSALEM,56795,https://media-cdn.cortextech.io/1dU3kpCqReRp93/1BSdBWIjCjnOS5/c4ee0b1f-b9a4-4116-85bd-8576fcabb53e.png,https://media-cdn.cortextech.io/1dU3kpCqReRp93/1BSdBWIjCjnOS5/c4ee0b1f-b9a4-4116-85bd-8576fcabb53e.png,JER,Hapoel Midtown Jerusalem,Hapoel JLM,Jerusalem,JLM,FALSE,https://media-cdn.cortextech.io/1dU3kpCqReRp93/1BSdBWIjCiezvp/6d6e8da8-550f-4d1f-8a06-4611227e0c31.png,EuroCup 2026-27,U2026,2026-27,U,2026,2026-07-01T00:00:00
015134,"CHARALAMPIDIS, GEORGIOS",Georgios Charalampidis,"CHARALAMPIDIS, GEORGIOS","CHARALAMPIDIS, GEORGIOS",GEORGIOS CHRYSOVALANTIS,CHARALAMPIDIS,CHARALAMPIDIS,NA,GRE,Greece,0,86,2011-01-14T00:00:00,GRE,Greece,NA,NA,NA,FALSE,NA,J,Player,TRUE,2026-09-16T08:24:26.824,2027-06-30T00:00:00,0,2,2,1,Guard,GBA,56719,https://media-cdn.cortextech.io/1dU3kpCqReRp93/1BSdBWIjCjnOO0/bf894341-0192-4b80-ad80-3ddd7431b337.png,https://media-cdn.cortextech.io/1dU3kpCqReRp93/1BSdBWIjCjnOO0/bf894341-0192-4b80-ad80-3ddd7431b337.png,PAO,PAOK Thessaloniki,PAOK,PAOK,PBC,FALSE,https://media-cdn.cortextech.io/1dU3kpCqReRp93/1BSdBWIjChWbHH/0506e7c4-ec4b-460a-bc59-b033ad9e336c.png,EuroCup 2026-27,U2026,2026-27,U,2026,2026-07-01T00:00:00
004218,"CHARALAMPOPOULOS, VASILIS",Vasilis Charalampopoulos,Charalampopoulos,Charalampopoulos,VASILEIOS,CHARALAMPOPOULOS,CHARALAMPOPOULOS,"Charalampopoulos, V.",GRE,Greece,204,105,1997-01-06T00:00:00,GRE,Greece,,,,FALSE,NA,J,Player,TRUE,2026-09-23T13:03:57.08,2027-06-30T00:00:00,0,33,33,2,Forward,AEK ATHENS,56984,NA,NA,ARI,Aris Thessaloniki,Aris,Aris,ARI,FALSE,https://media-cdn.cortextech.io/77e0fd97-1489-4e3c-8e70-ca39075460c0.png,EuroCup 2026-27,U2026,2026-27,U,2026,2026-07-01T00:00:00
013046,"CHATZILAMPROU, CHRYSOSTOMOS",Chrysostomos Chatzilamprou,"CHATZILAMPROU, CHRYSOSTOMOS","CHATZILAMPROU, CHRYSOSTOMOS",CHRYSOSTOMOS,CHATZILAMPROU,CHATZILAMPROU,NA,GRE,Greece,200,80,2008-07-12T00:00:00,GRE,Greece,,,,FALSE,NA,J,Player,TRUE,2026-09-24T11:16:55.397,2027-06-30T00:00:00,0,10,10,1,Guard,ARIS,57003,NA,NA,ARI,Aris Thessaloniki,Aris,Aris,ARI,FALSE,https://media-cdn.cortextech.io/77e0fd97-1489-4e3c-8e70-ca39075460c0.png,EuroCup 2026-27,U2026,2026-27,U,2026,2026-07-01T00:00:00
015036,"CHOMCHE, ULRICH",Ulrich Chomche,"CHOMCHE, ULRICH","CHOMCHE, ULRICH",ULRICH,KAMKA CHOMCHE,CHOMCHE,NA,CMR,Cameroon,212,110,2005-12-30T00:00:00,CMR,Cameroon,,,,FALSE,NA,J,Player,TRUE,2026-09-09T16:42:19.991,2027-06-30T00:00:00,0,14,14,3,Center,NBA,56387,NA,NA,BLK,Balkan Botevgrad,Balkan,Balkan,BLK,FALSE,https://media-cdn.cortextech.io/1dU3kpCqReRp93/1BSdBWIjCgOCpC/ba6e2d99-3ea9-4730-a0ce-830cccca4657.png,EuroCup 2026-27,U2026,2026-27,U,2026,2026-07-01T00:00:00
011396,"CHOUGKAZ, NIKOS",Nikos Chougkaz,,,NIKOLAOS,CHOUGKAZ,CHOUGKAZ,"Chougkaz, N.",GRE,Greece,204,100,2000-10-04T00:00:00,GRE,Greece,,,,FALSE,NA,J,Player,TRUE,2026-09-08T12:42:08.581,2027-06-30T00:00:00,0,9,9,2,Forward,PAOK BC,56075,https://media-cdn.cortextech.io/1dU3kpCqReRp93/1BSdBWIjCjnOO0/284fa91a-ea18-4d06-a28b-1796f8ba58df.png,https://media-cdn.cortextech.io/1dU3kpCqReRp93/1BSdBWIjCjnOO0/284fa91a-ea18-4d06-a28b-1796f8ba58df.png,PAO,PAOK Thessaloniki,PAOK,PAOK,PBC,FALSE,https://media-cdn.cortextech.io/1dU3kpCqReRp93/1BSdBWIjChWbHH/0506e7c4-ec4b-460a-bc59-b033ad9e336c.png,EuroCup 2026-27,U2026,2026-27,U,2026,2026-07-01T00:00:00
007481,"CHOUPAS, YOHAN",Yohan Choupas,"CHOUPAS, YOHAN","CHOUPAS, YOHAN",YOHAN THEO AKOFA,CHOUPAS,CHOUPAS,"Choupas, Y.",GER,Germany,193,88,2000-03-11T00:00:00,FRA,France,,,,FALSE,NA,J,Player,TRUE,2026-09-08T16:08:09.508,2027-06-30T00:00:00,0,6,6,1,Guard,ELAN CHALON,56185,NA,NA,NIN,NINERS Chemnitz,Chemnitz,Chemnitz,CHE,FALSE,https://media-cdn.cortextech.io/75ae96be-69f9-4e48-b5bd-b1056842db57.png,EuroCup 2026-27,U2026,2026-27,U,2026,2026-07-01T00:00:00
012580,"CHRISTMAS, WILLIAM",William Christmas,"CHRISTMAS, WILLIAM","CHRISTMAS, WILLIAM",WILLIAM FRANCIS,CHRISTMAS,Christmas,,USA,United States of America,196,96,1996-12-08T00:00:00,USA,United States of America,,,,FALSE,NA,J,Player,TRUE,2026-09-10T15:14:50.391,2027-06-30T00:00:00,0,8,8,1,Guard,SKYLINERS FRANKFURT,56507,https://media-cdn.cortextech.io/1dU3kpCqReRp93/1BSdBWIjCjnOO1/63e996b4-c907-42f5-a4b9-787d7ec21535.png,https://media-cdn.cortextech.io/1dU3kpCqReRp93/1BSdBWIjCjnOO1/63e996b4-c907-42f5-a4b9-787d7ec21535.png,FRA,Skyliners Frankfurt,Skyliners,Skyliners,SKY,FALSE,https://media-cdn.cortextech.io/1dU3kpCqReRp93/1BSdBWIjCgOCpC/6afb32b8-e6dc-4f79-b14a-2d99fdb34cde.png,EuroCup 2026-27,U2026,2026-27,U,2026,2026-07-01T00:00:00
015199,"CIOTOLI, VALERIO",Valerio Ciotoli,"CIOTOLI, VALERIO","CIOTOLI, VALERIO",VALERIO,CIOTOLI,Ciotoli,NA,ITA,Italy,188,80,2009-04-16T00:00:00,ITA,Italy,NA,NA,NA,FALSE,NA,J,Player,TRUE,2026-09-21T13:18:36.908,2027-06-30T00:00:00,0,37,37,1,Guard,CITTA FUTURA ROMA,56952,NA,NA,BCR,Roma Basketball,Roma,Roma,ROM,FALSE,https://media-cdn.cortextech.io/1dU3kpCqReRp93/1BSdBWIjCjnOS1/1e9e0379-db30-4234-89b0-19576709c285.png,EuroCup 2026-27,U2026,2026-27,U,2026,2026-07-01T00:00:00
014863,"CISSE, BAMBA",Bamba Cisse,"CISSE, BAMBA","CISSE, BAMBA",AHMED TIJANI BAMBA,CISSE,TJ BAMBA,NA,SEN,Senegal,0,0,2001-01-06T00:00:00,SEN,Senegal,NA,NA,NA,FALSE,NA,J,Player,TRUE,2026-09-08T11:57:39.316,2027-06-30T00:00:00,0,1,1,2,Forward,DENVER NUGGETS,56017,https://media-cdn.cortextech.io/1dU3kpCqReRp93/1BSdBWIjCjnOS4/bd2f93eb-6762-47c5-b9d5-3820c19078df.png,https://media-cdn.cortextech.io/1dU3kpCqReRp93/1BSdBWIjCjnOS4/bd2f93eb-6762-47c5-b9d5-3820c19078df.png,TNF,La Laguna Tenerife,LL Tenerife,La Laguna Tenerife,LLT,FALSE,https://media-cdn.cortextech.io/1dU3kpCqReRp93/1BSdBWIjCgOCpC/59bf7582-6c0b-4e14-bce6-1380aad90f34.png,EuroCup 2026-27,U2026,2026-27,U,2026,2026-07-01T00:00:00
011646,"CIVILIS, ROKAS",Rokas Civilis,"CIVILIS, ROKAS","CIVILIS, ROKAS",ROKAS ANTANAS,CIVILIS,CIVILIS,NA,LTU,Lithuania,195,92,2005-10-23T00:00:00,LTU,Lithuania,,,,FALSE,NA,J,Player,TRUE,2026-09-10T10:37:31.545,2027-06-30T00:00:00,0,77,77,2,Forward,SIAULIAI,56432,https://media-cdn.cortextech.io/1dU3kpCqReRp93/1BSdBWIjCjnOO0/33a26391-2d6c-49b0-ab76-2fe01d5c4a4e.png,https://media-cdn.cortextech.io/1dU3kpCqReRp93/1BSdBWIjCjnOO0/33a26391-2d6c-49b0-ab76-2fe01d5c4a4e.png,SIA,Siauliai Basketball,Siauliai ,Siauliai ,SIA,FALSE,https://media-cdn.cortextech.io/1dU3kpCqReRp93/1BSdBWIjCgOCpC/55a49aa3-e91f-45cc-88d0-670896ce5825.png,EuroCup 2026-27,U2026,2026-27,U,2026,2026-07-01T00:00:00
014869,"COGNET, AFENY",Afeny Cognet,"COGNET, AFENY","COGNET, AFENY","AFENY, OLIVIER",COGNET,COGNET,NA,FRA,France,186,68,2008-01-27T00:00:00,FRA,France,,,,FALSE,NA,J,Player,TRUE,2026-09-08T12:05:09.791,2027-06-30T00:00:00,0,3,3,1,Guard,LE MANS SARTHE BASKET,56034,https://media-cdn.cortextech.io/1dU3kpCqReRp93/1BSdBWIjCjnOS3/0d2e7f69-6532-4a8d-8247-9719b08ee19c.png,https://media-cdn.cortextech.io/1dU3kpCqReRp93/1BSdBWIjCjnOS3/0d2e7f69-6532-4a8d-8247-9719b08ee19c.png,LEM,Le Mans Sarthe Basket,Le Mans Sarthe,Le Mans Sarthe,MSB,FALSE,https://media-cdn.cortextech.io/1dU3kpCqReRp93/1BSdBWIjCgOCpC/b8ec3298-5030-4865-8469-722a21b471c3.png,EuroCup 2026-27,U2026,2026-27,U,2026,2026-07-01T00:00:00
014893,"COPELAND, ZACH",Zach Copeland,"COPELAND, ZACH","COPELAND, ZACH",ZACHARY RYAN,COPELAND,COPELAND,NA,USA,United States of America,193,84,1997-06-21T00:00:00,USA,United States of America,,,,FALSE,NA,J,Player,TRUE,2026-09-08T12:48:31.452,2027-06-30T00:00:00,0,2,2,1,Guard,VANCOUVER BANDITS,56092,https://media-cdn.cortextech.io/1dU3kpCqReRp93/1BSdBWIjCjnOS5/d8c27392-c1df-45f6-9c5c-14dae09dfb2a.png,https://media-cdn.cortextech.io/1dU3kpCqReRp93/1BSdBWIjCjnOS5/d8c27392-c1df-45f6-9c5c-14dae09dfb2a.png,RTK,Rostock Seawolves, Rostock, Rostock,ROS,FALSE,https://media-cdn.cortextech.io/1dU3kpCqReRp93/1BSdBWIjCgOCpC/de14cdb9-c0f7-485f-84ac-f305ace44723.png,EuroCup 2026-27,U2026,2026-27,U,2026,2026-07-01T00:00:00
014939,"CORUMLULAR, KEREM",Kerem Corumlular,"CORUMLULAR, KEREM","CORUMLULAR, KEREM",KEREM,CORUMLULAR,ÇORUMLULAR,NA,TUR,Turkiye,199,87,2008-03-28T00:00:00,TUR,Turkiye,,,,FALSE,NA,J,Player,TRUE,2026-09-08T16:20:20.359,2027-06-30T00:00:00,0,4,4,1,Guard,TOFAS BURSA,56203,https://media-cdn.cortextech.io/1dU3kpCqReRp93/1BSdBWIjCjnOS1/074d4778-78e9-44ab-ad76-8cfaa1a56be4.png,https://media-cdn.cortextech.io/1dU3kpCqReRp93/1BSdBWIjCjnOS1/074d4778-78e9-44ab-ad76-8cfaa1a56be4.png,BUR,Tofas Bursa,Tofas Bursa,Tofas,TOF,FALSE,https://media-cdn.cortextech.io/1dU3kpCqReRp93/1BSdBWIjChWbHH/72e5c4e0-abe1-43ce-bfb7-dcb025bb4adc.png,EuroCup 2026-27,U2026,2026-27,U,2026,2026-07-01T00:00:00
012003,"COWAN JR, ANTHONY",Anthony Cowan Jr,"COWAN, ANTHONY","COWAN, ANTHONY",ANTHONY DEWAYNE,COWAN,COWAN JR.,,USA,United States of America,180,80,1997-10-07T00:00:00,USA,United States of America,,,,FALSE,NA,J,Player,TRUE,2026-09-08T11:04:48.183,2027-06-30T00:00:00,0,1,1,1,Guard,QUEBRADILLAS PIRATES,55960,https://media-cdn.cortextech.io/1dU3kpCqReRp93/1BSdBWIjCjnOO0/58dfc0ed-506f-4e80-9e9d-15ef95b03440.png,https://media-cdn.cortextech.io/1dU3kpCqReRp93/1BSdBWIjCjnOO0/58dfc0ed-506f-4e80-9e9d-15ef95b03440.png,LJU,Cedevita Olimpija Ljubljana,Cedevita Olimp,Cedevita Olimpija,COL,FALSE,https://media-cdn.incrowdsports.com/73b33d13-570e-4e49-a9cb-fe806831eaa7.png,EuroCup 2026-27,U2026,2026-27,U,2026,2026-07-01T00:00:00
013545,"CRNJAC, IVAN",Ivan Crnjac,"CRNJAC, IVAN","CRNJAC, IVAN",IVAN,CRNJAC,Crnjac,NA,GER,Germany,204,99,2007-03-10T00:00:00,GER,Germany,,,,FALSE,NA,J,Player,TRUE,2026-09-14T15:32:21.949,2027-06-30T00:00:00,0,13,13,2,Forward,SKYLINERS FRANKFURT,56674,https://media-cdn.cortextech.io/1dU3kpCqReRp93/1BSdBWIjCjnOO1/94c50756-6ae1-47e0-b5df-50cd8c164cfc.png,https://media-cdn.cortextech.io/1dU3kpCqReRp93/1BSdBWIjCjnOO1/94c50756-6ae1-47e0-b5df-50cd8c164cfc.png,FRA,Skyliners Frankfurt,Skyliners,Skyliners,SKY,FALSE,https://media-cdn.cortextech.io/1dU3kpCqReRp93/1BSdBWIjCgOCpC/6afb32b8-e6dc-4f79-b14a-2d99fdb34cde.png,EuroCup 2026-27,U2026,2026-27,U,2026,2026-07-01T00:00:00
014892,"CROCKETT JR, TJ",Tj Crockett Jr,"CROCKETT JR, TJ","CROCKETT JR, TJ",TARONTATE DE SHAWN,CROCKETT JR,CROCKETT JR,NA,USA,United States of America,187,84,1999-09-09T00:00:00,USA,United States of America,,,,FALSE,NA,J,Player,TRUE,2026-09-08T12:48:31.21,2027-06-30T00:00:00,0,0,0,1,Guard,ROSTOCK SEAWOLVES,56091,https://media-cdn.cortextech.io/1dU3kpCqReRp93/1BSdBWIjCjnOS5/8e7bec8e-2b85-4d2f-8772-cc3b0f02ac49.png,https://media-cdn.cortextech.io/1dU3kpCqReRp93/1BSdBWIjCjnOS5/8e7bec8e-2b85-4d2f-8772-cc3b0f02ac49.png,RTK,Rostock Seawolves, Rostock, Rostock,ROS,FALSE,https://media-cdn.cortextech.io/1dU3kpCqReRp93/1BSdBWIjCgOCpC/de14cdb9-c0f7-485f-84ac-f305ace44723.png,EuroCup 2026-27,U2026,2026-27,U,2026,2026-07-01T00:00:00
014032,"CZERNIEWICZ, BLAZEJ",Blazej Czerniewicz,"CZERNIEWICZ, BLAZEJ","CZERNIEWICZ, BLAZEJ","BLAZEJ, RADOSLAW",CZERNIEWICZ,CZERNIEWICZ,NA,POL,Poland,198,93,2002-12-15T00:00:00,POL,Poland,,,,FALSE,NA,J,Player,TRUE,2026-09-21T07:56:13.713,2027-06-30T00:00:00,0,27,27,1,Guard,SLASK WROCLAW,56896,NA,NA,WRO,Slask Wroclaw,Slask,Slask,WKS,FALSE,https://media-cdn.incrowdsports.com/0415061b-5374-4a0d-bc04-8fcbc8ad0bb3.png,EuroCup 2026-27,U2026,2026-27,U,2026,2026-07-01T00:00:00
013890,"DAVIS JR., COREY",Corey Davis Jr.,"DAVIS JR., COREY","DAVIS JR., COREY",COREY RICHARD,DAVIS,DAVIS,NA,USA,United States of America,185,85,1997-06-04T00:00:00,USA,United States of America,,,,FALSE,NA,J,Player,TRUE,2026-09-09T16:31:07.235,2027-06-30T00:00:00,0,5,5,1,Guard,NINERS CHEMNITZ,56379,https://media-cdn.cortextech.io/1dU3kpCqReRp93/1BSdBWIjCjnOS5/57f0e8e6-6c10-487d-b94a-63a12171f0a4.png,https://media-cdn.cortextech.io/1dU3kpCqReRp93/1BSdBWIjCjnOS5/57f0e8e6-6c10-487d-b94a-63a12171f0a4.png,BCR,Roma Basketball,Roma,Roma,ROM,FALSE,https://media-cdn.cortextech.io/1dU3kpCqReRp93/1BSdBWIjCjnOS1/1e9e0379-db30-4234-89b0-19576709c285.png,EuroCup 2026-27,U2026,2026-27,U,2026,2026-07-01T00:00:00
005390,"DE NICOLAO, GIOVANNI",Giovanni De Nicolao,GIOVANNI DE NICOLAO,GIOVANNI DE NICOLAO,GIOVANNI,DE NICOLAO,DE NICOLAO,,ITA,Italy,187,78,1996-06-10T00:00:00,ITA,Italy,,,,FALSE,NA,J,Player,TRUE,2026-09-08T10:37:32.628,2027-06-30T00:00:00,0,5,5,1,Guard,REYER VENEZIA,55911,https://media-cdn.cortextech.io/1dU3kpCqReRp93/1BSdBWIjCjnOS5/93d4877f-7a59-4f9d-9f0a-0ccba92571c8.png,https://media-cdn.cortextech.io/1dU3kpCqReRp93/1BSdBWIjCjnOS5/93d4877f-7a59-4f9d-9f0a-0ccba92571c8.png,VNC,Umana Reyer Venice,Reyer Venice,Reyer Venice,URV,FALSE,https://media-cdn.incrowdsports.com/104f5074-9f23-47da-a21f-f2078db8244c.png,EuroCup 2026-27,U2026,2026-27,U,2026,2026-07-01T00:00:00
014871,"DELAUNAY, LEOPOLD",Leopold Delaunay,"DELAUNAY, LEOPOLD","DELAUNAY, LEOPOLD","LEOPOLD, OLIVIER",DELAUNAY,DELAUNAY,NA,FRA,France,193,95,2001-11-14T00:00:00,FRA,France,,,,FALSE,NA,J,Player,TRUE,2026-09-08T12:06:15.481,2027-06-30T00:00:00,0,9,9,1,Guard,LE MANS SARTHE BASKET,56037,https://media-cdn.cortextech.io/1dU3kpCqReRp93/1BSdBWIjCjnOS3/98be9d96-20fd-482d-815f-018b3ed4468a.png,https://media-cdn.cortextech.io/1dU3kpCqReRp93/1BSdBWIjCjnOS3/98be9d96-20fd-482d-815f-018b3ed4468a.png,LEM,Le Mans Sarthe Basket,Le Mans Sarthe,Le Mans Sarthe,MSB,FALSE,https://media-cdn.cortextech.io/1dU3kpCqReRp93/1BSdBWIjCgOCpC/b8ec3298-5030-4865-8469-722a21b471c3.png,EuroCup 2026-27,U2026,2026-27,U,2026,2026-07-01T00:00:00
014901,"DI MEO, EDOARDO",Edoardo Di Meo,"DI MEO, EDOARDO","DI MEO, EDOARDO",EDOARDO,DI MEO,Di Meo,NA,ITA,Italy,190,80,2008-05-12T00:00:00,ITA,Italy,NA,NA,NA,FALSE,NA,J,Player,TRUE,2026-09-08T13:13:10.476,2027-06-30T00:00:00,0,9,9,1,Guard,DERTHONA BASKET S.S.R.L.,56111,NA,NA,TRT,Baglietto Derthona Tortona,Derthona,Derthona,DER,FALSE,https://media-cdn.cortextech.io/1dU3kpCqReRp93/1BSdBWIjCjnONv/4976fa46-8eb4-471c-b6dd-4704866c5769.png,EuroCup 2026-27,U2026,2026-27,U,2026,2026-07-01T00:00:00
014876,"DIABY-CISSE, MADIBA",Madiba Diaby-Cisse,"DIABY-CISSE, MADIBA","DIABY-CISSE, MADIBA",MADIBA,DIABY-CISSE,DIABY CISSE,NA,FRA,France,200,99,2008-10-07T00:00:00,FRA,France,,,,FALSE,NA,J,Player,TRUE,2026-09-08T12:13:20.239,2027-06-30T00:00:00,0,88,88,2,Forward,LE MANS SARTHE BASKET,56050,https://media-cdn.cortextech.io/1dU3kpCqReRp93/1BSdBWIjCjnOS3/12f35a47-a2dc-40a3-8f2f-8d4f6da036cd.png,https://media-cdn.cortextech.io/1dU3kpCqReRp93/1BSdBWIjCjnOS3/12f35a47-a2dc-40a3-8f2f-8d4f6da036cd.png,LEM,Le Mans Sarthe Basket,Le Mans Sarthe,Le Mans Sarthe,MSB,FALSE,https://media-cdn.cortextech.io/1dU3kpCqReRp93/1BSdBWIjCgOCpC/b8ec3298-5030-4865-8469-722a21b471c3.png,EuroCup 2026-27,U2026,2026-27,U,2026,2026-07-01T00:00:00
003198,"DIEZ, DANIEL",Daniel Diez,Diez,Diez,DANIEL,DIEZ DE LA FAYA,DÍEZ,"Diez, D.",ESP,Spain,201,97,1993-04-07T00:00:00,ESP,Spain,danidiez11,,,FALSE,NA,J,Player,TRUE,2026-09-17T14:38:14.536,2027-06-30T00:00:00,0,11,11,2,Forward,SAN PABLO BURGOS,56806,NA,NA,BGS,Recoletas Salud San Pablo Burgos,Burgos,Burgos,BUR,FALSE,https://media-cdn.cortextech.io/1dU3kpCqReRp93/1BSdBWIjCgOCxM/40c97670-177e-4c74-9f5f-76b528a0da86.png,EuroCup 2026-27,U2026,2026-27,U,2026,2026-07-01T00:00:00
015183,"DILEO, DAVID",David Dileo,"DILEO, DAVID","DILEO, DAVID",DAVID MICHAEL,DILEO,DILEO,NA,USA,United States of America,203,98,1997-02-28T00:00:00,USA,United States of America,NA,NA,NA,FALSE,NA,J,Player,TRUE,2026-09-21T11:17:47.795,2027-06-30T00:00:00,0,51,51,2,Forward,LE MANS SARTHE,56929,https://media-cdn.cortextech.io/1dU3kpCqReRp93/1BSdBWIjCjnOS1/7de8364b-dbb3-4bfb-a46b-164ae2eb803a.png,https://media-cdn.cortextech.io/1dU3kpCqReRp93/1BSdBWIjCjnOS1/7de8364b-dbb3-4bfb-a46b-164ae2eb803a.png,BAH,Bahcesehir College Istanbul,Bahcesehir,Bahcesehir,BKS,FALSE,https://media-cdn.incrowdsports.com/1d3274d8-da86-4d21-9e97-6810ab88babe.png,EuroCup 2026-27,U2026,2026-27,U,2026,2026-07-01T00:00:00
006085,"DIMITRIJEVIC, NENO",Neno Dimitrijevic,ALEKSANDER DIMITRIJEVIC,ALEKSANDER DIMITRIJEVIC,NENAD,DIMITRIJEVIC,DIMITRIJEVIC,"Dimitrijevic, N.",MKD,North Macedonia,190,82,1998-02-23T00:00:00,MKD,North Macedonia,Neno_D7,nenodimitrijevic,,FALSE,NA,J,Player,TRUE,2026-09-08T15:36:59.907,2027-06-30T00:00:00,0,7,7,1,Guard,BAYERN MUNICH,56146,NA,NA,ARI,Aris Thessaloniki,Aris,Aris,ARI,FALSE,https://media-cdn.cortextech.io/77e0fd97-1489-4e3c-8e70-ca39075460c0.png,EuroCup 2026-27,U2026,2026-27,U,2026,2026-07-01T00:00:00
015038,"DIMITROV, DIMITAR",Dimitar Dimitrov,"DIMITROV, DIMITAR","DIMITROV, DIMITAR",DIMITAR,DIMITROV,DIMITROV,NA,BUL,Bulgaria,203,110,1993-03-01T00:00:00,BUL,Bulgaria,,,,FALSE,NA,J,Player,TRUE,2026-09-09T16:42:20.482,2027-06-30T00:00:00,0,34,34,2,Forward,BALKAN BOTEVGRAD,56389,NA,NA,BLK,Balkan Botevgrad,Balkan,Balkan,BLK,FALSE,https://media-cdn.cortextech.io/1dU3kpCqReRp93/1BSdBWIjCgOCpC/ba6e2d99-3ea9-4730-a0ce-830cccca4657.png,EuroCup 2026-27,U2026,2026-27,U,2026,2026-07-01T00:00:00
015106,"DOMASK, MARCUS",Marcus Domask,"DOMASK, MARCUS","DOMASK, MARCUS",MARCUS DANE,DOMASK,DOMASK,NA,USA,United States of America,197,91,2000-06-09T00:00:00,USA,United States of America,NA,NA,NA,FALSE,NA,J,Player,TRUE,2026-09-14T07:44:45.099,2027-06-30T00:00:00,0,3,3,1,Guard,FILOU OOSTENDE,56532,NA,NA,BOS,BOSNA BH Telecom Sarajevo,BOSNA,BOSNA,BOS,FALSE,https://media-cdn.cortextech.io/1dU3kpCqReRp93/1BSdBWIjCjnOJl/0024f0d4-55d9-4ed0-be41-68c0e90c41d5.png,EuroCup 2026-27,U2026,2026-27,U,2026,2026-07-01T00:00:00
006977,"DORDEVIC, STEFAN",Stefan Dordevic,Dordevic,Dordevic,STEFAN,DORDEVIC,DORDEVIC,"Dordevic, S.",SRB,Serbia,203,109,1998-12-04T00:00:00,SRB,Serbia,,,,FALSE,NA,J,Player,TRUE,2026-09-08T11:02:13.217,2027-06-30T00:00:00,0,45,45,3,Center,SLASK WROCLAW,55956,https://media-cdn.cortextech.io/1dU3kpCqReRp93/1BSdBWIjCjnOS5/216a8507-db43-4723-833c-ddbcd0790ee1.png,https://media-cdn.cortextech.io/1dU3kpCqReRp93/1BSdBWIjCjnOS5/216a8507-db43-4723-833c-ddbcd0790ee1.png,BUD,Buducnost VOLI Podgorica,Buducnost VOLI,Buducnost,BUD,FALSE,https://media-cdn.incrowdsports.com/47161285-94b3-4266-9d23-b722e8600945.png,EuroCup 2026-27,U2026,2026-27,U,2026,2026-07-01T00:00:00
014872,"DOUMBIA NIANG, UGO",Ugo Doumbia Niang,"DOUMBIA NIANG, UGO","DOUMBIA NIANG, UGO","UGO, ALBERT, MORY",DOUMBIA NIANG,DOUMBIA NIANG,NA,FRA,France,193,103,2003-02-16T00:00:00,FRA,France,,,,FALSE,NA,J,Player,TRUE,2026-09-08T12:07:25.795,2027-06-30T00:00:00,0,10,10,1,Guard,LE MANS SARTHE BASKET,56038,https://media-cdn.cortextech.io/1dU3kpCqReRp93/1BSdBWIjCjnOS3/ad215cfa-6f25-4b9a-9280-127cd1de33f5.png,https://media-cdn.cortextech.io/1dU3kpCqReRp93/1BSdBWIjCjnOS3/ad215cfa-6f25-4b9a-9280-127cd1de33f5.png,LEM,Le Mans Sarthe Basket,Le Mans Sarthe,Le Mans Sarthe,MSB,FALSE,https://media-cdn.cortextech.io/1dU3kpCqReRp93/1BSdBWIjCgOCpC/b8ec3298-5030-4865-8469-722a21b471c3.png,EuroCup 2026-27,U2026,2026-27,U,2026,2026-07-01T00:00:00
006834,"DOUMBOUYA, SEKOU",Sekou Doumbouya,Doumbouya,Doumbouya,SEKOU,DOUMBOUYA,DOUMBOUYA,"Doumbouya, S.",FRA,France,205,104,2000-12-23T00:00:00,GUI,Guinea,,,NA,FALSE,NA,J,Player,TRUE,2026-09-16T10:20:37.11,2027-06-30T00:00:00,0,45,45,3,Center,SAGESSE AL HEKMEH BEIRUT,56723,NA,NA,BGS,Recoletas Salud San Pablo Burgos,Burgos,Burgos,BUR,FALSE,https://media-cdn.cortextech.io/1dU3kpCqReRp93/1BSdBWIjCgOCxM/40c97670-177e-4c74-9f5f-76b528a0da86.png,EuroCup 2026-27,U2026,2026-27,U,2026,2026-07-01T00:00:00
014123,"DOWTIN JR, JEFFREY",Jeffrey Dowtin Jr,"DOWTIN JR, JEFFREY","DOWTIN JR, JEFFREY",JEFFREY LEE,DOWTIN JR,DOWTIN JR,NA,USA,United States of America,191,95,1997-05-10T00:00:00,USA,United States of America,,,,FALSE,NA,J,Player,TRUE,2026-09-10T12:34:38.226,2027-06-30T00:00:00,0,3,3,1,Guard,MACCABI TEL AVIV,56467,NA,NA,NAP,Napoli Basketball,Napoli,Napoli,NAP,FALSE,https://media-cdn.cortextech.io/1dU3kpCqReRp93/1BSdBWIjCgOCpC/c2de1d20-72f4-4453-95de-b4534db6d57f.png,EuroCup 2026-27,U2026,2026-27,U,2026,2026-07-01T00:00:00
015204,"DOZIC, ANDRIJA",Andrija Dozic,"ANDRIJA, DOZIC","ANDRIJA, DOZIC",ANDRIJA,DOZIC,DOZIC,NA,MNE,Montenegro,205,99,2007-07-28T00:00:00,MNE,Montenegro,NA,NA,NA,FALSE,NA,J,Player,TRUE,2026-09-22T07:11:04.223,2027-06-30T00:00:00,0,77,77,2,Forward,STELLA AZZURRA ACADEMY ROMA,56958,NA,NA,MRO,Maxima Roma,Maxima Roma,Maxima Roma,RMA,FALSE,https://media-cdn.cortextech.io/1dU3kpCqReRp93/1BSdBWIjChWbHH/f1547a87-c0bf-41ab-bf7e-a0001649430d.png,EuroCup 2026-27,U2026,2026-27,U,2026,2026-07-01T00:00:00
008260,"DRELL, HENRI",Henri Drell,"DRELL, HENRI","DRELL, HENRI",HENRI,DRELL,Drell,"Drell, H.",EST,Estonia,205,85,2000-04-25T00:00:00,EST,Estonia,,,,FALSE,NA,J,Player,TRUE,2026-09-08T13:54:45.626,2027-06-30T00:00:00,0,0,0,2,Forward,JOVENTUT,56129,https://media-cdn.cortextech.io/1dU3kpCqReRp93/1BSdBWIjCjnOS5/8bcd68eb-4fa7-4fb0-a6a4-c749012ed916.png,https://media-cdn.cortextech.io/1dU3kpCqReRp93/1BSdBWIjCjnOS5/8bcd68eb-4fa7-4fb0-a6a4-c749012ed916.png,KLA,Neptunas Klaipeda,Neptunas,Neptunas,NEP,FALSE,https://media-cdn.cortextech.io/ed0df5cd-c9e4-4387-bcd4-3606270cd255.png,EuroCup 2026-27,U2026,2026-27,U,2026,2026-07-01T00:00:00
015034,"DUCAS, ALEX",Alex Ducas,"DUCAS, ALEX","DUCAS, ALEX",ALEXANDER THOMAS NOEL,DUCAS,DUCAS,NA,AUS,Australia,201,100,2000-12-11T00:00:00,AUS,Australia,,,,FALSE,NA,J,Player,TRUE,2026-09-09T16:42:19.216,2027-06-30T00:00:00,0,8,8,2,Forward,BRISBANE BULLETS,56384,NA,NA,BLK,Balkan Botevgrad,Balkan,Balkan,BLK,FALSE,https://media-cdn.cortextech.io/1dU3kpCqReRp93/1BSdBWIjCgOCpC/ba6e2d99-3ea9-4730-a0ce-830cccca4657.png,EuroCup 2026-27,U2026,2026-27,U,2026,2026-07-01T00:00:00
014878,"DUFEAL, LUCAS",Lucas Dufeal,"DUFEAL, LUCAS","DUFEAL, LUCAS","LUCAS, WESLEY",DUFEAL,DUFEAL,NA,FRA,France,204,86,2003-04-18T00:00:00,FRA,France,,,,FALSE,NA,J,Player,TRUE,2026-09-08T12:17:36.049,2027-06-30T00:00:00,0,32,32,2,Forward,LE MANS SARTHE BASKET,56054,https://media-cdn.cortextech.io/1dU3kpCqReRp93/1BSdBWIjCjnOS3/ab27101e-2392-4155-b04e-308706bf4bd7.png,https://media-cdn.cortextech.io/1dU3kpCqReRp93/1BSdBWIjCjnOS3/ab27101e-2392-4155-b04e-308706bf4bd7.png,LEM,Le Mans Sarthe Basket,Le Mans Sarthe,Le Mans Sarthe,MSB,FALSE,https://media-cdn.cortextech.io/1dU3kpCqReRp93/1BSdBWIjCgOCpC/b8ec3298-5030-4865-8469-722a21b471c3.png,EuroCup 2026-27,U2026,2026-27,U,2026,2026-07-01T00:00:00
015044,"DUNIN-WASOWICZ, LEON",Leon Dunin-Wasowicz,"DUNIN-WASOWICZ, LEON","DUNIN-WASOWICZ, LEON",LEON KASIM,DUNIN-WASOWICZ,DUNIN,NA,POL,Poland,210,103,2007-04-13T00:00:00,ENG,England,,,,FALSE,NA,J,Player,TRUE,2026-09-09T17:32:47.171,2027-06-30T00:00:00,0,17,17,3,Center,BC IGOKEA  ALEKSANDROVAC,56397,NA,NA,WRO,Slask Wroclaw,Slask,Slask,WKS,FALSE,https://media-cdn.incrowdsports.com/0415061b-5374-4a0d-bc04-8fcbc8ad0bb3.png,EuroCup 2026-27,U2026,2026-27,U,2026,2026-07-01T00:00:00
012582,"DURHAM, ALJAMI",Aljami Durham,"DURHAM, ALJAMI","DURHAM, ALJAMI",ALJAMI KIAN,DURHAM,Durham,,USA,United States of America,193,82,1998-09-30T00:00:00,USA,United States of America,,,,FALSE,NA,J,Player,TRUE,2026-09-08T13:13:11.96,2027-06-30T00:00:00,0,42,42,1,Guard,VANOLI CREMONA,56117,NA,NA,TRT,Baglietto Derthona Tortona,Derthona,Derthona,DER,FALSE,https://media-cdn.cortextech.io/1dU3kpCqReRp93/1BSdBWIjCjnONv/4976fa46-8eb4-471c-b6dd-4704866c5769.png,EuroCup 2026-27,U2026,2026-27,U,2026,2026-07-01T00:00:00
006725,"EBOUA, PAUL",Paul Eboua,"EBOUA, PAUL","EBOUA, PAUL",PAUL HERMAN,EBOUA,EBOUA,"Eboua, P.",CMR,Cameroon,203,97,2000-02-15T00:00:00,CMR,Cameroon,,,,FALSE,NA,J,Player,TRUE,2026-09-08T13:13:09.126,2027-06-30T00:00:00,0,00,00,3,Center,LDLC ASVEL VILLURBANNE,56106,NA,NA,TRT,Baglietto Derthona Tortona,Derthona,Derthona,DER,FALSE,https://media-cdn.cortextech.io/1dU3kpCqReRp93/1BSdBWIjCjnONv/4976fa46-8eb4-471c-b6dd-4704866c5769.png,EuroCup 2026-27,U2026,2026-27,U,2026,2026-07-01T00:00:00
005522,"ECHODAS, MARTYNAS",Martynas Echodas,"ECHODAS, MARTYNAS","ECHODAS, MARTYNAS",MARTYNAS,ECHODAS,ECHODAS,"Echodas, M.",LTU,Lithuania,204,102,1997-07-07T00:00:00,LTU,Lithuania,,echodas14,,FALSE,NA,J,Player,TRUE,2026-09-08T13:54:47.305,2027-06-30T00:00:00,0,14,14,3,Center,RYTAS,56136,https://media-cdn.cortextech.io/1dU3kpCqReRp93/1BSdBWIjCjnOS5/75579214-7891-4b5b-a1c0-9e3e8c728973.png,https://media-cdn.cortextech.io/1dU3kpCqReRp93/1BSdBWIjCjnOS5/75579214-7891-4b5b-a1c0-9e3e8c728973.png,KLA,Neptunas Klaipeda,Neptunas,Neptunas,NEP,FALSE,https://media-cdn.cortextech.io/ed0df5cd-c9e4-4387-bcd4-3606270cd255.png,EuroCup 2026-27,U2026,2026-27,U,2026,2026-07-01T00:00:00
015032,"EDGE, DARNELL",Darnell Edge,"EDGE, DARNELL","EDGE, DARNELL",DARNELL ANTONIO,EDGE,EDGE,NA,USA,United States of America,185,0,1997-08-12T00:00:00,USA,United States of America,,,,FALSE,NA,J,Player,TRUE,2026-09-09T16:42:18.502,2027-06-30T00:00:00,0,1,1,1,Guard,DZIKI WARSZAWA,56381,NA,NA,BLK,Balkan Botevgrad,Balkan,Balkan,BLK,FALSE,https://media-cdn.cortextech.io/1dU3kpCqReRp93/1BSdBWIjCgOCpC/ba6e2d99-3ea9-4730-a0ce-830cccca4657.png,EuroCup 2026-27,U2026,2026-27,U,2026,2026-07-01T00:00:00
012916,"EDOKA, JAMIE",Jamie Edoka,"EDOKA, JAMIE CAMRON","EDOKA, JAMIE CAMRON",JAMIE CAMRON,EDOKA,EDOKA,NA,GER,Germany,193,88,2008-01-17T00:00:00,GER,Germany,,,,FALSE,NA,J,Player,TRUE,2026-09-10T15:14:49.402,2027-06-30T00:00:00,0,0,0,1,Guard,SKYLINERS FRANKFURT,56503,https://media-cdn.cortextech.io/1dU3kpCqReRp93/1BSdBWIjCjnOO1/f1c01050-7a05-48de-9efa-8ab136e8a50b.png,https://media-cdn.cortextech.io/1dU3kpCqReRp93/1BSdBWIjCjnOO1/f1c01050-7a05-48de-9efa-8ab136e8a50b.png,FRA,Skyliners Frankfurt,Skyliners,Skyliners,SKY,FALSE,https://media-cdn.cortextech.io/1dU3kpCqReRp93/1BSdBWIjCgOCpC/6afb32b8-e6dc-4f79-b14a-2d99fdb34cde.png,EuroCup 2026-27,U2026,2026-27,U,2026,2026-07-01T00:00:00
012730,"EGBUNU, JOHN",John Egbunu,"EGBUNU, JOHN","EGBUNU, JOHN",JOHN ONUCHE,EGBUNU,EGBUNU,,NGR,Nigeria,208,114,1994-10-31T00:00:00,NGR,Nigeria,,,,FALSE,NA,J,Player,TRUE,2026-09-23T13:55:14.886,2027-06-30T00:00:00,0,15,15,3,Center,HUNDAY MOBIS PHOEBUS,56986,NA,NA,WRO,Slask Wroclaw,Slask,Slask,WKS,FALSE,https://media-cdn.incrowdsports.com/0415061b-5374-4a0d-bc04-8fcbc8ad0bb3.png,EuroCup 2026-27,U2026,2026-27,U,2026,2026-07-01T00:00:00
010224,"EMEJURU, GIOVANNI",Giovanni Emejuru,"EMEJURU, GIOVANNI","EMEJURU, GIOVANNI",CHINONSO GIOVANNI,EMEJURU,Emejuru,"Emejuru, G.",ITA,Italy,210,100,2002-12-21T00:00:00,ITA,Italy,,,,FALSE,NA,J,Player,TRUE,2026-09-08T12:47:53.982,2027-06-30T00:00:00,0,7,7,3,Center,EAST CAROLINA UNIVERSITY,56085,https://media-cdn.cortextech.io/1dU3kpCqReRp93/1BSdBWIjCjnOS5/b397a00b-caa1-4422-805d-0256618d330f.png,https://media-cdn.cortextech.io/1dU3kpCqReRp93/1BSdBWIjCjnOS5/b397a00b-caa1-4422-805d-0256618d330f.png,BCR,Roma Basketball,Roma,Roma,ROM,FALSE,https://media-cdn.cortextech.io/1dU3kpCqReRp93/1BSdBWIjCjnOS1/1e9e0379-db30-4234-89b0-19576709c285.png,EuroCup 2026-27,U2026,2026-27,U,2026,2026-07-01T00:00:00
012501,"ENABULELE , MICHAEL",Michael Enabulele,"ENABULELE , MICHAEL","ENABULELE , MICHAEL",MICHAEL,ENABULELE OGONSUYI,ENABULELE,NA,ESP,Spain,203,105,2006-03-09T00:00:00,ESP,Spain,,,,FALSE,NA,J,Player,TRUE,2026-09-14T07:51:10.778,2027-06-30T00:00:00,0,20,20,3,Center,PALMER BASKET MALLORCA,56536,NA,NA,MAN,Kids&Us Manresa,K&U Manresa,Manresa,MAN,FALSE,https://media-cdn.cortextech.io/1dU3kpCqReRp93/1BSdBWIjCgOCpC/06792bed-0383-4de2-80b9-95ecca3fd973.png,EuroCup 2026-27,U2026,2026-27,U,2026,2026-07-01T00:00:00
015108,"ERICHSEN, GUSTAV DREJER",Gustav Drejer Erichsen,"ERICHSEN, GUSTAV DREJER","ERICHSEN, GUSTAV DREJER",GUSTAV DREJER,ERICHSEN,DREJER,NA,DEN,Denmark,205,90,2009-02-21T00:00:00,DEN,Denmark,NA,NA,NA,FALSE,NA,J,Player,TRUE,2026-09-14T07:51:11.148,2027-06-30T00:00:00,0,21,21,2,Forward,VAERLOSE BLUE HAWKS,56537,NA,NA,MAN,Kids&Us Manresa,K&U Manresa,Manresa,MAN,FALSE,https://media-cdn.cortextech.io/1dU3kpCqReRp93/1BSdBWIjCgOCpC/06792bed-0383-4de2-80b9-95ecca3fd973.png,EuroCup 2026-27,U2026,2026-27,U,2026,2026-07-01T00:00:00
011218,"EVANS, KEENAN",Keenan Evans,"EVANS, KEENAN","EVANS, KEENAN",KEENAN CORTEZ,EVANS,EVANS,"Evans, K.",USA,United States of America,191,86,1996-08-23T00:00:00,USA,United States of America,K3vans12,k3vans12/,,FALSE,NA,J,Player,TRUE,2026-09-14T15:15:10.61,2027-06-30T00:00:00,0,12,12,2,Forward,OLYMPIACOS,56664,https://media-cdn.cortextech.io/1dU3kpCqReRp93/1BSdBWIjCjnONv/e7711d6f-02b1-4ff1-b74a-38cfbe5f6f0b.png,https://media-cdn.cortextech.io/1dU3kpCqReRp93/1BSdBWIjCjnONv/e7711d6f-02b1-4ff1-b74a-38cfbe5f6f0b.png,LLI,London Lions,London,London,LDN,FALSE,https://media-cdn.cortextech.io/102de468-9e41-4b8e-b44d-23bebb9e916f.png,EuroCup 2026-27,U2026,2026-27,U,2026,2026-07-01T00:00:00
015056,"FAGGIAN, LEONARDO",Leonardo Faggian,"FAGGIAN, LEONARDO","FAGGIAN, LEONARDO",LEONARDO CATRIEL,FAGGIAN,FAGGIAN,NA,ITA,Italy,195,92,2004-02-06T00:00:00,ITA,Italy,,,,FALSE,NA,J,Player,TRUE,2026-09-10T09:32:49.492,2027-06-30T00:00:00,0,10,10,2,Forward,SS NAPOLIBASKET SRL,56416,NA,NA,NAP,Napoli Basketball,Napoli,Napoli,NAP,FALSE,https://media-cdn.cortextech.io/1dU3kpCqReRp93/1BSdBWIjCgOCpC/c2de1d20-72f4-4453-95de-b4534db6d57f.png,EuroCup 2026-27,U2026,2026-27,U,2026,2026-07-01T00:00:00
015234,"FAILENSCHMID, NIL",Nil Failenschmid,"FAILENSCHMID, NIL","FAILENSCHMID, NIL",NIL,FAILENSCHMID CLAVERA,Failenschmid,NA,GER,Germany,204,95,2005-10-25T00:00:00,ESP,Spain,NA,NA,NA,FALSE,NA,J,Player,TRUE,2026-09-25T11:03:23.192,2027-06-30T00:00:00,0,15,15,2,Forward,KIRCHHEIM KNIGHTS,57016,https://media-cdn.cortextech.io/1dU3kpCqReRp93/1BSdBWIjCjnOO1/61e85a8a-a35c-4b99-94b2-817c7639aee5.png,https://media-cdn.cortextech.io/1dU3kpCqReRp93/1BSdBWIjCjnOO1/61e85a8a-a35c-4b99-94b2-817c7639aee5.png,ULM,ratiopharm ulm,Ulm,Ulm,ULM,FALSE,https://media-cdn.cortextech.io/5750bc8b-dd63-48e4-8586-10d4e5e2b4e2.png,EuroCup 2026-27,U2026,2026-27,U,2026,2026-07-01T00:00:00
013760,"FALL, OUMAR",Oumar Fall,"FALL, OUMAR","FALL, OUMAR",OUMAR,FALL,FALL,NA,SEN,Senegal,219,100,2007-12-24T00:00:00,SEN,Senegal,,,,FALSE,NA,J,Player,TRUE,2026-09-08T11:33:03.837,2027-06-30T00:00:00,0,29,29,3,Center,DOLOMITI ENERGIA TRENTO,55992,NA,NA,TRN,Dolomiti Energia Trento,Trento,Trento,TRE,FALSE,https://media-cdn.cortextech.io/1dU3kpCqReRp93/1BSdBWIjCcz1CG/e4ce6137-6d3f-4072-9480-c0b9a9cd617d.png,EuroCup 2026-27,U2026,2026-27,U,2026,2026-07-01T00:00:00
014515,"FASOLO, FEDERICO",Federico Fasolo,"FASOLO, FEDERICO","FASOLO, FEDERICO",FEDERICO,FASOLO,Fasolo,NA,ITA,Italy,185,75,2008-07-22T00:00:00,ITA,Italy,NA,NA,NA,FALSE,NA,J,Player,TRUE,2026-09-23T11:13:30.98,2027-06-30T00:00:00,0,45,45,1,Guard,VIRTUS PADOVA,56973,NA,NA,VNC,Umana Reyer Venice,Reyer Venice,Reyer Venice,URV,FALSE,https://media-cdn.incrowdsports.com/104f5074-9f23-47da-a21f-f2078db8244c.png,EuroCup 2026-27,U2026,2026-27,U,2026,2026-07-01T00:00:00
013064,"FAYE, MEISSA",Meissa Faye,"FAYE, MEISSA","FAYE, MEISSA",MEISSA BIRIMA,FAYE,Faye,,FRA,France,200,91,2007-12-29T00:00:00,FRA,France,,,,FALSE,NA,J,Player,TRUE,2026-09-08T15:51:56.453,2027-06-30T00:00:00,0,11,11,2,Forward,RATIOPHARM ULM,56162,https://media-cdn.cortextech.io/1dU3kpCqReRp93/1BSdBWIjCjnOO1/ef2fd6d1-39c1-4bd5-9e19-282912378928.png,https://media-cdn.cortextech.io/1dU3kpCqReRp93/1BSdBWIjCjnOO1/ef2fd6d1-39c1-4bd5-9e19-282912378928.png,ULM,ratiopharm ulm,Ulm,Ulm,ULM,FALSE,https://media-cdn.cortextech.io/5750bc8b-dd63-48e4-8586-10d4e5e2b4e2.png,EuroCup 2026-27,U2026,2026-27,U,2026,2026-07-01T00:00:00
014666,"FEIERBERGS, KRISTIANS",Kristians Feierbergs,"FEIERBERGS, KRISTIANS","FEIERBERGS, KRISTIANS",KRISTIANS,FEIERBERGS,FEIERBERGS,NA,LAT,Latvia,202,100,2002-08-26T00:00:00,LAT,Latvia,,,,FALSE,NA,J,Player,TRUE,2026-09-10T12:36:41.228,2027-06-30T00:00:00,0,11,11,2,Forward,BK LIEPAJA,56468,https://media-cdn.cortextech.io/1dU3kpCqReRp93/1BSdBWIjCjnOS3/30a508b2-6313-4e56-9355-8c1b8b21140b.png,https://media-cdn.cortextech.io/1dU3kpCqReRp93/1BSdBWIjCjnOS3/30a508b2-6313-4e56-9355-8c1b8b21140b.png,RIG,Riga Zelli,Riga Zelli,Riga Zelli,RIG,FALSE,https://media-cdn.cortextech.io/1dU3kpCqReRp93/1BSdBWIjCgOCpC/0ab8fe2a-5972-48c5-bdff-f5159ca0abe7.png,EuroCup 2026-27,U2026,2026-27,U,2026,2026-07-01T00:00:00
013498,"FERNANDEZ, GERARD",Gerard Fernandez,"FERNANDEZ, G.","FERNANDEZ, G.",GERARD,FERNANDEZ GIMENEZ,FERNANDEZ,,ESP,Spain,185,82,2008-08-23T00:00:00,ESP,Spain,,,,FALSE,NA,J,Player,TRUE,2026-09-21T08:50:23.52,2027-06-30T00:00:00,0,17,17,1,Guard,BAXI MANRESA,56913,NA,NA,MAN,Kids&Us Manresa,K&U Manresa,Manresa,MAN,FALSE,https://media-cdn.cortextech.io/1dU3kpCqReRp93/1BSdBWIjCgOCpC/06792bed-0383-4de2-80b9-95ecca3fd973.png,EuroCup 2026-27,U2026,2026-27,U,2026,2026-07-01T00:00:00
002364,"FERNANDEZ, JAIME",Jaime Fernandez,"FERNANDEZ, JAIME","FERNANDEZ, JAIME",JAIME,FERNANDEZ BERNABE,FERNANDEZ,"Fernandez, J.",ESP,Spain,186,79,1993-06-04T00:00:00,ESP,Spain,,,,FALSE,NA,J,Player,TRUE,2026-09-08T11:57:39.881,2027-06-30T00:00:00,0,3,3,1,Guard,LA LAGUNA TENERIFE,56019,https://media-cdn.cortextech.io/1dU3kpCqReRp93/1BSdBWIjCjnOS4/79b7636a-fa28-4e26-8b32-41a43ae6fa8e.png,https://media-cdn.cortextech.io/1dU3kpCqReRp93/1BSdBWIjCjnOS4/79b7636a-fa28-4e26-8b32-41a43ae6fa8e.png,TNF,La Laguna Tenerife,LL Tenerife,La Laguna Tenerife,LLT,FALSE,https://media-cdn.cortextech.io/1dU3kpCqReRp93/1BSdBWIjCgOCpC/59bf7582-6c0b-4e14-bce6-1380aad90f34.png,EuroCup 2026-27,U2026,2026-27,U,2026,2026-07-01T00:00:00
011281,"FERRELL, YOGI",Yogi Ferrell,"FERRELL, KEVIN","FERRELL, KEVIN",KEVIN DUANE,FERRELL JR,FERRELL,"Ferrell, Y.",USA,United States of America,182,80,1993-05-09T00:00:00,USA,United States of America,YogiFerrell11,yogiferre11,,FALSE,NA,J,Player,TRUE,2026-09-09T18:22:09.849,2027-06-30T00:00:00,0,11,11,1,Guard,BUDUCNOST VOLI,56401,https://media-cdn.cortextech.io/1dU3kpCqReRp93/1BSdBWIjCjnOS5/4b274ff3-a150-411a-ace8-727d6bc6eda7.png,https://media-cdn.cortextech.io/1dU3kpCqReRp93/1BSdBWIjCjnOS5/4b274ff3-a150-411a-ace8-727d6bc6eda7.png,BUD,Buducnost VOLI Podgorica,Buducnost VOLI,Buducnost,BUD,FALSE,https://media-cdn.incrowdsports.com/47161285-94b3-4266-9d23-b722e8600945.png,EuroCup 2026-27,U2026,2026-27,U,2026,2026-07-01T00:00:00
006831,"FEVRIER, IVAN",Ivan Fevrier,Fevrier,Fevrier,"IVAN,PHILIPPE,CHARLES",FEVRIER,FEVRIER,"Fevrier, I.",FRA,France,205,100,1999-02-08T00:00:00,FRA,France,,,NA,FALSE,NA,J,Player,TRUE,2026-09-08T12:28:09.194,2027-06-30T00:00:00,0,23,23,2,Forward,PALLACANESTRO CANTU,56065,https://media-cdn.cortextech.io/1dU3kpCqReRp93/1BSdBWIjCjnOO1/8da64f54-102a-4281-83d1-e69b01729b07.png,https://media-cdn.cortextech.io/1dU3kpCqReRp93/1BSdBWIjCjnOO1/8da64f54-102a-4281-83d1-e69b01729b07.png,LKB,Lietkabelis Panevezys,Lietkabelis,Lietkabelis,LIE,FALSE,https://media-cdn.cortextech.io/ffcb6e37-31f4-48f6-91c2-a8c9a6f791a9.png,EuroCup 2026-27,U2026,2026-27,U,2026,2026-07-01T00:00:00
012616,"FILLIOS, GEORGIOS",Georgios Fillios,"FILLIOS, GEORGIOS","FILLIOS, GEORGIOS",GEORGIOS,FILLIOS,FILLIOS,,GRE,Greece,195,91,2002-02-10T00:00:00,GRE,Greece,,,,FALSE,NA,J,Player,TRUE,2026-09-21T08:58:28.412,2027-06-30T00:00:00,0,25,25,1,Guard,PAOK BC,56914,https://media-cdn.cortextech.io/1dU3kpCqReRp93/1BSdBWIjCjnOO0/6b517b85-1752-4e7a-8df5-475585f5d364.png,https://media-cdn.cortextech.io/1dU3kpCqReRp93/1BSdBWIjCjnOO0/6b517b85-1752-4e7a-8df5-475585f5d364.png,PAO,PAOK Thessaloniki,PAOK,PAOK,PBC,FALSE,https://media-cdn.cortextech.io/1dU3kpCqReRp93/1BSdBWIjChWbHH/0506e7c4-ec4b-460a-bc59-b033ad9e336c.png,EuroCup 2026-27,U2026,2026-27,U,2026,2026-07-01T00:00:00
014918,"FISCHER, LUCAS",Lucas Fischer,"FISCHER, LUCAS","FISCHER, LUCAS","FISCHER, LUCAS CHARLES VICTOR",FISCHER,Fischer,NA,FRA,France,191,91,2004-08-01T00:00:00,FRA,France,,,,FALSE,NA,J,Player,TRUE,2026-09-08T15:51:57.612,2027-06-30T00:00:00,0,43,43,1,Guard,NANTERRE 92,56165,NA,NA,ULM,ratiopharm ulm,Ulm,Ulm,ULM,FALSE,https://media-cdn.cortextech.io/5750bc8b-dd63-48e4-8586-10d4e5e2b4e2.png,EuroCup 2026-27,U2026,2026-27,U,2026,2026-07-01T00:00:00
007595,"FITIPALDO , BRUNO",Bruno Fitipaldo,Fitipaldo,Fitipaldo,BRUNO,FITIPALDO RODRIGUEZ,FITIPALDO,"Fitipaldo, B.",ITA,Italy,184,86,1991-08-02T00:00:00,URU,Uruguay,,,,FALSE,NA,J,Player,TRUE,2026-09-08T11:57:40.384,2027-06-30T00:00:00,0,6,6,1,Guard,LA LAGUNA TENERIFE,56021,https://media-cdn.cortextech.io/1dU3kpCqReRp93/1BSdBWIjCjnOS4/cbdaf389-dda1-429e-a534-c5c8460b8750.png,https://media-cdn.cortextech.io/1dU3kpCqReRp93/1BSdBWIjCjnOS4/cbdaf389-dda1-429e-a534-c5c8460b8750.png,TNF,La Laguna Tenerife,LL Tenerife,La Laguna Tenerife,LLT,FALSE,https://media-cdn.cortextech.io/1dU3kpCqReRp93/1BSdBWIjCgOCpC/59bf7582-6c0b-4e14-bce6-1380aad90f34.png,EuroCup 2026-27,U2026,2026-27,U,2026,2026-07-01T00:00:00
014856,"FLAUTO, COSIMO",Cosimo Flauto,"FLAUTO, COSIMO","FLAUTO, COSIMO",COSIMO,FLAUTO,FLAUTO,NA,ITA,Italy,194,83,2009-01-01T00:00:00,ITA,Italy,NA,NA,NA,FALSE,NA,J,Player,TRUE,2026-09-08T11:33:01.426,2027-06-30T00:00:00,0,9,9,1,Guard,PISTOIA BASKET 2000,55983,NA,NA,TRN,Dolomiti Energia Trento,Trento,Trento,TRE,FALSE,https://media-cdn.cortextech.io/1dU3kpCqReRp93/1BSdBWIjCcz1CG/e4ce6137-6d3f-4072-9480-c0b9a9cd617d.png,EuroCup 2026-27,U2026,2026-27,U,2026,2026-07-01T00:00:00
014928,"FLEMING JR, PHLANDROUS",Phlandrous Fleming Jr,"FLEMING JR, PHLANDROUS","FLEMING JR, PHLANDROUS",PHLANDROUS LAMAR,FLEMING JR,FLEMING JR,NA,USA,United States of America,193,96,1998-12-05T00:00:00,USA,United States of America,,,,FALSE,NA,J,Player,TRUE,2026-09-08T16:08:08.944,2027-06-30T00:00:00,0,1,1,1,Guard,SLUC NANCY,56183,NA,NA,NIN,NINERS Chemnitz,Chemnitz,Chemnitz,CHE,FALSE,https://media-cdn.cortextech.io/75ae96be-69f9-4e48-b5bd-b1056842db57.png,EuroCup 2026-27,U2026,2026-27,U,2026,2026-07-01T00:00:00
014888,"FLOWERS, TRENTYN",Trentyn Flowers,"FLOWERS, TRENTYN","FLOWERS, TRENTYN",TRENTYN LEVI,FLOWERS,FLOWERS,NA,USA,United States of America,206,84,2005-03-08T00:00:00,USA,United States of America,,,,FALSE,NA,J,Player,TRUE,2026-09-08T12:47:54.232,2027-06-30T00:00:00,0,9,9,2,Forward,BRAMPTON HONEY BADGERS,56086,https://media-cdn.cortextech.io/1dU3kpCqReRp93/1BSdBWIjCjnOS5/4a50562c-14d3-4357-98a3-6bbf1aae791d.png,https://media-cdn.cortextech.io/1dU3kpCqReRp93/1BSdBWIjCjnOS5/4a50562c-14d3-4357-98a3-6bbf1aae791d.png,BCR,Roma Basketball,Roma,Roma,ROM,FALSE,https://media-cdn.cortextech.io/1dU3kpCqReRp93/1BSdBWIjCjnOS1/1e9e0379-db30-4234-89b0-19576709c285.png,EuroCup 2026-27,U2026,2026-27,U,2026,2026-07-01T00:00:00
013908,"FLYNN, MALACHI",Malachi Flynn,"FLYNN, MALACHI","FLYNN, MALACHI",MALACHI EMMANUEL,FLYNN,FLYNN,NA,TUR,Turkiye,85,188,1998-05-09T00:00:00,TUR,Turkiye,,,,FALSE,NA,J,Player,TRUE,2026-09-08T16:23:50.787,2027-06-30T00:00:00,0,22,22,1,Guard,BAHCESEHIR COLLEGE SPORTS CLUB,56220,https://media-cdn.cortextech.io/1dU3kpCqReRp93/1BSdBWIjCjnOS1/7aa424a1-ebda-4011-a603-546727dd006a.png,https://media-cdn.cortextech.io/1dU3kpCqReRp93/1BSdBWIjCjnOS1/7aa424a1-ebda-4011-a603-546727dd006a.png,BAH,Bahcesehir College Istanbul,Bahcesehir,Bahcesehir,BKS,FALSE,https://media-cdn.incrowdsports.com/1d3274d8-da86-4d21-9e97-6810ab88babe.png,EuroCup 2026-27,U2026,2026-27,U,2026,2026-07-01T00:00:00
015059,"FOFANA, SELIM",Selim Fofana,"FOFANA, SELIM","FOFANA, SELIM",SELIM MOISE,FOFANA,FOFANA,NA,SUI,Switzerland,193,80,1999-07-08T00:00:00,SUI,Switzerland,,,,FALSE,NA,J,Player,TRUE,2026-09-10T10:12:11.825,2027-06-30T00:00:00,0,7,7,1,Guard,SIAULIAI,56425,https://media-cdn.cortextech.io/1dU3kpCqReRp93/1BSdBWIjCjnOO0/5fbc9cdc-1781-4944-b7ce-456d852ad03d.png,https://media-cdn.cortextech.io/1dU3kpCqReRp93/1BSdBWIjCjnOO0/5fbc9cdc-1781-4944-b7ce-456d852ad03d.png,SIA,Siauliai Basketball,Siauliai ,Siauliai ,SIA,FALSE,https://media-cdn.cortextech.io/1dU3kpCqReRp93/1BSdBWIjCgOCpC/55a49aa3-e91f-45cc-88d0-670896ce5825.png,EuroCup 2026-27,U2026,2026-27,U,2026,2026-07-01T00:00:00
006382,"FORRAY, TOTO",Toto Forray,Forray,Forray,ANDRES PABLO,FORRAY,FORRAY,"Forray, A.",ITA,Italy,187,83,1986-03-20T00:00:00,ARG,Argentina,,,,FALSE,NA,J,Player,TRUE,2026-09-08T11:33:01.675,2027-06-30T00:00:00,0,10,10,1,Guard,DOLOMITI ENERGIA TRENTO,55984,NA,NA,TRN,Dolomiti Energia Trento,Trento,Trento,TRE,FALSE,https://media-cdn.cortextech.io/1dU3kpCqReRp93/1BSdBWIjCcz1CG/e4ce6137-6d3f-4072-9480-c0b9a9cd617d.png,EuroCup 2026-27,U2026,2026-27,U,2026,2026-07-01T00:00:00
010386,"FOSTER, MARCUS",Marcus Foster,"FOSTER, MARCUS","FOSTER, MARCUS",MARCUS FRANKLEE,FOSTER,FOSTER,"Foster, M.",USA,United States of America,191,99,1995-06-03T00:00:00,USA,United States of America,,,,FALSE,NA,J,Player,TRUE,2026-09-08T12:42:09.497,2027-06-30T00:00:00,0,17,17,1,Guard,ALVARK TOKYO,56079,https://media-cdn.cortextech.io/1dU3kpCqReRp93/1BSdBWIjCjnOO0/f90b8db3-7db9-4904-add0-17b927c51a01.png,https://media-cdn.cortextech.io/1dU3kpCqReRp93/1BSdBWIjCjnOO0/f90b8db3-7db9-4904-add0-17b927c51a01.png,PAO,PAOK Thessaloniki,PAOK,PAOK,PBC,FALSE,https://media-cdn.cortextech.io/1dU3kpCqReRp93/1BSdBWIjChWbHH/0506e7c4-ec4b-460a-bc59-b033ad9e336c.png,EuroCup 2026-27,U2026,2026-27,U,2026,2026-07-01T00:00:00
007830,"FRANKE, YANNICK",Yannick Franke,"FRANKE, YANNICK","FRANKE, YANNICK",YANNICK AYRTON,FRANKE,FRANKE,"Franke, Y.",NED,Netherlands,194,84,1996-05-21T00:00:00,NED,Netherlands,,NA,NA,FALSE,NA,J,Player,TRUE,2026-09-08T13:54:46.065,2027-06-30T00:00:00,0,5,5,1,Guard,PETKIM SPOR,56131,https://media-cdn.cortextech.io/1dU3kpCqReRp93/1BSdBWIjCjnOS5/92b7266b-81e2-4039-be0c-082bfe25a7b4.png,https://media-cdn.cortextech.io/1dU3kpCqReRp93/1BSdBWIjCjnOS5/92b7266b-81e2-4039-be0c-082bfe25a7b4.png,KLA,Neptunas Klaipeda,Neptunas,Neptunas,NEP,FALSE,https://media-cdn.cortextech.io/ed0df5cd-c9e4-4387-bcd4-3606270cd255.png,EuroCup 2026-27,U2026,2026-27,U,2026,2026-07-01T00:00:00
014907,"FRIDRIKSSON, ELVAR",Elvar Fridriksson,"FRIDRIKSSON, ELVAR","FRIDRIKSSON, ELVAR",ELVAR MAR,FRIDRIKSSON,Fridriksson,NA,ISL,Iceland,183,78,1994-11-11T00:00:00,ISL,Iceland,NA,NA,NA,FALSE,NA,J,Player,TRUE,2026-09-08T13:54:46.839,2027-06-30T00:00:00,0,10,10,1,Guard,TENERIFE,56134,https://media-cdn.cortextech.io/1dU3kpCqReRp93/1BSdBWIjCjnOS5/7eab1828-c9a2-4893-b661-8aefdafc12f0.png,https://media-cdn.cortextech.io/1dU3kpCqReRp93/1BSdBWIjCjnOS5/7eab1828-c9a2-4893-b661-8aefdafc12f0.png,KLA,Neptunas Klaipeda,Neptunas,Neptunas,NEP,FALSE,https://media-cdn.cortextech.io/ed0df5cd-c9e4-4387-bcd4-3606270cd255.png,EuroCup 2026-27,U2026,2026-27,U,2026,2026-07-01T00:00:00
014849,"GAINEY, JORDAN",Jordan Gainey,"GAINEY, JORDAN","GAINEY, JORDAN",JORDAN DEWAINE,GAINEY,GAINEY,NA,USA,United States of America,187,83,2002-06-26T00:00:00,USA,United States of America,,,,FALSE,NA,J,Player,TRUE,2026-09-08T11:04:48.715,2027-06-30T00:00:00,0,4,4,1,Guard,CEDEVITA JUNIOR,55962,https://media-cdn.cortextech.io/1dU3kpCqReRp93/1BSdBWIjCjnOO0/259792df-8fd9-435d-80a6-2d4dcb4cb159.png,https://media-cdn.cortextech.io/1dU3kpCqReRp93/1BSdBWIjCjnOO0/259792df-8fd9-435d-80a6-2d4dcb4cb159.png,LJU,Cedevita Olimpija Ljubljana,Cedevita Olimp,Cedevita Olimpija,COL,FALSE,https://media-cdn.incrowdsports.com/73b33d13-570e-4e49-a9cb-fe806831eaa7.png,EuroCup 2026-27,U2026,2026-27,U,2026,2026-07-01T00:00:00
014923,"GAUDOUX, LIONEL",Lionel Gaudoux,"GAUDOUX, LIONEL","GAUDOUX, LIONEL","LOINEL, SYLVIO",GAUDOUX,GAUDOUX,NA,FRA,France,200,107,1995-05-30T00:00:00,FRA,France,,,,FALSE,NA,J,Player,TRUE,2026-09-08T15:56:54.021,2027-06-30T00:00:00,0,13,13,3,Center,CHALON SUR SAONE,56176,https://media-cdn.cortextech.io/1dU3kpCqReRp93/1BSdBWIjCjnOS0/1690a530-502d-40f7-9893-00c279414125.png,https://media-cdn.cortextech.io/1dU3kpCqReRp93/1BSdBWIjCjnOS0/1690a530-502d-40f7-9893-00c279414125.png,BOU,Cosea JL Bourg-en-Bresse,Cosea JL Bourg,Bourg,JLB,FALSE,https://media-cdn.incrowdsports.com/d4225e1b-7c1b-4382-98d4-ca8511c64441.png,EuroCup 2026-27,U2026,2026-27,U,2026,2026-07-01T00:00:00
001506,"GAZZOTTI, GIULIO",Giulio Gazzotti,"GAZZOTTI, G.","GAZZOTTI, G.",GIULIO,GAZZOTTI,24,,ITA,Italy,202,104,1991-09-23T00:00:00,ITA,Italy,,,,FALSE,NA,J,Player,TRUE,2026-09-08T13:13:11.478,2027-06-30T00:00:00,0,24,24,2,Forward,PALLACANESTRO FORLI 2.015,56115,NA,NA,TRT,Baglietto Derthona Tortona,Derthona,Derthona,DER,FALSE,https://media-cdn.cortextech.io/1dU3kpCqReRp93/1BSdBWIjCjnONv/4976fa46-8eb4-471c-b6dd-4704866c5769.png,EuroCup 2026-27,U2026,2026-27,U,2026,2026-07-01T00:00:00
015107,"GHOLSTON, DEANDRE",Deandre Gholston,"GHOLSTON, DEANDRE","GHOLSTON, DEANDRE",DEANDRE,GHOLSTON,GHOLSTON,NA,USA,United States of America,196,87,2000-07-08T00:00:00,USA,United States of America,NA,NA,NA,FALSE,NA,J,Player,TRUE,2026-09-14T07:44:45.447,2027-06-30T00:00:00,0,4,4,1,Guard,CHOLET BASKET,56533,NA,NA,BOS,BOSNA BH Telecom Sarajevo,BOSNA,BOSNA,BOS,FALSE,https://media-cdn.cortextech.io/1dU3kpCqReRp93/1BSdBWIjCjnOJl/0024f0d4-55d9-4ed0-be41-68c0e90c41d5.png,EuroCup 2026-27,U2026,2026-27,U,2026,2026-07-01T00:00:00
005024,"GIRDZIUNAS, MINDAUGAS",Mindaugas Girdziunas,Girdziunas,Girdziunas,MINDAUGAS,GIRDZIUNAS,GIRDŽIÚNAS,"Girdziunas, M.",LTU,Lithuania,188,86,1989-01-20T00:00:00,LTU,Lithuania,,,,FALSE,NA,J,Player,TRUE,2026-09-08T13:54:46.571,2027-06-30T00:00:00,0,8,8,1,Guard,NEPTUNAS,56133,https://media-cdn.cortextech.io/1dU3kpCqReRp93/1BSdBWIjCjnOS5/01061043-7c31-4627-862a-010e0668961e.png,https://media-cdn.cortextech.io/1dU3kpCqReRp93/1BSdBWIjCjnOS5/01061043-7c31-4627-862a-010e0668961e.png,KLA,Neptunas Klaipeda,Neptunas,Neptunas,NEP,FALSE,https://media-cdn.cortextech.io/ed0df5cd-c9e4-4387-bcd4-3606270cd255.png,EuroCup 2026-27,U2026,2026-27,U,2026,2026-07-01T00:00:00
014938,"GONUL, BERKAY",Berkay Gonul,"GONUL, BERKAY","GONUL, BERKAY",AHMET BERKAY,GONUL,GONUL,NA,TUR,Turkiye,201,94,2007-06-22T00:00:00,TUR,Turkiye,,,,FALSE,NA,J,Player,TRUE,2026-09-08T16:20:19.851,2027-06-30T00:00:00,0,2,2,2,Forward,TOFAS BURSA,56201,https://media-cdn.cortextech.io/1dU3kpCqReRp93/1BSdBWIjCjnOS1/1479ded4-7c13-4f80-a693-a47ea35e9d36.png,https://media-cdn.cortextech.io/1dU3kpCqReRp93/1BSdBWIjCjnOS1/1479ded4-7c13-4f80-a693-a47ea35e9d36.png,BUR,Tofas Bursa,Tofas Bursa,Tofas,TOF,FALSE,https://media-cdn.cortextech.io/1dU3kpCqReRp93/1BSdBWIjChWbHH/72e5c4e0-abe1-43ce-bfb7-dcb025bb4adc.png,EuroCup 2026-27,U2026,2026-27,U,2026,2026-07-01T00:00:00
014900,"GORHAM, JUSTIN",Justin Gorham,"GORHAM, JUSTIN","GORHAM, JUSTIN",JUSTIN TERRELL,GORHAM,Gorham,NA,USA,United States of America,201,102,1998-08-06T00:00:00,USA,United States of America,,,,FALSE,NA,J,Player,TRUE,2026-09-08T13:13:09.663,2027-06-30T00:00:00,0,4,4,2,Forward,DERTHONA BASKET S.S.R.L.,56108,NA,NA,TRT,Baglietto Derthona Tortona,Derthona,Derthona,DER,FALSE,https://media-cdn.cortextech.io/1dU3kpCqReRp93/1BSdBWIjCjnONv/4976fa46-8eb4-471c-b6dd-4704866c5769.png,EuroCup 2026-27,U2026,2026-27,U,2026,2026-07-01T00:00:00
008250,"GRANT, SASHA",Sasha Grant,"GRANT, SASHA","GRANT, SASHA",SASHA MATTIAS,GRANT,GRANT,"Grant, S.",ITA,Italy,201,105,2002-02-15T00:00:00,ITA,Italy,,,,FALSE,NA,J,Player,TRUE,2026-09-08T10:37:35.445,2027-06-30T00:00:00,0,44,44,2,Forward,VANOLI CREMONA,55921,https://media-cdn.cortextech.io/1dU3kpCqReRp93/1BSdBWIjCjnOS5/870401e0-92dd-4c5a-b43d-db1cb1161daa.png,https://media-cdn.cortextech.io/1dU3kpCqReRp93/1BSdBWIjCjnOS5/870401e0-92dd-4c5a-b43d-db1cb1161daa.png,VNC,Umana Reyer Venice,Reyer Venice,Reyer Venice,URV,FALSE,https://media-cdn.incrowdsports.com/104f5074-9f23-47da-a21f-f2078db8244c.png,EuroCup 2026-27,U2026,2026-27,U,2026,2026-07-01T00:00:00
014866,"GRASSHOFF, BASTIEN",Bastien Grasshoff,"GRASSHOFF, BASTIEN","GRASSHOFF, BASTIEN",BASTIEN,GRASSHOFF,GRASSHOFF,NA,FRA,France,198,81,2007-06-01T00:00:00,FRA,France,,,,FALSE,NA,J,Player,TRUE,2026-09-08T12:03:10.254,2027-06-30T00:00:00,0,1,1,1,Guard,LE MANS SARTHE BASKET,56031,https://media-cdn.cortextech.io/1dU3kpCqReRp93/1BSdBWIjCjnOS3/8e35a799-2e9b-4be1-b485-9520abf56333.png,https://media-cdn.cortextech.io/1dU3kpCqReRp93/1BSdBWIjCjnOS3/8e35a799-2e9b-4be1-b485-9520abf56333.png,LEM,Le Mans Sarthe Basket,Le Mans Sarthe,Le Mans Sarthe,MSB,FALSE,https://media-cdn.cortextech.io/1dU3kpCqReRp93/1BSdBWIjCgOCpC/b8ec3298-5030-4865-8469-722a21b471c3.png,EuroCup 2026-27,U2026,2026-27,U,2026,2026-07-01T00:00:00
014885,"GRAY, RAIQUAN",Raiquan Gray,"GRAY, RAIQUAN","GRAY, RAIQUAN",RAIQUAN KELVAN,GRAY,GRAY,NA,USA,United States of America,203,122,1999-07-07T00:00:00,USA,United States of America,,,,FALSE,NA,J,Player,TRUE,2026-09-08T12:42:07.457,2027-06-30T00:00:00,0,0,0,2,Forward,AEK BC,56070,https://media-cdn.cortextech.io/1dU3kpCqReRp93/1BSdBWIjCjnOO0/811ecfae-f953-4c76-b808-04490b770bbc.png,https://media-cdn.cortextech.io/1dU3kpCqReRp93/1BSdBWIjCjnOO0/811ecfae-f953-4c76-b808-04490b770bbc.png,PAO,PAOK Thessaloniki,PAOK,PAOK,PBC,FALSE,https://media-cdn.cortextech.io/1dU3kpCqReRp93/1BSdBWIjChWbHH/0506e7c4-ec4b-460a-bc59-b033ad9e336c.png,EuroCup 2026-27,U2026,2026-27,U,2026,2026-07-01T00:00:00
005159,"GREEN, ERICK",Erick Green,Green,Green,ERICK OBRIEN,GREEN II,GREEN,"Green, E.",USA,United States of America,191,85,1992-05-09T00:00:00,USA,United States of America,,,,FALSE,NA,J,Player,TRUE,2026-09-23T11:09:43.393,2027-06-30T00:00:00,0,32,32,1,Guard,PALLACANESTRO CANTU,56972,https://media-cdn.cortextech.io/1dU3kpCqReRp93/1BSdBWIjCjnOS5/a30e98fe-5ca4-4aa5-bd6e-3d61d2048791.png,https://media-cdn.cortextech.io/1dU3kpCqReRp93/1BSdBWIjCjnOS5/a30e98fe-5ca4-4aa5-bd6e-3d61d2048791.png,VNC,Umana Reyer Venice,Reyer Venice,Reyer Venice,URV,FALSE,https://media-cdn.incrowdsports.com/104f5074-9f23-47da-a21f-f2078db8244c.png,EuroCup 2026-27,U2026,2026-27,U,2026,2026-07-01T00:00:00
015157,"GROZEV, NIKOLAY",Nikolay Grozev,"GROZEV, NIKOLAY","GROZEV, NIKOLAY",NIKOLAY GENADIEV,GROZEV,GROZEV,NA,BUL,Bulgaria,197,98,1994-02-17T00:00:00,BUL,Bulgaria,NA,NA,NA,FALSE,NA,J,Player,TRUE,2026-09-17T12:36:08.66,2027-06-30T00:00:00,0,33,33,2,Forward,BALKAN BOTEVGRAD,56796,NA,NA,BLK,Balkan Botevgrad,Balkan,Balkan,BLK,FALSE,https://media-cdn.cortextech.io/1dU3kpCqReRp93/1BSdBWIjCgOCpC/ba6e2d99-3ea9-4730-a0ce-830cccca4657.png,EuroCup 2026-27,U2026,2026-27,U,2026,2026-07-01T00:00:00
004487,"GUERRERO, RUBEN",Ruben Guerrero,"GUERRERO, R.","GUERRERO, R.",RUBEN,GUERRERO PINO,GUERRERO,"Guerrero, R.",ESP,Spain,213,110,1995-10-22T00:00:00,ESP,Spain,,,,FALSE,NA,J,Player,TRUE,2026-09-10T14:33:47.694,2027-06-30T00:00:00,0,12,12,3,Center,MORABANC ANDORRA,56494,NA,NA,BGS,Recoletas Salud San Pablo Burgos,Burgos,Burgos,BUR,FALSE,https://media-cdn.cortextech.io/1dU3kpCqReRp93/1BSdBWIjCgOCxM/40c97670-177e-4c74-9f5f-76b528a0da86.png,EuroCup 2026-27,U2026,2026-27,U,2026,2026-07-01T00:00:00
011826,"GUY, KYLE",Kyle Guy,"GUY, KYLE","GUY, KYLE",KYLE JOSEPH,GUY,GUY,,USA,United States of America,188,76,1997-08-11T00:00:00,USA,United States of America,,,,FALSE,NA,J,Player,TRUE,2026-09-08T11:57:39.621,2027-06-30T00:00:00,0,2,2,2,Forward,SHANXI LOONGS,56018,https://media-cdn.cortextech.io/1dU3kpCqReRp93/1BSdBWIjCjnOS4/c1c0b55a-8e07-4187-a4da-a9c915b34eb7.png,https://media-cdn.cortextech.io/1dU3kpCqReRp93/1BSdBWIjCjnOS4/c1c0b55a-8e07-4187-a4da-a9c915b34eb7.png,TNF,La Laguna Tenerife,LL Tenerife,La Laguna Tenerife,LLT,FALSE,https://media-cdn.cortextech.io/1dU3kpCqReRp93/1BSdBWIjCgOCpC/59bf7582-6c0b-4e14-bce6-1380aad90f34.png,EuroCup 2026-27,U2026,2026-27,U,2026,2026-07-01T00:00:00
014847,"HADZIBEGOVIC, EMIR",Emir Hadzibegovic,"HADZIBEGOVIC, EMIR","HADZIBEGOVIC, EMIR",EMIR,HADZIBEGOVIC,Hadzibegovic,NA,MNE,Montenegro,206,103,1996-08-24T00:00:00,MNE,Montenegro,,,,FALSE,NA,J,Player,TRUE,2026-09-08T11:02:11.959,2027-06-30T00:00:00,0,8,8,2,Forward,SC DERBI,55951,https://media-cdn.cortextech.io/1dU3kpCqReRp93/1BSdBWIjCjnOS5/da7bef08-79e0-4b4e-a966-0f1d129d0f5c.png,https://media-cdn.cortextech.io/1dU3kpCqReRp93/1BSdBWIjCjnOS5/da7bef08-79e0-4b4e-a966-0f1d129d0f5c.png,BUD,Buducnost VOLI Podgorica,Buducnost VOLI,Buducnost,BUD,FALSE,https://media-cdn.incrowdsports.com/47161285-94b3-4266-9d23-b722e8600945.png,EuroCup 2026-27,U2026,2026-27,U,2026,2026-07-01T00:00:00
012405,"HALTALI, FURKAN",Furkan Haltali,"HALTALI, FURKAN","HALTALI, FURKAN",FURKAN,HALTALI,HALTALI,,TUR,Turkiye,207,120,2002-12-02T00:00:00,TUR,Turkiye,,,,FALSE,NA,J,Player,TRUE,2026-09-08T16:22:52.022,2027-06-30T00:00:00,0,14,14,3,Center,BAHCESEHIR COLLEGE SPORTS CLUB,56218,https://media-cdn.cortextech.io/1dU3kpCqReRp93/1BSdBWIjCjnOS1/06aaf7c1-4b7f-4219-b2a2-2d216f6985b2.png,https://media-cdn.cortextech.io/1dU3kpCqReRp93/1BSdBWIjCjnOS1/06aaf7c1-4b7f-4219-b2a2-2d216f6985b2.png,BAH,Bahcesehir College Istanbul,Bahcesehir,Bahcesehir,BKS,FALSE,https://media-cdn.incrowdsports.com/1d3274d8-da86-4d21-9e97-6810ab88babe.png,EuroCup 2026-27,U2026,2026-27,U,2026,2026-07-01T00:00:00
015144,"HANOCHI, YOTAM",Yotam Hanochi,"HANOCHI, YOTAM","HANOCHI, YOTAM",YOTAM,HANOCHI,hanochi,NA,ISR,Israel,0,0,2000-12-08T00:00:00,ISR,Israel,NA,NA,NA,FALSE,NA,J,Player,TRUE,2026-09-17T08:44:05.777,2027-06-30T00:00:00,0,8,8,3,Center,HAPOEL MIDTOWN JERUSALEM,56758,https://media-cdn.cortextech.io/1dU3kpCqReRp93/1BSdBWIjCjnOS5/580b42ea-596c-4b63-8be8-db2b960c2366.png,https://media-cdn.cortextech.io/1dU3kpCqReRp93/1BSdBWIjCjnOS5/580b42ea-596c-4b63-8be8-db2b960c2366.png,JER,Hapoel Midtown Jerusalem,Hapoel JLM,Jerusalem,JLM,FALSE,https://media-cdn.cortextech.io/1dU3kpCqReRp93/1BSdBWIjCiezvp/6d6e8da8-550f-4d1f-8a06-4611227e0c31.png,EuroCup 2026-27,U2026,2026-27,U,2026,2026-07-01T00:00:00
009864,"HAPP, ETHAN",Ethan Happ,"HAPP, ETHAN","HAPP, ETHAN",ITAN MAJKL,HAP,HAPP,"Happ, E.",MKD,North Macedonia,206,110,1996-05-07T00:00:00,USA,United States of America,,,,FALSE,NA,J,Player,TRUE,2026-09-08T11:57:41.365,2027-06-30T00:00:00,0,22,22,3,Center,SAN PABLO BURGOS,56024,https://media-cdn.cortextech.io/1dU3kpCqReRp93/1BSdBWIjCjnOS4/4a489b91-0aa0-478d-83d3-74dc0afe3aae.png,https://media-cdn.cortextech.io/1dU3kpCqReRp93/1BSdBWIjCjnOS4/4a489b91-0aa0-478d-83d3-74dc0afe3aae.png,TNF,La Laguna Tenerife,LL Tenerife,La Laguna Tenerife,LLT,FALSE,https://media-cdn.cortextech.io/1dU3kpCqReRp93/1BSdBWIjCgOCpC/59bf7582-6c0b-4e14-bce6-1380aad90f34.png,EuroCup 2026-27,U2026,2026-27,U,2026,2026-07-01T00:00:00
015097,"HARDING, JERRICK",Jerrick Harding,"HARDING, JERRICK","HARDING, JERRICK",JERRICK DEONTRE,HARDING,HARDING,NA,USA,United States of America,185,78,1998-04-13T00:00:00,USA,United States of America,,,,FALSE,NA,J,Player,TRUE,2026-09-10T14:42:07.303,2027-06-30T00:00:00,0,7,7,1,Guard,RYTAS VILNIUS,56501,https://media-cdn.cortextech.io/1dU3kpCqReRp93/1BSdBWIjCjnOS4/f38f2616-8c1f-4671-9d27-0b20ca08bddb.png,https://media-cdn.cortextech.io/1dU3kpCqReRp93/1BSdBWIjCjnOS4/f38f2616-8c1f-4671-9d27-0b20ca08bddb.png,TTK,Turk Telekom Ankara,Turk Telekom,Turk Telekom,TTA,FALSE,https://media-cdn.incrowdsports.com/4ba35608-54ca-4800-a59c-f2571e6f8e13.png,EuroCup 2026-27,U2026,2026-27,U,2026,2026-07-01T00:00:00
011970,"HARPER, JARED",Jared Harper,"HARPER, JARED","HARPER, JARED",JARED LAMAR,HARPER,HARPER,,USA,United States of America,178,79,1997-09-14T00:00:00,USA,United States of America,,,,FALSE,NA,J,Player,TRUE,2026-09-08T12:13:15.697,2027-06-30T00:00:00,0,1,1,1,Guard,HAPOEL MIDTOWN JERUSALEM,56043,https://media-cdn.cortextech.io/1dU3kpCqReRp93/1BSdBWIjCjnOS5/fa87e748-14bd-432e-98d2-aaf6ab2c6d9b.png,https://media-cdn.cortextech.io/1dU3kpCqReRp93/1BSdBWIjCjnOS5/fa87e748-14bd-432e-98d2-aaf6ab2c6d9b.png,JER,Hapoel Midtown Jerusalem,Hapoel JLM,Jerusalem,JLM,FALSE,https://media-cdn.cortextech.io/1dU3kpCqReRp93/1BSdBWIjCiezvp/6d6e8da8-550f-4d1f-8a06-4611227e0c31.png,EuroCup 2026-27,U2026,2026-27,U,2026,2026-07-01T00:00:00
014895,"HARTWICH, PHILIPP",Philipp Hartwich,"HARTWICH, PHILIPP","HARTWICH, PHILIPP",PHILIPP,HARTWICH,HARTWICH,NA,GER,Germany,218,110,1995-09-11T00:00:00,GER,Germany,,,,FALSE,NA,J,Player,TRUE,2026-09-08T12:48:32.44,2027-06-30T00:00:00,0,7,7,3,Center,BASKETBALL LOEWEN BRAUNSCHWEIG,56096,https://media-cdn.cortextech.io/1dU3kpCqReRp93/1BSdBWIjCjnOS5/38b253e2-6c5f-4100-bd78-69ef9b15cdd6.png,https://media-cdn.cortextech.io/1dU3kpCqReRp93/1BSdBWIjCjnOS5/38b253e2-6c5f-4100-bd78-69ef9b15cdd6.png,RTK,Rostock Seawolves, Rostock, Rostock,ROS,FALSE,https://media-cdn.cortextech.io/1dU3kpCqReRp93/1BSdBWIjCgOCpC/de14cdb9-c0f7-485f-84ac-f305ace44723.png,EuroCup 2026-27,U2026,2026-27,U,2026,2026-07-01T00:00:00
012242,"HASSAN, PATRICK",Patrick Hassan,"HASSAN, PATRICK","HASSAN, PATRICK",PATRICK,MOHAMUD MOHAMED HASSAN,HASSAN,,ITA,Italy,185,81,2007-01-20T00:00:00,ITA,Italy,,,,FALSE,NA,J,Player,TRUE,2026-09-08T11:33:04.283,2027-06-30T00:00:00,0,68,68,1,Guard,DOLOMITI ENERGIA TRENTO,55994,NA,NA,TRN,Dolomiti Energia Trento,Trento,Trento,TRE,FALSE,https://media-cdn.cortextech.io/1dU3kpCqReRp93/1BSdBWIjCcz1CG/e4ce6137-6d3f-4072-9480-c0b9a9cd617d.png,EuroCup 2026-27,U2026,2026-27,U,2026,2026-07-01T00:00:00
015052,"HAWKINS, RYAN",Ryan Hawkins,"HAWKINS, RYAN","HAWKINS, RYAN",RYAN ANDREW,HAWKINS,HAWKINS,NA,USA,United States of America,204,94,1997-05-12T00:00:00,USA,United States of America,NA,NA,NA,FALSE,NA,J,Player,TRUE,2026-09-10T07:50:08.383,2027-06-30T00:00:00,0,44,44,2,Forward,SKYLINERS GMBH,56411,NA,NA,BOS,BOSNA BH Telecom Sarajevo,BOSNA,BOSNA,BOS,FALSE,https://media-cdn.cortextech.io/1dU3kpCqReRp93/1BSdBWIjCjnOJl/0024f0d4-55d9-4ed0-be41-68c0e90c41d5.png,EuroCup 2026-27,U2026,2026-27,U,2026,2026-07-01T00:00:00
015230,"HECKEL, MARVIN",Marvin Heckel,"HECKEL, MARVIN","HECKEL, MARVIN",MARVIN MOMO,HECKEL,Heckel,NA,GER,Germany,190,90,1997-05-10T00:00:00,GER,Germany,NA,NA,NA,FALSE,NA,J,Player,TRUE,2026-09-24T11:35:10.609,2027-06-30T00:00:00,0,47,47,1,Guard,SPORTCLUB KREFELD,57008,NA,NA,ULM,ratiopharm ulm,Ulm,Ulm,ULM,FALSE,https://media-cdn.cortextech.io/5750bc8b-dd63-48e4-8586-10d4e5e2b4e2.png,EuroCup 2026-27,U2026,2026-27,U,2026,2026-07-01T00:00:00
015060,"HENDERSON JR, CEDRIC",Cedric Henderson Jr,"HENDERSON JR, CEDRIC","HENDERSON JR, CEDRIC",CEDRIC EARL,HENDERSON JR,HENDERSON,NA,USA,United States of America,198,91,2000-03-03T00:00:00,USA,United States of America,,,,FALSE,NA,J,Player,TRUE,2026-09-10T10:18:48.003,2027-06-30T00:00:00,0,2,2,1,Guard,SIAULIAI,56427,https://media-cdn.cortextech.io/1dU3kpCqReRp93/1BSdBWIjCjnOO0/4efcfe41-f910-4d53-8247-6ae09e2a4e8e.png,https://media-cdn.cortextech.io/1dU3kpCqReRp93/1BSdBWIjCjnOO0/4efcfe41-f910-4d53-8247-6ae09e2a4e8e.png,SIA,Siauliai Basketball,Siauliai ,Siauliai ,SIA,FALSE,https://media-cdn.cortextech.io/1dU3kpCqReRp93/1BSdBWIjCgOCpC/55a49aa3-e91f-45cc-88d0-670896ce5825.png,EuroCup 2026-27,U2026,2026-27,U,2026,2026-07-01T00:00:00
015041,"HICKEY, ANTHONY",Anthony Hickey,"HICKEY, ANTHONY","HICKEY, ANTHONY","ANTHONY, BERNARD",HICKEY,HICKEY,NA,USA,United States of America,180,84,1992-11-22T00:00:00,USA,United States of America,,,,FALSE,NA,J,Player,TRUE,2026-09-09T17:27:27.162,2027-06-30T00:00:00,0,2,2,1,Guard,OLD WILD WEST UDINE,56393,NA,NA,WRO,Slask Wroclaw,Slask,Slask,WKS,FALSE,https://media-cdn.incrowdsports.com/0415061b-5374-4a0d-bc04-8fcbc8ad0bb3.png,EuroCup 2026-27,U2026,2026-27,U,2026,2026-07-01T00:00:00
014844,"HILL, MALCOLM",Malcolm Hill,"HILL, MALCOLM","HILL, MALCOLM",MALCOLM ALEXANDER,HILL,HILL,NA,USA,United States of America,197,99,1995-10-26T00:00:00,USA,United States of America,,,,FALSE,NA,J,Player,TRUE,2026-09-08T10:47:14.422,2027-06-30T00:00:00,0,21,21,1,Guard,NBA G LEAGUE,55935,https://media-cdn.cortextech.io/1dU3kpCqReRp93/1BSdBWIjCjnOS3/e92a56bd-0aaf-42fb-9af6-e6a0c356d9d5.png,https://media-cdn.cortextech.io/1dU3kpCqReRp93/1BSdBWIjCjnOS3/e92a56bd-0aaf-42fb-9af6-e6a0c356d9d5.png,CLU,U-BT Cluj-Napoca,U-BT Cluj,Cluj,UBT,FALSE,https://media-cdn.incrowdsports.com/ae3e2844-0615-41bb-a788-a4f0d54b8d5e.png,EuroCup 2026-27,U2026,2026-27,U,2026,2026-07-01T00:00:00
015010,"HOLIDAY, AARON",Aaron Holiday,"HOLIDAY, AARON","HOLIDAY, AARON",AARON SHAWN,HOLIDAY,HOLIDAY,NA,USA,United States of America,183,83,1996-09-30T00:00:00,USA,United States of America,,,,FALSE,NA,J,Player,TRUE,2026-09-09T11:27:01.844,2027-06-30T00:00:00,0,3,3,1,Guard,HOUSTON ROCKETS,56300,NA,NA,MRO,Maxima Roma,Maxima Roma,Maxima Roma,RMA,FALSE,https://media-cdn.cortextech.io/1dU3kpCqReRp93/1BSdBWIjChWbHH/f1547a87-c0bf-41ab-bf7e-a0001649430d.png,EuroCup 2026-27,U2026,2026-27,U,2026,2026-07-01T00:00:00
015122,"HORTON, LANDRIUS",Landrius Horton,"HORTON, LANDRIUS","HORTON, LANDRIUS",LANDRIUS ZACCHEUS,HORTON,Horton,NA,USA,United States of America,193,82,1998-07-31T00:00:00,USA,United States of America,,,,FALSE,NA,J,Player,TRUE,2026-09-14T15:15:53.791,2027-06-30T00:00:00,0,23,23,1,Guard,DZIKI WARSAW,56671,https://media-cdn.cortextech.io/1dU3kpCqReRp93/1BSdBWIjCjnONv/4f7b8a52-82e0-4ab2-8822-c1b1fba56596.png,https://media-cdn.cortextech.io/1dU3kpCqReRp93/1BSdBWIjCjnONv/4f7b8a52-82e0-4ab2-8822-c1b1fba56596.png,LLI,London Lions,London,London,LDN,FALSE,https://media-cdn.cortextech.io/102de468-9e41-4b8e-b44d-23bebb9e916f.png,EuroCup 2026-27,U2026,2026-27,U,2026,2026-07-01T00:00:00
013063,"HOUINDO, CAMERON",Cameron Houindo,"HOUINDO, C.","HOUINDO, C.",CAMERON TOUSSAINT SELIDJI,HOUINDO,HOUINDO,,FRA,France,206,111,2008-01-10T00:00:00,FRA,France,,,,FALSE,NA,J,Player,TRUE,2026-09-08T11:04:49.224,2027-06-30T00:00:00,0,8,8,3,Center,CEDEVITA OLIMPIJA,55964,https://media-cdn.cortextech.io/1dU3kpCqReRp93/1BSdBWIjCjnOO0/984c0588-299c-4ef1-b6cb-efd1135e194f.png,https://media-cdn.cortextech.io/1dU3kpCqReRp93/1BSdBWIjCjnOO0/984c0588-299c-4ef1-b6cb-efd1135e194f.png,LJU,Cedevita Olimpija Ljubljana,Cedevita Olimp,Cedevita Olimpija,COL,FALSE,https://media-cdn.incrowdsports.com/73b33d13-570e-4e49-a9cb-fe806831eaa7.png,EuroCup 2026-27,U2026,2026-27,U,2026,2026-07-01T00:00:00
012595,"HUBB, PRENTISS",Prentiss Hubb,"HUBB, PRENTISS","HUBB, PRENTISS",PRENTISS CHARLES,HUBB,HUBB,,USA,United States of America,190,80,1999-03-19T00:00:00,USA,United States of America,,,,FALSE,NA,J,Player,TRUE,2026-09-08T13:13:09.377,2027-06-30T00:00:00,0,3,3,1,Guard,DERTHONA BASKET S.S.R.L.,56107,NA,NA,TRT,Baglietto Derthona Tortona,Derthona,Derthona,DER,FALSE,https://media-cdn.cortextech.io/1dU3kpCqReRp93/1BSdBWIjCjnONv/4976fa46-8eb4-471c-b6dd-4704866c5769.png,EuroCup 2026-27,U2026,2026-27,U,2026,2026-07-01T00:00:00
013904,"HUBER, ROI",Roi Huber,"HUBER, ROI","HUBER, ROI",ROI,HUBER,Huber,NA,ISR,Israel,0,0,1997-02-10T00:00:00,ISR,Israel,,,,FALSE,NA,J,Player,TRUE,2026-09-17T08:45:35.308,2027-06-30T00:00:00,0,13,13,1,Guard,HAPOEL MIDTOWN JERUSALEM,56759,https://media-cdn.cortextech.io/1dU3kpCqReRp93/1BSdBWIjCjnOS5/a1142084-bfa6-4d67-b35e-9d4deef77dce.png,https://media-cdn.cortextech.io/1dU3kpCqReRp93/1BSdBWIjCjnOS5/a1142084-bfa6-4d67-b35e-9d4deef77dce.png,JER,Hapoel Midtown Jerusalem,Hapoel JLM,Jerusalem,JLM,FALSE,https://media-cdn.cortextech.io/1dU3kpCqReRp93/1BSdBWIjCiezvp/6d6e8da8-550f-4d1f-8a06-4611227e0c31.png,EuroCup 2026-27,U2026,2026-27,U,2026,2026-07-01T00:00:00
014887,"HUDGINS, TREVOR",Trevor Hudgins,"HUDGINS, TREVOR","HUDGINS, TREVOR",TREVOR LAMONT,HUDGINS,HUDGINS,NA,USA,United States of America,180,89,1999-03-23T00:00:00,USA,United States of America,,,,FALSE,NA,J,Player,TRUE,2026-09-08T12:42:09.067,2027-06-30T00:00:00,0,12,12,1,Guard,LE MANS,56077,https://media-cdn.cortextech.io/1dU3kpCqReRp93/1BSdBWIjCjnOO0/f152f853-8455-4771-898b-9351623a6e80.png,https://media-cdn.cortextech.io/1dU3kpCqReRp93/1BSdBWIjCjnOO0/f152f853-8455-4771-898b-9351623a6e80.png,PAO,PAOK Thessaloniki,PAOK,PAOK,PBC,FALSE,https://media-cdn.cortextech.io/1dU3kpCqReRp93/1BSdBWIjChWbHH/0506e7c4-ec4b-460a-bc59-b033ad9e336c.png,EuroCup 2026-27,U2026,2026-27,U,2026,2026-07-01T00:00:00
JUJ,"HUERTAS, MARCELINHO",Marcelinho Huertas,Huertas,Huertas,MARCELO,TIEPPO HUERTAS,MARCELINHO,"Huertas, M.",ITA,Italy,190,84,1983-05-25T00:00:00,BRA,Brazil,,,,FALSE,NA,J,Player,TRUE,2026-09-08T11:57:40.941,2027-06-30T00:00:00,0,9,9,1,Guard,LA LAGUNA TENERIFE,56023,https://media-cdn.cortextech.io/1dU3kpCqReRp93/1BSdBWIjCjnOS4/886a2d49-ccfe-4a80-b15a-8cb49989548f.png,https://media-cdn.cortextech.io/1dU3kpCqReRp93/1BSdBWIjCjnOS4/886a2d49-ccfe-4a80-b15a-8cb49989548f.png,TNF,La Laguna Tenerife,LL Tenerife,La Laguna Tenerife,LLT,FALSE,https://media-cdn.cortextech.io/1dU3kpCqReRp93/1BSdBWIjCgOCpC/59bf7582-6c0b-4e14-bce6-1380aad90f34.png,EuroCup 2026-27,U2026,2026-27,U,2026,2026-07-01T00:00:00
007018,"HUNTER, VINCE",Vince Hunter,Hunter,Hunter,VINCENT SHAMAR,HUNTER,HUNTER,"Hunter, V.",USA,United States of America,203,94,1994-08-05T00:00:00,USA,United States of America,2easy32,iamvh32,,FALSE,NA,J,Player,TRUE,2026-09-08T11:57:41.63,2027-06-30T00:00:00,0,32,32,3,Center,LOKOMOTIV KUBAN,56025,https://media-cdn.cortextech.io/1dU3kpCqReRp93/1BSdBWIjCjnOS4/965a00ce-9146-4886-a035-2934111c0862.png,https://media-cdn.cortextech.io/1dU3kpCqReRp93/1BSdBWIjCjnOS4/965a00ce-9146-4886-a035-2934111c0862.png,TNF,La Laguna Tenerife,LL Tenerife,La Laguna Tenerife,LLT,FALSE,https://media-cdn.cortextech.io/1dU3kpCqReRp93/1BSdBWIjCgOCpC/59bf7582-6c0b-4e14-bce6-1380aad90f34.png,EuroCup 2026-27,U2026,2026-27,U,2026,2026-07-01T00:00:00
014222,"HURT, MATTHEW",Matthew Hurt,"HURT, MATTHEW","HURT, MATTHEW",MATTHEW CHRISTOPHER,HURT,HURT,NA,USA,United States of America,204,109,2000-04-20T00:00:00,USA,United States of America,,,,FALSE,NA,J,Player,TRUE,2026-09-08T11:07:23.809,2027-06-30T00:00:00,0,21,21,2,Forward,CEDEVITA OLIMPIJA,55971,https://media-cdn.cortextech.io/1dU3kpCqReRp93/1BSdBWIjCjnOO0/500031ac-6b19-4c08-bf04-9f927be01944.png,https://media-cdn.cortextech.io/1dU3kpCqReRp93/1BSdBWIjCjnOO0/500031ac-6b19-4c08-bf04-9f927be01944.png,LJU,Cedevita Olimpija Ljubljana,Cedevita Olimp,Cedevita Olimpija,COL,FALSE,https://media-cdn.incrowdsports.com/73b33d13-570e-4e49-a9cb-fe806831eaa7.png,EuroCup 2026-27,U2026,2026-27,U,2026,2026-07-01T00:00:00
014883,"ILIC, MILOS",Milos Ilic,"ILIC, MILOS","ILIC, MILOS",MILOS,ILIC,Ilic,NA,SRB,Serbia,205,109,2002-04-08T00:00:00,SRB,Serbia,,,,FALSE,NA,J,Player,TRUE,2026-09-08T12:28:08.98,2027-06-30T00:00:00,0,11,11,2,Forward,KK MLADOST,56064,https://media-cdn.cortextech.io/1dU3kpCqReRp93/1BSdBWIjCjnOO1/8c54ed0d-6a59-4e42-9a4a-c6188be50459.png,https://media-cdn.cortextech.io/1dU3kpCqReRp93/1BSdBWIjCjnOO1/8c54ed0d-6a59-4e42-9a4a-c6188be50459.png,LKB,Lietkabelis Panevezys,Lietkabelis,Lietkabelis,LIE,FALSE,https://media-cdn.cortextech.io/ffcb6e37-31f4-48f6-91c2-a8c9a6f791a9.png,EuroCup 2026-27,U2026,2026-27,U,2026,2026-07-01T00:00:00
014882,"ILIC, VELJKO",Veljko Ilic,"ILIC, VELJKO","ILIC, VELJKO",VELJKO,ILIC,ILIC,NA,SRB,Serbia,208,109,2002-04-08T00:00:00,SRB,Serbia,,,,FALSE,NA,J,Player,TRUE,2026-09-08T12:28:08.265,2027-06-30T00:00:00,0,8,8,3,Center,KK MLADOST,56061,NA,NA,LKB,Lietkabelis Panevezys,Lietkabelis,Lietkabelis,LIE,FALSE,https://media-cdn.cortextech.io/ffcb6e37-31f4-48f6-91c2-a8c9a6f791a9.png,EuroCup 2026-27,U2026,2026-27,U,2026,2026-07-01T00:00:00
012461,"ILLES, LUCA-IONUT",Luca-Ionut Illes,"ILLES, L.","ILLES, L.",LUCA-IONUT,ILLES,ILLES,,ROU,Romania,197,86,2007-01-08T00:00:00,ROU,Romania,,,,FALSE,NA,J,Player,TRUE,2026-09-08T10:47:26.257,2027-06-30T00:00:00,0,88,88,1,Guard,PARTIZAN KK BELGRADE,55941,https://media-cdn.cortextech.io/1dU3kpCqReRp93/1BSdBWIjCjnOS3/576cd647-71f0-4b82-89b6-91f8f89d5bf4.png,https://media-cdn.cortextech.io/1dU3kpCqReRp93/1BSdBWIjCjnOS3/576cd647-71f0-4b82-89b6-91f8f89d5bf4.png,CLU,U-BT Cluj-Napoca,U-BT Cluj,Cluj,UBT,FALSE,https://media-cdn.incrowdsports.com/ae3e2844-0615-41bb-a788-a4f0d54b8d5e.png,EuroCup 2026-27,U2026,2026-27,U,2026,2026-07-01T00:00:00
003960,"INGLIS, DAMIEN",Damien Inglis,"INGLIS,D.","INGLIS,D.",DAMIEN ROBERTO,INGLIS,INGLIS,"Inglis, D.",FRA,France,204,114,1995-05-20T00:00:00,FRA,France,,,,FALSE,NA,J,Player,TRUE,2026-09-08T16:21:54.687,2027-06-30T00:00:00,0,7,7,3,Center,YOKAHAMA B-CORSAIRS,56217,https://media-cdn.cortextech.io/1dU3kpCqReRp93/1BSdBWIjCjnOS1/5edf3b24-2b3e-4273-b19c-8f69f6de4dbb.png,https://media-cdn.cortextech.io/1dU3kpCqReRp93/1BSdBWIjCjnOS1/5edf3b24-2b3e-4273-b19c-8f69f6de4dbb.png,BAH,Bahcesehir College Istanbul,Bahcesehir,Bahcesehir,BKS,FALSE,https://media-cdn.incrowdsports.com/1d3274d8-da86-4d21-9e97-6810ab88babe.png,EuroCup 2026-27,U2026,2026-27,U,2026,2026-07-01T00:00:00
015051,"ISLAMOVIC, ALIJA",Alija Islamovic,"ISLAMOVIC, ALIJA","ISLAMOVIC, ALIJA",ALIJA,ISLAMOVIC,ISLAMOVIC,NA,BIH,Bosnia and Herzegovina,208,110,2001-05-10T00:00:00,BIH,Bosnia and Herzegovina,NA,NA,NA,FALSE,NA,J,Player,TRUE,2026-09-10T07:50:08.044,2027-06-30T00:00:00,0,33,33,3,Center,MORNAR BAR,56410,NA,NA,BOS,BOSNA BH Telecom Sarajevo,BOSNA,BOSNA,BOS,FALSE,https://media-cdn.cortextech.io/1dU3kpCqReRp93/1BSdBWIjCjnOJl/0024f0d4-55d9-4ed0-be41-68c0e90c41d5.png,EuroCup 2026-27,U2026,2026-27,U,2026,2026-07-01T00:00:00
014891,"IUZZOLINO, MICHAEL",Michael Iuzzolino,"IUZZOLINO, MICHAEL","IUZZOLINO, MICHAEL",MICHAEL GIOVANNI,IUZZOLINO,IUZZOLINO,NA,USA,United States of America,191,81,2001-08-28T00:00:00,USA,United States of America,,,,FALSE,NA,J,Player,TRUE,2026-09-08T12:47:55.268,2027-06-30T00:00:00,0,33,33,1,Guard,ST. VINCENT COLLEGE,56090,https://media-cdn.cortextech.io/1dU3kpCqReRp93/1BSdBWIjCjnOS5/3dd1692b-5935-4153-9d4c-7c07fb764158.png,https://media-cdn.cortextech.io/1dU3kpCqReRp93/1BSdBWIjCjnOS5/3dd1692b-5935-4153-9d4c-7c07fb764158.png,BCR,Roma Basketball,Roma,Roma,ROM,FALSE,https://media-cdn.cortextech.io/1dU3kpCqReRp93/1BSdBWIjCjnOS1/1e9e0379-db30-4234-89b0-19576709c285.png,EuroCup 2026-27,U2026,2026-27,U,2026,2026-07-01T00:00:00
001692,"IVANOV, PAVLIN",Pavlin Ivanov,Ivanov,Ivanov,PAVLIN,IVANOV,IVANOV,NA,BUL,Bulgaria,195,90,1993-03-28T00:00:00,BUL,Bulgaria,,,,FALSE,NA,J,Player,TRUE,2026-09-09T16:42:19.441,2027-06-30T00:00:00,0,10,10,1,Guard,SPARTAK PLEVEN,56385,NA,NA,BLK,Balkan Botevgrad,Balkan,Balkan,BLK,FALSE,https://media-cdn.cortextech.io/1dU3kpCqReRp93/1BSdBWIjCgOCpC/ba6e2d99-3ea9-4730-a0ce-830cccca4657.png,EuroCup 2026-27,U2026,2026-27,U,2026,2026-07-01T00:00:00
009429,"JAKIMOVSKI, ANDREJ",Andrej Jakimovski,"JAKIMOVSKI, ANDREJ","JAKIMOVSKI, ANDREJ",ANDREJ,JAKIMOVSKI,JAKIMOVSKI,"Jakimovski, A.",BUL,Bulgaria,203,98,2001-03-18T00:00:00,MKD,North Macedonia,,,,FALSE,NA,J,Player,TRUE,2026-09-10T09:32:50.405,2027-06-30T00:00:00,0,23,23,2,Forward,DOLOMITI ENERGIA TRENTINO,56420,NA,NA,NAP,Napoli Basketball,Napoli,Napoli,NAP,FALSE,https://media-cdn.cortextech.io/1dU3kpCqReRp93/1BSdBWIjCgOCpC/c2de1d20-72f4-4453-95de-b4534db6d57f.png,EuroCup 2026-27,U2026,2026-27,U,2026,2026-07-01T00:00:00
005422,"JALLOW, KARIM",Karim Jallow,Jallow,Jallow,KARIM JOHANNES,JALLOW,Jallow,"Jallow, K.",GER,Germany,198,90,1997-04-13T00:00:00,GER,Germany,jallow88,karim_jallow_,,FALSE,NA,J,Player,TRUE,2026-09-08T13:13:11.722,2027-06-30T00:00:00,0,35,35,2,Forward,VIRTUS BOLOGNA,56116,NA,NA,TRT,Baglietto Derthona Tortona,Derthona,Derthona,DER,FALSE,https://media-cdn.cortextech.io/1dU3kpCqReRp93/1BSdBWIjCjnONv/4976fa46-8eb4-471c-b6dd-4704866c5769.png,EuroCup 2026-27,U2026,2026-27,U,2026,2026-07-01T00:00:00
012588,"JANELIDZE, GIGA",Giga Janelidze,"JANELIDZE, GIGA","JANELIDZE, GIGA",GIGA,JANELIDZE,JANELIDZE,,ITA,Italy,201,100,1995-04-03T00:00:00,GEO,Georgia,,,,FALSE,NA,J,Player,TRUE,2026-09-08T10:37:34.027,2027-06-30T00:00:00,0,14,14,2,Forward,REYER VENEZIA,55916,https://media-cdn.cortextech.io/1dU3kpCqReRp93/1BSdBWIjCjnOS5/0e7f1c11-7ce4-4133-af34-c8965c5b99d4.png,https://media-cdn.cortextech.io/1dU3kpCqReRp93/1BSdBWIjCjnOS5/0e7f1c11-7ce4-4133-af34-c8965c5b99d4.png,VNC,Umana Reyer Venice,Reyer Venice,Reyer Venice,URV,FALSE,https://media-cdn.incrowdsports.com/104f5074-9f23-47da-a21f-f2078db8244c.png,EuroCup 2026-27,U2026,2026-27,U,2026,2026-07-01T00:00:00
004058,"JARAMAZ, OGNJEN",Ognjen Jaramaz,"JARAMAZ, O.","JARAMAZ, O.",OGNJEN,JARAMAZ,JARAMAZ,"Jaramaz, O.",SRB,Serbia,193,88,1995-09-01T00:00:00,SRB,Serbia,,jaramazognjen/,jaramazognjen/,FALSE,NA,J,Player,TRUE,2026-09-08T12:28:08.707,2027-06-30T00:00:00,0,10,10,1,Guard,CEDEVITA OLIMPIJA,56063,https://media-cdn.cortextech.io/1dU3kpCqReRp93/1BSdBWIjCjnOO1/45bd47e1-f2d2-4803-b490-e0e974a76c46.png,https://media-cdn.cortextech.io/1dU3kpCqReRp93/1BSdBWIjCjnOO1/45bd47e1-f2d2-4803-b490-e0e974a76c46.png,LKB,Lietkabelis Panevezys,Lietkabelis,Lietkabelis,LIE,FALSE,https://media-cdn.cortextech.io/ffcb6e37-31f4-48f6-91c2-a8c9a6f791a9.png,EuroCup 2026-27,U2026,2026-27,U,2026,2026-07-01T00:00:00
007604,"JARUMBAUSKAS, SIMAS",Simas Jarumbauskas,"JARUMBAUSKAS, SIMAS","JARUMBAUSKAS, SIMAS",SIMAS,JARUMBAUSKAS,Jarumbauskas,"Jarumbauskas, S.",LTU,Lithuania,197,102,2000-07-01T00:00:00,LTU,Lithuania,,,,FALSE,NA,J,Player,TRUE,2026-09-10T10:21:21.098,2027-06-30T00:00:00,0,17,17,2,Forward,VIENNA AUSTRIA,56429,https://media-cdn.cortextech.io/1dU3kpCqReRp93/1BSdBWIjCjnOO0/b3e9974b-0e62-47cc-9aad-14c401cb4ef9.png,https://media-cdn.cortextech.io/1dU3kpCqReRp93/1BSdBWIjCjnOO0/b3e9974b-0e62-47cc-9aad-14c401cb4ef9.png,SIA,Siauliai Basketball,Siauliai ,Siauliai ,SIA,FALSE,https://media-cdn.cortextech.io/1dU3kpCqReRp93/1BSdBWIjCgOCpC/55a49aa3-e91f-45cc-88d0-670896ce5825.png,EuroCup 2026-27,U2026,2026-27,U,2026,2026-07-01T00:00:00
001487,"JOGELA, TAURAS",Tauras Jogela,"JOGELA, TAURAS","JOGELA, TAURAS",TAURAS,JOGELA,JOGELA,"Jogela, T.",LTU,Lithuania,203,102,1993-05-02T00:00:00,LTU,Lithuania,,,,FALSE,NA,J,Player,TRUE,2026-09-10T10:38:47.935,2027-06-30T00:00:00,0,22,22,2,Forward,VALBZYCHO GORNIK ZAMEK POLAND,56434,https://media-cdn.cortextech.io/1dU3kpCqReRp93/1BSdBWIjCjnOO0/146ea5f6-99be-4295-bf2c-6be088d063c9.png,https://media-cdn.cortextech.io/1dU3kpCqReRp93/1BSdBWIjCjnOO0/146ea5f6-99be-4295-bf2c-6be088d063c9.png,SIA,Siauliai Basketball,Siauliai ,Siauliai ,SIA,FALSE,https://media-cdn.cortextech.io/1dU3kpCqReRp93/1BSdBWIjCgOCpC/55a49aa3-e91f-45cc-88d0-670896ce5825.png,EuroCup 2026-27,U2026,2026-27,U,2026,2026-07-01T00:00:00
015105,"JOHNSON, ISAAC",Isaac Johnson,"JOHNSON, ISAAC","JOHNSON, ISAAC",ISAAC RONALD,JOHNSON,JOHNSON,NA,USA,United States of America,213,109,2000-07-23T00:00:00,USA,United States of America,NA,NA,NA,FALSE,NA,J,Player,TRUE,2026-09-14T07:25:47.431,2027-06-30T00:00:00,0,33,33,3,Center,UNIVERSITY OF HAWAII,56530,https://media-cdn.cortextech.io/1dU3kpCqReRp93/1BSdBWIjCjnOS3/d9d9ce88-a7a3-4d84-a1a0-15517dfceed1.png,https://media-cdn.cortextech.io/1dU3kpCqReRp93/1BSdBWIjCjnOS3/d9d9ce88-a7a3-4d84-a1a0-15517dfceed1.png,RIG,Riga Zelli,Riga Zelli,Riga Zelli,RIG,FALSE,https://media-cdn.cortextech.io/1dU3kpCqReRp93/1BSdBWIjCgOCpC/0ab8fe2a-5972-48c5-bdff-f5159ca0abe7.png,EuroCup 2026-27,U2026,2026-27,U,2026,2026-07-01T00:00:00
014850,"JOHNSON, JAYCE",Jayce Johnson,"JOHNSON, JAYCE","JOHNSON, JAYCE",JAYCE RYBACK,JOHNSON,JOHNSON,NA,USA,United States of America,207,110,1997-08-01T00:00:00,USA,United States of America,,,,FALSE,NA,J,Player,TRUE,2026-09-08T11:04:50.767,2027-06-30T00:00:00,0,34,34,3,Center,GLINT MANISA BASKET,55970,https://media-cdn.cortextech.io/1dU3kpCqReRp93/1BSdBWIjCjnOO0/c0e63727-e72f-4c33-8982-ec092fefaa32.png,https://media-cdn.cortextech.io/1dU3kpCqReRp93/1BSdBWIjCjnOO0/c0e63727-e72f-4c33-8982-ec092fefaa32.png,LJU,Cedevita Olimpija Ljubljana,Cedevita Olimp,Cedevita Olimpija,COL,FALSE,https://media-cdn.incrowdsports.com/73b33d13-570e-4e49-a9cb-fe806831eaa7.png,EuroCup 2026-27,U2026,2026-27,U,2026,2026-07-01T00:00:00
012621,"JONES, BRYCE",Bryce Jones,"JONES, BRYCE","JONES, BRYCE",BRYCE TYLER,JONES JR,JONES,,USA,United States of America,183,75,1994-10-12T00:00:00,USA,United States of America,,,,FALSE,NA,J,Player,TRUE,2026-09-08T16:20:22.067,2027-06-30T00:00:00,0,32,32,1,Guard,ARIS THESSALONIKI BETSSON,56210,https://media-cdn.cortextech.io/1dU3kpCqReRp93/1BSdBWIjCjnOS3/17132ee1-76e4-46f3-a7cc-31730ed60708.png,https://media-cdn.cortextech.io/1dU3kpCqReRp93/1BSdBWIjCjnOS3/17132ee1-76e4-46f3-a7cc-31730ed60708.png,BUR,Tofas Bursa,Tofas Bursa,Tofas,TOF,FALSE,https://media-cdn.cortextech.io/1dU3kpCqReRp93/1BSdBWIjChWbHH/72e5c4e0-abe1-43ce-bfb7-dcb025bb4adc.png,EuroCup 2026-27,U2026,2026-27,U,2026,2026-07-01T00:00:00
013260,"JONES, DEVANTE",Devante Jones,"JONES, DEVANTE","JONES, DEVANTE",DEVANTE GIANNI,JONES,JONES,,USA,United States of America,183,91,1998-04-09T00:00:00,USA,United States of America,,,,FALSE,NA,J,Player,TRUE,2026-09-14T15:15:09.262,2027-06-30T00:00:00,0,3,3,1,Guard,TRENTO,56660,https://media-cdn.cortextech.io/1dU3kpCqReRp93/1BSdBWIjCjnONv/59b477e4-de93-4f37-9c78-9a1540a1bdaf.png,https://media-cdn.cortextech.io/1dU3kpCqReRp93/1BSdBWIjCjnONv/59b477e4-de93-4f37-9c78-9a1540a1bdaf.png,LLI,London Lions,London,London,LDN,FALSE,https://media-cdn.cortextech.io/102de468-9e41-4b8e-b44d-23bebb9e916f.png,EuroCup 2026-27,U2026,2026-27,U,2026,2026-07-01T00:00:00
014920,"JORDAN JR, KEITH",Keith Jordan Jr,"JORDAN JR, KEITH","JORDAN JR, KEITH","KEITH, BYNARD",JORDAN JR,JORDAN,NA,USA,United States of America,199,98,1998-03-25T00:00:00,USA,United States of America,,,,FALSE,NA,J,Player,TRUE,2026-09-08T15:56:51.987,2027-06-30T00:00:00,0,2,2,1,Guard,SABAH,56169,https://media-cdn.cortextech.io/1dU3kpCqReRp93/1BSdBWIjCjnOS0/dbf24776-9f18-4cad-bebb-76778b4ef95e.png,https://media-cdn.cortextech.io/1dU3kpCqReRp93/1BSdBWIjCjnOS0/dbf24776-9f18-4cad-bebb-76778b4ef95e.png,BOU,Cosea JL Bourg-en-Bresse,Cosea JL Bourg,Bourg,JLB,FALSE,https://media-cdn.incrowdsports.com/d4225e1b-7c1b-4382-98d4-ca8511c64441.png,EuroCup 2026-27,U2026,2026-27,U,2026,2026-07-01T00:00:00
010307,"JOVANOVIC, DORDIJE",Dordije Jovanovic,"JOVANOVIC, DORDIJE","JOVANOVIC, DORDIJE",DORDIJE,JOVANOVIC,JOVANOVIC,"Jovanovic, D.",MNE,Montenegro,200,96,2003-05-15T00:00:00,MNE,Montenegro,,,,FALSE,NA,J,Player,TRUE,2026-09-08T11:02:12.473,2027-06-30T00:00:00,0,13,13,2,Forward,BUDUCNOST VOLI,55953,https://media-cdn.cortextech.io/1dU3kpCqReRp93/1BSdBWIjCjnOS5/882cd7d2-ee5d-42b6-a5ed-4368f16b8e73.png,https://media-cdn.cortextech.io/1dU3kpCqReRp93/1BSdBWIjCjnOS5/882cd7d2-ee5d-42b6-a5ed-4368f16b8e73.png,BUD,Buducnost VOLI Podgorica,Buducnost VOLI,Buducnost,BUD,FALSE,https://media-cdn.incrowdsports.com/47161285-94b3-4266-9d23-b722e8600945.png,EuroCup 2026-27,U2026,2026-27,U,2026,2026-07-01T00:00:00
004863,"JOVIC, STEFAN",Stefan Jovic,Jovic,Jovic,STEFAN,JOVIC,JOVIC,"Jovic, S.",SRB,Serbia,196,98,1990-11-03T00:00:00,SRB,Serbia,,,,FALSE,NA,J,Player,TRUE,2026-09-08T15:37:26.088,2027-06-30T00:00:00,0,24,24,1,Guard,BAYERN MUNICH,56149,NA,NA,ARI,Aris Thessaloniki,Aris,Aris,ARI,FALSE,https://media-cdn.cortextech.io/77e0fd97-1489-4e3c-8e70-ca39075460c0.png,EuroCup 2026-27,U2026,2026-27,U,2026,2026-07-01T00:00:00
014941,"KABACA, SADIK",Sadik Kabaca,"KABACA, SADIK","KABACA, SADIK",SADIK EMIR,KABACA,KABACA,NA,TUR,Turkiye,208,111,2000-12-13T00:00:00,TUR,Turkiye,,,,FALSE,NA,J,Player,TRUE,2026-09-08T16:20:20.87,2027-06-30T00:00:00,0,6,6,2,Forward,TOFAS BURSA,56205,https://media-cdn.cortextech.io/1dU3kpCqReRp93/1BSdBWIjCjnOS1/53bc8ec9-62ae-44c2-9397-aa75d5a678c9.png,https://media-cdn.cortextech.io/1dU3kpCqReRp93/1BSdBWIjCjnOS1/53bc8ec9-62ae-44c2-9397-aa75d5a678c9.png,BUR,Tofas Bursa,Tofas Bursa,Tofas,TOF,FALSE,https://media-cdn.cortextech.io/1dU3kpCqReRp93/1BSdBWIjChWbHH/72e5c4e0-abe1-43ce-bfb7-dcb025bb4adc.png,EuroCup 2026-27,U2026,2026-27,U,2026,2026-07-01T00:00:00
013923,"KAHRAMAN, ATA",Ata Kahraman,"KAHRAMAN, ATA","KAHRAMAN, ATA",ATA,KAHRAMAN,KAHRAMAN,NA,TUR,Turkiye,195,85,1999-02-15T00:00:00,TUR,Turkiye,,,,FALSE,NA,J,Player,TRUE,2026-09-09T15:20:18.804,2027-06-30T00:00:00,0,6,6,1,Guard,TURK TELEKOM ANKARA,56342,https://media-cdn.cortextech.io/1dU3kpCqReRp93/1BSdBWIjCjnOS4/1131e5e0-4ab7-4ac9-a2b6-160ac910c7ef.png,https://media-cdn.cortextech.io/1dU3kpCqReRp93/1BSdBWIjCjnOS4/1131e5e0-4ab7-4ac9-a2b6-160ac910c7ef.png,TTK,Turk Telekom Ankara,Turk Telekom,Turk Telekom,TTA,FALSE,https://media-cdn.incrowdsports.com/4ba35608-54ca-4800-a59c-f2571e6f8e13.png,EuroCup 2026-27,U2026,2026-27,U,2026,2026-07-01T00:00:00
012005,"KAKLAMANAKIS, DIMITRIOS",Dimitrios Kaklamanakis,"KAKLAMANAKIS, DIMITRIOS","KAKLAMANAKIS, DIMITRIOS",DIMITRIOS,KAKLAMANAKIS,KAKLAMANAKIS,,GRE,Greece,206,106,1994-01-25T00:00:00,GRE,Greece,,,,FALSE,NA,J,Player,TRUE,2026-09-08T12:42:09.28,2027-06-30T00:00:00,0,14,14,3,Center,PERISTEI BC,56078,https://media-cdn.cortextech.io/1dU3kpCqReRp93/1BSdBWIjCjnOO0/d43d3cb2-0411-4f5d-8ee8-15a244f2bcef.png,https://media-cdn.cortextech.io/1dU3kpCqReRp93/1BSdBWIjCjnOO0/d43d3cb2-0411-4f5d-8ee8-15a244f2bcef.png,PAO,PAOK Thessaloniki,PAOK,PAOK,PBC,FALSE,https://media-cdn.cortextech.io/1dU3kpCqReRp93/1BSdBWIjChWbHH/0506e7c4-ec4b-460a-bc59-b033ad9e336c.png,EuroCup 2026-27,U2026,2026-27,U,2026,2026-07-01T00:00:00
015067,"KAMPUSS, GUSTAVS",Gustavs Kampuss,"KAMPUSS, GUSTAVS","KAMPUSS, GUSTAVS",GUSTAVS KARLIS,KAMPUSS,KAMPUSS,NA,LAT,Latvia,191,88,1999-10-26T00:00:00,LAT,Latvia,,,,FALSE,NA,J,Player,TRUE,2026-09-10T11:07:32.25,2027-06-30T00:00:00,0,6,6,1,Guard,BK OGRE,56441,https://media-cdn.cortextech.io/1dU3kpCqReRp93/1BSdBWIjCjnOS3/ec28e5a8-1a45-451b-85e6-5795e84c96bb.png,https://media-cdn.cortextech.io/1dU3kpCqReRp93/1BSdBWIjCjnOS3/ec28e5a8-1a45-451b-85e6-5795e84c96bb.png,RIG,Riga Zelli,Riga Zelli,Riga Zelli,RIG,FALSE,https://media-cdn.cortextech.io/1dU3kpCqReRp93/1BSdBWIjCgOCpC/0ab8fe2a-5972-48c5-bdff-f5159ca0abe7.png,EuroCup 2026-27,U2026,2026-27,U,2026,2026-07-01T00:00:00
015221,"KATAUSKAS, TITAS",Titas Katauskas,"KATAUSKAS, TITAS","KATAUSKAS, TITAS",TITAS,KATAUSKAS,KATAUSKAS,NA,LTU,Lithuania,184,74,2009-03-12T00:00:00,LTU,Lithuania,NA,NA,NA,FALSE,NA,J,Player,TRUE,2026-09-23T14:25:26.111,2027-06-30T00:00:00,0,72,72,1,Guard,KKSC PANEVEZYS,56988,NA,NA,LKB,Lietkabelis Panevezys,Lietkabelis,Lietkabelis,LIE,FALSE,https://media-cdn.cortextech.io/ffcb6e37-31f4-48f6-91c2-a8c9a6f791a9.png,EuroCup 2026-27,U2026,2026-27,U,2026,2026-07-01T00:00:00
013893,"KELLIG, LUCA",Luca Kellig,"KELLIG, LUCA","KELLIG, LUCA",LUCA,KELLIG,KELLIG,NA,GER,Germany,192,83,2006-02-27T00:00:00,GER,Germany,,,,FALSE,NA,J,Player,TRUE,2026-09-08T16:08:10.149,2027-06-30T00:00:00,0,13,13,1,Guard,NINERS CHEMNITZ,56188,NA,NA,NIN,NINERS Chemnitz,Chemnitz,Chemnitz,CHE,FALSE,https://media-cdn.cortextech.io/75ae96be-69f9-4e48-b5bd-b1056842db57.png,EuroCup 2026-27,U2026,2026-27,U,2026,2026-07-01T00:00:00
013311,"KENNEDY, KEONDRE",Keondre Kennedy,"KENNEDY, KEONDRE","KENNEDY, KEONDRE",KEONDRE D,KENNEDY,Kennedy,,USA,United States of America,198,85,2000-01-17T00:00:00,USA,United States of America,,,,FALSE,NA,J,Player,TRUE,2026-09-08T12:28:07.448,2027-06-30T00:00:00,0,0,0,2,Forward,KOLOSSOS H HOTELS,56058,https://media-cdn.cortextech.io/1dU3kpCqReRp93/1BSdBWIjCjnOO1/e963103c-5215-48db-b7e3-f91bf685ba08.png,https://media-cdn.cortextech.io/1dU3kpCqReRp93/1BSdBWIjCjnOO1/e963103c-5215-48db-b7e3-f91bf685ba08.png,LKB,Lietkabelis Panevezys,Lietkabelis,Lietkabelis,LIE,FALSE,https://media-cdn.cortextech.io/ffcb6e37-31f4-48f6-91c2-a8c9a6f791a9.png,EuroCup 2026-27,U2026,2026-27,U,2026,2026-07-01T00:00:00
013973,"KENNEDY, THOMAS",Thomas Kennedy,"KENNEDY, THOMAS","KENNEDY, THOMAS",THOMAS JOSEPH PATRICK,KENNEDY,KENNEDY,NA,IRL,Ireland,207,111,2000-09-01T00:00:00,CAN,Canada,,,,FALSE,NA,J,Player,TRUE,2026-09-14T15:15:11.956,2027-06-30T00:00:00,0,54,54,3,Center,CEDEVITA,56668,https://media-cdn.cortextech.io/1dU3kpCqReRp93/1BSdBWIjCjnONv/c54671f7-6d91-4cba-b643-c700b5367bec.png,https://media-cdn.cortextech.io/1dU3kpCqReRp93/1BSdBWIjCjnONv/c54671f7-6d91-4cba-b643-c700b5367bec.png,LLI,London Lions,London,London,LDN,FALSE,https://media-cdn.cortextech.io/102de468-9e41-4b8e-b44d-23bebb9e916f.png,EuroCup 2026-27,U2026,2026-27,U,2026,2026-07-01T00:00:00
015068,"KIKUSTS, KRISTERS",Kristers Kikusts,"KIKUSTS, KRISTERS","KIKUSTS, KRISTERS",KRISTERS,KIKUSTS,KIKUSTS,NA,LAT,Latvia,202,90,2007-09-26T00:00:00,LAT,Latvia,,,,FALSE,NA,J,Player,TRUE,2026-09-10T11:07:32.596,2027-06-30T00:00:00,0,12,12,2,Forward,GULBENES BUKI,56442,https://media-cdn.cortextech.io/1dU3kpCqReRp93/1BSdBWIjCjnOS3/11ed1069-078f-4c76-a6b6-b0357a89a676.png,https://media-cdn.cortextech.io/1dU3kpCqReRp93/1BSdBWIjCjnOS3/11ed1069-078f-4c76-a6b6-b0357a89a676.png,RIG,Riga Zelli,Riga Zelli,Riga Zelli,RIG,FALSE,https://media-cdn.cortextech.io/1dU3kpCqReRp93/1BSdBWIjCgOCpC/0ab8fe2a-5972-48c5-bdff-f5159ca0abe7.png,EuroCup 2026-27,U2026,2026-27,U,2026,2026-07-01T00:00:00
014867,"KING, JORDAN",Jordan King,"KING, JORDAN","KING, JORDAN","JORDAN, JAMES",KING,KING,NA,JAM,Jamaica,183,80,2001-03-02T00:00:00,USA,United States of America,,,,FALSE,NA,J,Player,TRUE,2026-09-08T12:04:08.608,2027-06-30T00:00:00,0,2,2,1,Guard,MAROUSSI,56032,https://media-cdn.cortextech.io/1dU3kpCqReRp93/1BSdBWIjCjnOS3/fbba33a9-8b31-4d60-8996-008c4ec667d5.png,https://media-cdn.cortextech.io/1dU3kpCqReRp93/1BSdBWIjCjnOS3/fbba33a9-8b31-4d60-8996-008c4ec667d5.png,LEM,Le Mans Sarthe Basket,Le Mans Sarthe,Le Mans Sarthe,MSB,FALSE,https://media-cdn.cortextech.io/1dU3kpCqReRp93/1BSdBWIjCgOCpC/b8ec3298-5030-4865-8469-722a21b471c3.png,EuroCup 2026-27,U2026,2026-27,U,2026,2026-07-01T00:00:00
014930,"KING, URALD",Urald King,"KING, URALD","KING, URALD",URALD REMEL,KING,KING,NA,USA,United States of America,198,98,1990-07-13T00:00:00,USA,United States of America,,,,FALSE,NA,J,Player,TRUE,2026-09-08T16:08:10.998,2027-06-30T00:00:00,0,20,20,2,Forward,VET-CONCEPT GLADIATORS TRIER,56191,NA,NA,NIN,NINERS Chemnitz,Chemnitz,Chemnitz,CHE,FALSE,https://media-cdn.cortextech.io/75ae96be-69f9-4e48-b5bd-b1056842db57.png,EuroCup 2026-27,U2026,2026-27,U,2026,2026-07-01T00:00:00
013920,"KIRKWOOD, NOAH",Noah Kirkwood,"KIRKWOOD, NOAH","KIRKWOOD, NOAH",NOAH ARTHUR,KIRKWOOD,KIRKWOOD,NA,CAN,Canada,200,110,1999-12-27T00:00:00,CAN,Canada,,,,FALSE,NA,J,Player,TRUE,2026-09-08T11:04:49.939,2027-06-30T00:00:00,0,22,22,2,Forward,SLASK WROCLAW,55967,https://media-cdn.cortextech.io/1dU3kpCqReRp93/1BSdBWIjCjnOO0/81f48ffd-d09e-43aa-b657-9f60b863898a.png,https://media-cdn.cortextech.io/1dU3kpCqReRp93/1BSdBWIjCjnOO0/81f48ffd-d09e-43aa-b657-9f60b863898a.png,LJU,Cedevita Olimpija Ljubljana,Cedevita Olimp,Cedevita Olimpija,COL,FALSE,https://media-cdn.incrowdsports.com/73b33d13-570e-4e49-a9cb-fe806831eaa7.png,EuroCup 2026-27,U2026,2026-27,U,2026,2026-07-01T00:00:00
007478,"KLASSEN, OWEN",Owen Klassen,"KLASSEN, OWEN","KLASSEN, OWEN",OWEN JAMES,KLASSEN,Klassen,"Klassen, O.",CAN,Canada,208,117,1991-10-31T00:00:00,CAN,Canada,,,,FALSE,NA,J,Player,TRUE,2026-09-08T12:48:33.647,2027-06-30T00:00:00,0,29,29,3,Center,ROSTOCK SEAWOLVES,56101,https://media-cdn.cortextech.io/1dU3kpCqReRp93/1BSdBWIjCjnOS5/6a7fa33e-1eae-4b26-a417-0dc17cba937b.png,https://media-cdn.cortextech.io/1dU3kpCqReRp93/1BSdBWIjCjnOS5/6a7fa33e-1eae-4b26-a417-0dc17cba937b.png,RTK,Rostock Seawolves, Rostock, Rostock,ROS,FALSE,https://media-cdn.cortextech.io/1dU3kpCqReRp93/1BSdBWIjCgOCpC/de14cdb9-c0f7-485f-84ac-f305ace44723.png,EuroCup 2026-27,U2026,2026-27,U,2026,2026-07-01T00:00:00
010582,"KLEPEISZ, THOMAS",Thomas Klepeisz,"KLEPEISZ, THOMAS","KLEPEISZ, THOMAS",THOMAS,KLEPEISZ,KLEPEISZ,"Klepeisz, T.",AUT,Austria,186,82,1991-08-04T00:00:00,AUT,Austria,TKlepeisz,tommyklepeisz,thomasklepeiszfanpage,FALSE,NA,J,Player,TRUE,2026-09-09T17:55:22.491,2027-06-30T00:00:00,0,22,22,1,Guard,RATIOPHARM ULM,56398,https://media-cdn.cortextech.io/1dU3kpCqReRp93/1BSdBWIjCjnOO1/8f3cfafe-bf35-4ee1-8722-09f2f6fcfaa9.png,https://media-cdn.cortextech.io/1dU3kpCqReRp93/1BSdBWIjCjnOO1/8f3cfafe-bf35-4ee1-8722-09f2f6fcfaa9.png,FRA,Skyliners Frankfurt,Skyliners,Skyliners,SKY,FALSE,https://media-cdn.cortextech.io/1dU3kpCqReRp93/1BSdBWIjCgOCpC/6afb32b8-e6dc-4f79-b14a-2d99fdb34cde.png,EuroCup 2026-27,U2026,2026-27,U,2026,2026-07-01T00:00:00
015046,"KLJESTAN, MILJAN",Miljan Kljestan,"KLJESTAN, MILJAN","KLJESTAN, MILJAN",MILJAN,KLJESTAN,KLJEŠTAN,NA,BIH,Bosnia and Herzegovina,190,81,2007-06-28T00:00:00,BIH,Bosnia and Herzegovina,NA,NA,NA,FALSE,NA,J,Player,TRUE,2026-09-10T07:41:11.775,2027-06-30T00:00:00,0,0,0,1,Guard,KK BOSNA BH TELECOM,56402,NA,NA,BOS,BOSNA BH Telecom Sarajevo,BOSNA,BOSNA,BOS,FALSE,https://media-cdn.cortextech.io/1dU3kpCqReRp93/1BSdBWIjCjnOJl/0024f0d4-55d9-4ed0-be41-68c0e90c41d5.png,EuroCup 2026-27,U2026,2026-27,U,2026,2026-07-01T00:00:00
015109,"KNAUF, JACOB",Jacob Knauf,"KNAUF, JACOB","KNAUF, JACOB",JACOB MARIA,KNAUF,Knauf,NA,GER,Germany,210,95,1997-03-12T00:00:00,GER,Germany,NA,NA,NA,FALSE,NA,J,Player,TRUE,2026-09-14T08:55:45.852,2027-06-30T00:00:00,0,25,25,3,Center,SKYLINERS FRANKFURT,56539,https://media-cdn.cortextech.io/1dU3kpCqReRp93/1BSdBWIjCjnOO1/c608df0f-bbed-431e-b152-41320b95183f.png,https://media-cdn.cortextech.io/1dU3kpCqReRp93/1BSdBWIjCjnOO1/c608df0f-bbed-431e-b152-41320b95183f.png,FRA,Skyliners Frankfurt,Skyliners,Skyliners,SKY,FALSE,https://media-cdn.cortextech.io/1dU3kpCqReRp93/1BSdBWIjCgOCpC/6afb32b8-e6dc-4f79-b14a-2d99fdb34cde.png,EuroCup 2026-27,U2026,2026-27,U,2026,2026-07-01T00:00:00
011165,"KOLENDA, LUKASZ",Lukasz Kolenda,"KOLENDA, LUKASZ","KOLENDA, LUKASZ",LUKASZ,KOLENDA,KOLENDA,"Kolenda, L.",POL,Poland,195,88,1999-07-28T00:00:00,POL,Poland,Kolendziakkk,kolendziakkk,,FALSE,NA,J,Player,TRUE,2026-09-08T11:41:11.25,2027-06-30T00:00:00,0,1,1,1,Guard,ROSTOCK SEAWOLVES,56002,https://media-cdn.cortextech.io/1dU3kpCqReRp93/1BSdBWIjCjnOS4/38733a29-dd4c-4a96-916e-1c4c1abd689e.png,https://media-cdn.cortextech.io/1dU3kpCqReRp93/1BSdBWIjCjnOS4/38733a29-dd4c-4a96-916e-1c4c1abd689e.png,MAN,Kids&Us Manresa,K&U Manresa,Manresa,MAN,FALSE,https://media-cdn.cortextech.io/1dU3kpCqReRp93/1BSdBWIjCgOCpC/06792bed-0383-4de2-80b9-95ecca3fd973.png,EuroCup 2026-27,U2026,2026-27,U,2026,2026-07-01T00:00:00
014899,"KONONTSUK, ARTUR",Artur Konontsuk,"KONONTSUK, ARTUR","KONONTSUK, ARTUR",ARTUR,KONONTSUK,KONONTSUK,NA,EST,Estonia,202,101,2000-05-09T00:00:00,EST,Estonia,,,,FALSE,NA,J,Player,TRUE,2026-09-08T12:48:34.469,2027-06-30T00:00:00,0,34,34,2,Forward,BURSASPOR,56104,https://media-cdn.cortextech.io/1dU3kpCqReRp93/1BSdBWIjCjnOS5/f2236b29-deeb-4066-b4fa-a5c68f953ad0.png,https://media-cdn.cortextech.io/1dU3kpCqReRp93/1BSdBWIjCjnOS5/f2236b29-deeb-4066-b4fa-a5c68f953ad0.png,RTK,Rostock Seawolves, Rostock, Rostock,ROS,FALSE,https://media-cdn.cortextech.io/1dU3kpCqReRp93/1BSdBWIjCgOCpC/de14cdb9-c0f7-485f-84ac-f305ace44723.png,EuroCup 2026-27,U2026,2026-27,U,2026,2026-07-01T00:00:00
011050,"KOPRIVICA, BALSA",Balsa Koprivica,"KOPRIVICA, BALŠA","KOPRIVICA, BALŠA",BALSA,KOPRIVICA,KOPRIVICA,"Koprivica, B.",SRB,Serbia,216,116,2000-05-01T00:00:00,SRB,Serbia,balsa_koprivica,balsa_koprivica,,FALSE,NA,J,Player,TRUE,2026-09-17T14:10:14.407,2027-06-30T00:00:00,0,7,7,3,Center,MEGA VIZURA,56800,NA,NA,BGS,Recoletas Salud San Pablo Burgos,Burgos,Burgos,BUR,FALSE,https://media-cdn.cortextech.io/1dU3kpCqReRp93/1BSdBWIjCgOCxM/40c97670-177e-4c74-9f5f-76b528a0da86.png,EuroCup 2026-27,U2026,2026-27,U,2026,2026-07-01T00:00:00
009193,"KOROMA, DWAYNE",Dwayne Koroma,"KOROMA, DWAYNE","KOROMA, DWAYNE",DWAYNE LEROY,KOROMA,Koroma,"Koroma, D.",GER,Germany,197,92,2001-04-28T00:00:00,GER,Germany,,,,FALSE,NA,J,Player,TRUE,2026-09-16T08:44:34.938,2027-06-30T00:00:00,0,3,3,2,Forward,UCONN HUSKIES,56721,https://media-cdn.cortextech.io/1dU3kpCqReRp93/1BSdBWIjCjnOO1/e7f5cff2-3a73-4c8f-bfb6-eba5c6bde0e8.png,https://media-cdn.cortextech.io/1dU3kpCqReRp93/1BSdBWIjCjnOO1/e7f5cff2-3a73-4c8f-bfb6-eba5c6bde0e8.png,ULM,ratiopharm ulm,Ulm,Ulm,ULM,FALSE,https://media-cdn.cortextech.io/5750bc8b-dd63-48e4-8586-10d4e5e2b4e2.png,EuroCup 2026-27,U2026,2026-27,U,2026,2026-07-01T00:00:00
004096,"KOSUT, EMIRCAN",Emircan Kosut,Kosut,Kosut,EMIRCAN,KOSUT,KOSUT,"Kosut, E.",TUR,Turkiye,216,112,1995-07-03T00:00:00,TUR,Turkiye,,,,FALSE,NA,J,Player,TRUE,2026-09-09T15:23:19.53,2027-06-30T00:00:00,0,9,9,3,Center,TURK TELEKOM ANKARA,56344,https://media-cdn.cortextech.io/1dU3kpCqReRp93/1BSdBWIjCjnOS4/3f4006a4-1263-40f9-86fb-264d612e228d.png,https://media-cdn.cortextech.io/1dU3kpCqReRp93/1BSdBWIjCjnOS4/3f4006a4-1263-40f9-86fb-264d612e228d.png,TTK,Turk Telekom Ankara,Turk Telekom,Turk Telekom,TTA,FALSE,https://media-cdn.incrowdsports.com/4ba35608-54ca-4800-a59c-f2571e6f8e13.png,EuroCup 2026-27,U2026,2026-27,U,2026,2026-07-01T00:00:00
013247,"KOVLIAR, OLEKSANDR",Oleksandr Kovliar,"KOVLIAR, OLEKSANDR","KOVLIAR, OLEKSANDR",OLEKSANDR,KOVLIAR,Oleksadr,,UKR,Ukraine,191,85,2002-06-26T00:00:00,UKR,Ukraine,,,,FALSE,NA,J,Player,TRUE,2026-09-08T11:02:13.46,2027-06-30T00:00:00,0,50,50,2,Forward,BUDUCNOST VOLI,55957,https://media-cdn.cortextech.io/1dU3kpCqReRp93/1BSdBWIjCjnOS5/760505b7-1953-4844-980b-1e380c0dc585.png,https://media-cdn.cortextech.io/1dU3kpCqReRp93/1BSdBWIjCjnOS5/760505b7-1953-4844-980b-1e380c0dc585.png,BUD,Buducnost VOLI Podgorica,Buducnost VOLI,Buducnost,BUD,FALSE,https://media-cdn.incrowdsports.com/47161285-94b3-4266-9d23-b722e8600945.png,EuroCup 2026-27,U2026,2026-27,U,2026,2026-07-01T00:00:00
009321,"KREISMONTAS, LUKAS",Lukas Kreismontas,"KREISMONTAS, LUKAS","KREISMONTAS, LUKAS",LUKAS,KREISMONTAS,KREIŠMONTAS,"Kreismontas, L.",LTU,Lithuania,197,94,2001-04-08T00:00:00,LTU,Lithuania,,,NA,FALSE,NA,J,Player,TRUE,2026-09-08T13:54:48.292,2027-06-30T00:00:00,0,88,88,2,Forward,JONAVA,56140,https://media-cdn.cortextech.io/1dU3kpCqReRp93/1BSdBWIjCjnOS5/7abd055f-d8a2-4c90-93b9-16a2d7688a53.png,https://media-cdn.cortextech.io/1dU3kpCqReRp93/1BSdBWIjCjnOS5/7abd055f-d8a2-4c90-93b9-16a2d7688a53.png,KLA,Neptunas Klaipeda,Neptunas,Neptunas,NEP,FALSE,https://media-cdn.cortextech.io/ed0df5cd-c9e4-4387-bcd4-3606270cd255.png,EuroCup 2026-27,U2026,2026-27,U,2026,2026-07-01T00:00:00
011688,"KROFLIC, URBAN",Urban Kroflic,"KROFLIC, URBAN","KROFLIC, URBAN",URBAN,KROFLIC,KROFLIC,,SLO,Slovenia,198,85,2006-03-28T00:00:00,SLO,Slovenia,,,,FALSE,NA,J,Player,TRUE,2026-09-08T11:04:50.263,2027-06-30T00:00:00,0,23,23,1,Guard,MEGA SUPERBET,55968,https://media-cdn.cortextech.io/1dU3kpCqReRp93/1BSdBWIjCjnOO0/aaba1ec9-8450-4516-9d64-7f2fcf963e73.png,https://media-cdn.cortextech.io/1dU3kpCqReRp93/1BSdBWIjCjnOO0/aaba1ec9-8450-4516-9d64-7f2fcf963e73.png,LJU,Cedevita Olimpija Ljubljana,Cedevita Olimp,Cedevita Olimpija,COL,FALSE,https://media-cdn.incrowdsports.com/73b33d13-570e-4e49-a9cb-fe806831eaa7.png,EuroCup 2026-27,U2026,2026-27,U,2026,2026-07-01T00:00:00
013918,"KULIKOWSKI, BLAZEJ",Blazej Kulikowski,"KULIKOWSKI, BLAZEJ","KULIKOWSKI, BLAZEJ",BLAZEJ,KULIKOWSKI,Kulikowski,NA,POL,Poland,193,89,2001-01-03T00:00:00,POL,Poland,,,,FALSE,NA,J,Player,TRUE,2026-09-21T07:56:13.034,2027-06-30T00:00:00,0,11,11,1,Guard,SLASK WROCLAW,56894,NA,NA,WRO,Slask Wroclaw,Slask,Slask,WKS,FALSE,https://media-cdn.incrowdsports.com/0415061b-5374-4a0d-bc04-8fcbc8ad0bb3.png,EuroCup 2026-27,U2026,2026-27,U,2026,2026-07-01T00:00:00
007729,"KULLAMAE, KRISTIAN",Kristian Kullamae,"KULLAMAE, KRISTIAN","KULLAMAE, KRISTIAN",KRISTIAN,KULLAMAE,KULLAMAE,"Kullamae, K.",EST,Estonia,194,88,1999-05-25T00:00:00,EST,Estonia,,,,FALSE,NA,J,Player,TRUE,2026-09-08T10:47:15.628,2027-06-30T00:00:00,0,77,77,1,Guard,BC LIETKABELIS,55940,https://media-cdn.cortextech.io/1dU3kpCqReRp93/1BSdBWIjCjnOS3/a5bda808-7fcf-4e9e-93b5-9347eb98f98d.png,https://media-cdn.cortextech.io/1dU3kpCqReRp93/1BSdBWIjCjnOS3/a5bda808-7fcf-4e9e-93b5-9347eb98f98d.png,CLU,U-BT Cluj-Napoca,U-BT Cluj,Cluj,UBT,FALSE,https://media-cdn.incrowdsports.com/ae3e2844-0615-41bb-a788-a4f0d54b8d5e.png,EuroCup 2026-27,U2026,2026-27,U,2026,2026-07-01T00:00:00
007265,"KURUCS, ARTURS",Arturs Kurucs,"KURUCS, ARTURS","KURUCS, ARTURS",ARTURS,KURUCS,KURUCS,"Kurucs, A.",LAT,Latvia,190,90,2000-01-19T00:00:00,LAT,Latvia,,kurucs.jr/,,FALSE,NA,J,Player,TRUE,2026-09-08T11:57:42.186,2027-06-30T00:00:00,0,47,47,1,Guard,CB BREOGAN,56027,https://media-cdn.cortextech.io/1dU3kpCqReRp93/1BSdBWIjCjnOS4/3f404ee9-a8d8-48e3-864d-c069786ef5c0.png,https://media-cdn.cortextech.io/1dU3kpCqReRp93/1BSdBWIjCjnOS4/3f404ee9-a8d8-48e3-864d-c069786ef5c0.png,TNF,La Laguna Tenerife,LL Tenerife,La Laguna Tenerife,LLT,FALSE,https://media-cdn.cortextech.io/1dU3kpCqReRp93/1BSdBWIjCgOCpC/59bf7582-6c0b-4e14-bce6-1380aad90f34.png,EuroCup 2026-27,U2026,2026-27,U,2026,2026-07-01T00:00:00
005266,"LABANCA, ANTONY",Antony Labanca,Labanca,Labanca,ANTONY,LABANCA,LABANCA,"Labanca, A.",FRA,France,192,92,1994-07-20T00:00:00,FRA,France,,,,FALSE,NA,J,Player,TRUE,2026-09-08T15:56:53.362,2027-06-30T00:00:00,0,8,8,1,Guard,COSEA JL BOURG,56174,https://media-cdn.cortextech.io/1dU3kpCqReRp93/1BSdBWIjCjnOS0/1e4bda8a-1f4a-4f13-a6f9-e03de69d45b9.png,https://media-cdn.cortextech.io/1dU3kpCqReRp93/1BSdBWIjCjnOS0/1e4bda8a-1f4a-4f13-a6f9-e03de69d45b9.png,BOU,Cosea JL Bourg-en-Bresse,Cosea JL Bourg,Bourg,JLB,FALSE,https://media-cdn.incrowdsports.com/d4225e1b-7c1b-4382-98d4-ca8511c64441.png,EuroCup 2026-27,U2026,2026-27,U,2026,2026-07-01T00:00:00
013272,"LAMB, ANTHONY",Anthony Lamb,"LAMB, ANTHONY","LAMB, ANTHONY",ANTHONY MILES,LAMB,LAMB,,USA,United States of America,198,103,1998-01-20T00:00:00,USA,United States of America,,,,FALSE,NA,J,Player,TRUE,2026-09-09T15:26:09.611,2027-06-30T00:00:00,0,22,22,2,Forward,HAPOEL MIDTOWN JERUSALEM,56347,https://media-cdn.cortextech.io/1dU3kpCqReRp93/1BSdBWIjCjnOS4/9d898b59-08fa-4175-908b-a662cf32224f.png,https://media-cdn.cortextech.io/1dU3kpCqReRp93/1BSdBWIjCjnOS4/9d898b59-08fa-4175-908b-a662cf32224f.png,TTK,Turk Telekom Ankara,Turk Telekom,Turk Telekom,TTA,FALSE,https://media-cdn.incrowdsports.com/4ba35608-54ca-4800-a59c-f2571e6f8e13.png,EuroCup 2026-27,U2026,2026-27,U,2026,2026-07-01T00:00:00
009758,"LANSDOWNE, DEANDRE",Deandre Lansdowne,"LANSDOWNE, DEANDRE","LANSDOWNE, DEANDRE",DEANDRE JOHN,LANSDOWNE,LANSDOWNE,"Lansdowne, D.",USA,United States of America,188,91,1989-06-06T00:00:00,USA,United States of America,,,,FALSE,NA,J,Player,TRUE,2026-09-08T12:48:32.67,2027-06-30T00:00:00,0,9,9,1,Guard,ROSTOCK SEAWOLVES,56097,https://media-cdn.cortextech.io/1dU3kpCqReRp93/1BSdBWIjCjnOS5/02bb04f3-1f85-4953-82fb-2583461f0aad.png,https://media-cdn.cortextech.io/1dU3kpCqReRp93/1BSdBWIjCjnOS5/02bb04f3-1f85-4953-82fb-2583461f0aad.png,RTK,Rostock Seawolves, Rostock, Rostock,ROS,FALSE,https://media-cdn.cortextech.io/1dU3kpCqReRp93/1BSdBWIjCgOCpC/de14cdb9-c0f7-485f-84ac-f305ace44723.png,EuroCup 2026-27,U2026,2026-27,U,2026,2026-07-01T00:00:00
013261,"LEMAR, BRYNTON",Brynton Lemar,"LEMAR, BRYNTON","LEMAR, BRYNTON",BRYNTON JEVON,LEMAR,LEMAR,,USA,United States of America,191,92,1995-01-23T00:00:00,USA,United States of America,,,,FALSE,NA,J,Player,TRUE,2026-09-09T11:27:02.578,2027-06-30T00:00:00,0,11,11,1,Guard,BESIKTAS ISTANBUL,56303,NA,NA,MRO,Maxima Roma,Maxima Roma,Maxima Roma,RMA,FALSE,https://media-cdn.cortextech.io/1dU3kpCqReRp93/1BSdBWIjChWbHH/f1547a87-c0bf-41ab-bf7e-a0001649430d.png,EuroCup 2026-27,U2026,2026-27,U,2026,2026-07-01T00:00:00
009197,"LEUCHTEN, BENT",Bent Leuchten,"LEUCHTEN, BENT","LEUCHTEN, BENT",BENT MATHIS,LEUCHTEN,LEUCHTEN,"Leuchten, B.",GER,Germany,214,120,2002-11-06T00:00:00,GER,Germany,,,,FALSE,NA,J,Player,TRUE,2026-09-08T12:48:34.697,2027-06-30T00:00:00,0,51,51,3,Center,ROSTOCK SEAWOLVES,56105,https://media-cdn.cortextech.io/1dU3kpCqReRp93/1BSdBWIjCjnOS5/c2f87d76-da0f-4cfc-8d33-a5181c144e5f.png,https://media-cdn.cortextech.io/1dU3kpCqReRp93/1BSdBWIjCjnOS5/c2f87d76-da0f-4cfc-8d33-a5181c144e5f.png,RTK,Rostock Seawolves, Rostock, Rostock,ROS,FALSE,https://media-cdn.cortextech.io/1dU3kpCqReRp93/1BSdBWIjCgOCpC/de14cdb9-c0f7-485f-84ac-f305ace44723.png,EuroCup 2026-27,U2026,2026-27,U,2026,2026-07-01T00:00:00
007768,"LEVI, NIMROD",Nimrod Levi,"LEVI, NIMROD","LEVI, NIMROD",NIMROD,LEVI,Levi,"Levi, N.",ISR,Israel,208,86,1995-03-24T00:00:00,ISR,Israel,,,,FALSE,NA,J,Player,TRUE,2026-09-08T12:13:16.425,2027-06-30T00:00:00,0,15,15,2,Forward,HAPOEL MIDTOWN JERUSALEM,56046,https://media-cdn.cortextech.io/1dU3kpCqReRp93/1BSdBWIjCjnOS5/98f25115-5478-44cc-9ffb-a2baf12a0cef.png,https://media-cdn.cortextech.io/1dU3kpCqReRp93/1BSdBWIjCjnOS5/98f25115-5478-44cc-9ffb-a2baf12a0cef.png,JER,Hapoel Midtown Jerusalem,Hapoel JLM,Jerusalem,JLM,FALSE,https://media-cdn.cortextech.io/1dU3kpCqReRp93/1BSdBWIjCiezvp/6d6e8da8-550f-4d1f-8a06-4611227e0c31.png,EuroCup 2026-27,U2026,2026-27,U,2026,2026-07-01T00:00:00
015120,"LEWIS III, MAXWELL",Maxwell Lewis III,"LEWIS III, MAXWELL","LEWIS III, MAXWELL",MAXWELL ROBERT,LEWIS III,Lewis III,NA,USA,United States of America,201,97,2002-07-27T00:00:00,USA,United States of America,,,,FALSE,NA,J,Player,TRUE,2026-09-14T15:15:52.962,2027-06-30T00:00:00,0,2,2,2,Forward,JUVENTUS,56669,https://media-cdn.cortextech.io/1dU3kpCqReRp93/1BSdBWIjCjnONv/3d8d811c-f86c-4c56-a614-6b83c1f20c29.png,https://media-cdn.cortextech.io/1dU3kpCqReRp93/1BSdBWIjCjnONv/3d8d811c-f86c-4c56-a614-6b83c1f20c29.png,LLI,London Lions,London,London,LDN,FALSE,https://media-cdn.cortextech.io/102de468-9e41-4b8e-b44d-23bebb9e916f.png,EuroCup 2026-27,U2026,2026-27,U,2026,2026-07-01T00:00:00
014911,"LIDDELL, E.J",E.j Liddell,"LIDDELL, E.J","LIDDELL, E.J",ERIC MICHAEL,LIDDELL JR,Liddell,NA,USA,United States of America,200,108,2000-12-18T00:00:00,USA,United States of America,,,,FALSE,NA,J,Player,TRUE,2026-09-08T15:37:26.542,2027-06-30T00:00:00,0,32,32,2,Forward,BROOKLYN NETS,56151,NA,NA,ARI,Aris Thessaloniki,Aris,Aris,ARI,FALSE,https://media-cdn.cortextech.io/77e0fd97-1489-4e3c-8e70-ca39075460c0.png,EuroCup 2026-27,U2026,2026-27,U,2026,2026-07-01T00:00:00
010079,"LIEDTKE, LENNY",Lenny Liedtke,"LIEDTKE, LENNY","LIEDTKE, LENNY",LENNY,LIEDTKE,Liedtke,"Liedtke, L.",GER,Germany,198,100,2004-02-08T00:00:00,GER,Germany,,,,FALSE,NA,J,Player,TRUE,2026-09-08T15:51:58.152,2027-06-30T00:00:00,0,55,55,2,Forward,MEDIKAMENTE PER KLICK BAYREUTH,56167,https://media-cdn.cortextech.io/1dU3kpCqReRp93/1BSdBWIjCjnOO1/b1466d32-56c1-4c8d-821f-2170ad11476c.png,https://media-cdn.cortextech.io/1dU3kpCqReRp93/1BSdBWIjCjnOO1/b1466d32-56c1-4c8d-821f-2170ad11476c.png,ULM,ratiopharm ulm,Ulm,Ulm,ULM,FALSE,https://media-cdn.cortextech.io/5750bc8b-dd63-48e4-8586-10d4e5e2b4e2.png,EuroCup 2026-27,U2026,2026-27,U,2026,2026-07-01T00:00:00
015050,"LIVADIC, DAUT",Daut Livadic,"LIVADIC, DAUT","LIVADIC, DAUT",DAUT,LIVADIC,Livadic,NA,BIH,Bosnia and Herzegovina,208,99,2007-08-28T00:00:00,BIH,Bosnia and Herzegovina,NA,NA,NA,FALSE,NA,J,Player,TRUE,2026-09-10T07:50:07.755,2027-06-30T00:00:00,0,22,22,3,Center,KK BOSNA BH TELECOM,56409,NA,NA,BOS,BOSNA BH Telecom Sarajevo,BOSNA,BOSNA,BOS,FALSE,https://media-cdn.cortextech.io/1dU3kpCqReRp93/1BSdBWIjCjnOJl/0024f0d4-55d9-4ed0-be41-68c0e90c41d5.png,EuroCup 2026-27,U2026,2026-27,U,2026,2026-07-01T00:00:00
014838,"LIVINGSTON II, OTIS",Otis Livingston II,"LIVINGSTON II, OTIS","LIVINGSTON II, OTIS",OTIS ANTOINE,LIVINGSTON JR,LIVINGSTON II,NA,USA,United States of America,177,79,1996-10-12T00:00:00,USA,United States of America,,,,FALSE,NA,J,Player,TRUE,2026-09-08T10:47:12.093,2027-06-30T00:00:00,0,0,0,1,Guard,CLUB BASQUET GIRONA,55926,https://media-cdn.cortextech.io/1dU3kpCqReRp93/1BSdBWIjCjnOS3/ef5ef217-0991-4ad9-bf23-4128399d6e91.png,https://media-cdn.cortextech.io/1dU3kpCqReRp93/1BSdBWIjCjnOS3/ef5ef217-0991-4ad9-bf23-4128399d6e91.png,CLU,U-BT Cluj-Napoca,U-BT Cluj,Cluj,UBT,FALSE,https://media-cdn.incrowdsports.com/ae3e2844-0615-41bb-a788-a4f0d54b8d5e.png,EuroCup 2026-27,U2026,2026-27,U,2026,2026-07-01T00:00:00
015096,"LOBACO, RAUL",Raul Lobaco,"LOBACO, RAUL","LOBACO, RAUL",RAUL,LOBACO MUNOZ,LOBACO,NA,ESP,Spain,190,85,2000-11-29T00:00:00,ESP,Spain,,,,FALSE,NA,J,Player,TRUE,2026-09-10T14:33:48.639,2027-06-30T00:00:00,0,55,55,1,Guard,ALIMERKA OVIEDO,56498,NA,NA,BGS,Recoletas Salud San Pablo Burgos,Burgos,Burgos,BUR,FALSE,https://media-cdn.cortextech.io/1dU3kpCqReRp93/1BSdBWIjCgOCxM/40c97670-177e-4c74-9f5f-76b528a0da86.png,EuroCup 2026-27,U2026,2026-27,U,2026,2026-07-01T00:00:00
015211,"LOBERBOUM, SHACHAR",Shachar Loberboum,"LOBERBOUM, SHACHAR","LOBERBOUM, SHACHAR",SHACHAR,LOBERBOUM,7,NA,ISR,Israel,0,0,2008-07-22T00:00:00,ISR,Israel,NA,NA,NA,FALSE,NA,J,Player,TRUE,2026-09-23T11:00:11.952,2027-06-30T00:00:00,0,7,7,1,Guard,HAPOEL MIDTOWN JERUSALEM,56971,https://media-cdn.cortextech.io/1dU3kpCqReRp93/1BSdBWIjCjnOS5/8fc39710-97b6-4c1e-9c17-44bf82c265bb.png,https://media-cdn.cortextech.io/1dU3kpCqReRp93/1BSdBWIjCjnOS5/8fc39710-97b6-4c1e-9c17-44bf82c265bb.png,JER,Hapoel Midtown Jerusalem,Hapoel JLM,Jerusalem,JLM,FALSE,https://media-cdn.cortextech.io/1dU3kpCqReRp93/1BSdBWIjCiezvp/6d6e8da8-550f-4d1f-8a06-4611227e0c31.png,EuroCup 2026-27,U2026,2026-27,U,2026,2026-07-01T00:00:00
004811,"LOCKHART, DOMINIC",Dominic Lockhart,Lockhart,Lockhart,DOMINIC JOHNNY,LOCKHART,LOCKHART,"Lockhart, D.",GER,Germany,199,103,1994-07-03T00:00:00,GER,Germany,,,,FALSE,NA,J,Player,TRUE,2026-09-08T12:48:31.679,2027-06-30T00:00:00,0,3,3,2,Forward,ROSTOCK SEAWOLVES,56093,https://media-cdn.cortextech.io/1dU3kpCqReRp93/1BSdBWIjCjnOS5/a86938ec-123e-49b6-becb-10652418bba9.png,https://media-cdn.cortextech.io/1dU3kpCqReRp93/1BSdBWIjCjnOS5/a86938ec-123e-49b6-becb-10652418bba9.png,RTK,Rostock Seawolves, Rostock, Rostock,ROS,FALSE,https://media-cdn.cortextech.io/1dU3kpCqReRp93/1BSdBWIjCgOCpC/de14cdb9-c0f7-485f-84ac-f305ace44723.png,EuroCup 2026-27,U2026,2026-27,U,2026,2026-07-01T00:00:00
014903,"LOFTON JR, KENNY",Kenny Lofton Jr,"LOFTON JR, KENNY","LOFTON JR, KENNY",KENNETH WAYNE,LOFTON JR,Lofton jr,NA,USA,United States of America,0,0,2002-08-14T00:00:00,USA,United States of America,,,,FALSE,NA,J,Player,TRUE,2026-09-08T13:34:31.176,2027-06-30T00:00:00,0,2,2,2,Forward,SHANGHAI SHARKS,56119,https://media-cdn.cortextech.io/1dU3kpCqReRp93/1BSdBWIjCjnOS5/adc66baa-c97f-447c-984e-a09f64728a54.png,https://media-cdn.cortextech.io/1dU3kpCqReRp93/1BSdBWIjCjnOS5/adc66baa-c97f-447c-984e-a09f64728a54.png,JER,Hapoel Midtown Jerusalem,Hapoel JLM,Jerusalem,JLM,FALSE,https://media-cdn.cortextech.io/1dU3kpCqReRp93/1BSdBWIjCiezvp/6d6e8da8-550f-4d1f-8a06-4611227e0c31.png,EuroCup 2026-27,U2026,2026-27,U,2026,2026-07-01T00:00:00
014896,"LOLL, BRUNO",Bruno Loll,"LOLL, BRUNO","LOLL, BRUNO",BRUNO,LOLL,LOLL,NA,GER,Germany,202,108,2007-03-26T00:00:00,GER,Germany,,,,FALSE,NA,J,Player,TRUE,2026-09-08T12:48:33.214,2027-06-30T00:00:00,0,20,20,3,Center,ROSTOCK SEAWOLVES,56099,https://media-cdn.cortextech.io/1dU3kpCqReRp93/1BSdBWIjCjnOS5/617f728b-6d42-4e8e-902d-8dad931adbf3.png,https://media-cdn.cortextech.io/1dU3kpCqReRp93/1BSdBWIjCjnOS5/617f728b-6d42-4e8e-902d-8dad931adbf3.png,RTK,Rostock Seawolves, Rostock, Rostock,ROS,FALSE,https://media-cdn.cortextech.io/1dU3kpCqReRp93/1BSdBWIjCgOCpC/de14cdb9-c0f7-485f-84ac-f305ace44723.png,EuroCup 2026-27,U2026,2026-27,U,2026,2026-07-01T00:00:00
005553,"LOMAZS, RIHARDS",Rihards Lomazs,"LOMAZS, RIHARDS","LOMAZS, RIHARDS",RIHARDS,LOMAZS,LOMAZS,"Lomazs, R.",LAT,Latvia,191,90,1996-04-13T00:00:00,LAT,Latvia,,,,FALSE,NA,J,Player,TRUE,2026-09-24T11:18:10.77,2027-06-30T00:00:00,0,6,6,1,Guard,NEPTUNAS,57005,NA,NA,LJU,Cedevita Olimpija Ljubljana,Cedevita Olimp,Cedevita Olimpija,COL,FALSE,https://media-cdn.incrowdsports.com/73b33d13-570e-4e49-a9cb-fe806831eaa7.png,EuroCup 2026-27,U2026,2026-27,U,2026,2026-07-01T00:00:00
005356,"LOPEZ-AROSTEGUI, XABI",Xabi Lopez-Arostegui,"LOPEZ, XABI","LOPEZ, XABI",XABIER,LOPEZ-AROSTEGUI,LOPEZ-AROSTEGUI,"Lopez, X.",ESP,Spain,200,92,1997-05-19T00:00:00,ESP,Spain,xabi6lopez,xabi6lopez,,FALSE,NA,J,Player,TRUE,2026-09-08T11:57:40.6,2027-06-30T00:00:00,0,7,7,2,Forward,VALENCIA BASKET,56022,https://media-cdn.cortextech.io/1dU3kpCqReRp93/1BSdBWIjCjnOS4/067f9269-945f-48b5-b5bf-8c86739bed79.png,https://media-cdn.cortextech.io/1dU3kpCqReRp93/1BSdBWIjCjnOS4/067f9269-945f-48b5-b5bf-8c86739bed79.png,TNF,La Laguna Tenerife,LL Tenerife,La Laguna Tenerife,LLT,FALSE,https://media-cdn.cortextech.io/1dU3kpCqReRp93/1BSdBWIjCgOCpC/59bf7582-6c0b-4e14-bce6-1380aad90f34.png,EuroCup 2026-27,U2026,2026-27,U,2026,2026-07-01T00:00:00
015167,"LUC, KYRELL",Kyrell Luc,"LUC, KYRELL","LUC, KYRELL","KYRELL, DEAUDRE",LUC,LUC,NA,USA,United States of America,180,77,2002-05-21T00:00:00,USA,United States of America,NA,NA,NA,FALSE,NA,J,Player,TRUE,2026-09-21T07:56:12.768,2027-06-30T00:00:00,0,4,4,1,Guard,SLASK WROCLAW,56893,NA,NA,WRO,Slask Wroclaw,Slask,Slask,WKS,FALSE,https://media-cdn.incrowdsports.com/0415061b-5374-4a0d-bc04-8fcbc8ad0bb3.png,EuroCup 2026-27,U2026,2026-27,U,2026,2026-07-01T00:00:00
006158,"LUKOSIUNAS, KAROLIS",Karolis Lukosiunas,"LUKOSIUNAS, KAROLIS","LUKOSIUNAS, KAROLIS",KAROLIS,LUKOSIUNAS,LUKOSIUNAS,"Lukosiunas, K.",LTU,Lithuania,195,88,1997-08-04T00:00:00,LTU,Lithuania,,lukosiunas_16/,,FALSE,NA,J,Player,TRUE,2026-09-10T10:21:20.855,2027-06-30T00:00:00,0,16,16,1,Guard,LONDON LIONS,56428,https://media-cdn.cortextech.io/1dU3kpCqReRp93/1BSdBWIjCjnOO0/5b4c2a70-efc9-4198-8426-1fa9d51f464e.png,https://media-cdn.cortextech.io/1dU3kpCqReRp93/1BSdBWIjCjnOO0/5b4c2a70-efc9-4198-8426-1fa9d51f464e.png,SIA,Siauliai Basketball,Siauliai ,Siauliai ,SIA,FALSE,https://media-cdn.cortextech.io/1dU3kpCqReRp93/1BSdBWIjCgOCpC/55a49aa3-e91f-45cc-88d0-670896ce5825.png,EuroCup 2026-27,U2026,2026-27,U,2026,2026-07-01T00:00:00
014902,"MADDOX JR, DANTE",Dante Maddox Jr,"MADDOX JR, DANTE","MADDOX JR, DANTE",DANTE TELANIOUS,MADDOX JR,MADDOX JR,NA,USA,United States of America,188,85,2002-01-15T00:00:00,USA,United States of America,,,,FALSE,NA,J,Player,TRUE,2026-09-08T13:13:11.255,2027-06-30T00:00:00,0,21,21,1,Guard,PHILADELPHIA 76ERS,56114,NA,NA,TRT,Baglietto Derthona Tortona,Derthona,Derthona,DER,FALSE,https://media-cdn.cortextech.io/1dU3kpCqReRp93/1BSdBWIjCjnONv/4976fa46-8eb4-471c-b6dd-4704866c5769.png,EuroCup 2026-27,U2026,2026-27,U,2026,2026-07-01T00:00:00
012630,"MAGEE, FLETCHER",Fletcher Magee,"MAGEE, FLETCHER YATES","MAGEE, FLETCHER YATES",FLETCHER YATES,MAGEE,Magee,,USA,United States of America,193,91,1996-11-13T00:00:00,USA,United States of America,,,,FALSE,NA,J,Player,TRUE,2026-09-08T11:02:11.384,2027-06-30T00:00:00,0,3,3,1,Guard,BUDUCNOST VOLI,55949,https://media-cdn.cortextech.io/1dU3kpCqReRp93/1BSdBWIjCjnOS5/bf90003c-39e3-4964-9693-ea2a3c20faca.png,https://media-cdn.cortextech.io/1dU3kpCqReRp93/1BSdBWIjCjnOS5/bf90003c-39e3-4964-9693-ea2a3c20faca.png,BUD,Buducnost VOLI Podgorica,Buducnost VOLI,Buducnost,BUD,FALSE,https://media-cdn.incrowdsports.com/47161285-94b3-4266-9d23-b722e8600945.png,EuroCup 2026-27,U2026,2026-27,U,2026,2026-07-01T00:00:00
010461,"MALDUNAS, GABRIELIUS",Gabrielius Maldunas,"MALDUNAS, GABRIELIUS","MALDUNAS, GABRIELIUS",GABRIELIUS,MALDUNAS,Maldunas,"Maldunas, G.",LTU,Lithuania,206,105,1993-04-19T00:00:00,LTU,Lithuania,Maldunas,maldunas,,FALSE,NA,J,Player,TRUE,2026-09-08T18:38:51.045,2027-06-30T00:00:00,0,12,12,3,Center,LIETKABELIS PANEVEZYS,56227,https://media-cdn.cortextech.io/1dU3kpCqReRp93/1BSdBWIjCjnOO1/def61a0c-6a1e-4895-8fbf-a367e0d982d6.png,https://media-cdn.cortextech.io/1dU3kpCqReRp93/1BSdBWIjCjnOO1/def61a0c-6a1e-4895-8fbf-a367e0d982d6.png,LKB,Lietkabelis Panevezys,Lietkabelis,Lietkabelis,LIE,FALSE,https://media-cdn.cortextech.io/ffcb6e37-31f4-48f6-91c2-a8c9a6f791a9.png,EuroCup 2026-27,U2026,2026-27,U,2026,2026-07-01T00:00:00
011064,"MANNION, NICCOLO",Niccolo Mannion,"MANNION, NICCOLO","MANNION, NICCOLO",NICCOLO,MANNION,MANNION,"Mannion, N.",ITA,Italy,190,85,2001-03-14T00:00:00,ITA,Italy,niccolomannion,niccolo,,FALSE,NA,J,Player,TRUE,2026-09-08T12:47:53.749,2027-06-30T00:00:00,0,1,1,1,Guard,EA7 EMPORTIO ARMANI MILANO,56084,https://media-cdn.cortextech.io/1dU3kpCqReRp93/1BSdBWIjCjnOS5/0725422d-c163-4fe8-b50d-2874f7cc05c5.png,https://media-cdn.cortextech.io/1dU3kpCqReRp93/1BSdBWIjCjnOS5/0725422d-c163-4fe8-b50d-2874f7cc05c5.png,BCR,Roma Basketball,Roma,Roma,ROM,FALSE,https://media-cdn.cortextech.io/1dU3kpCqReRp93/1BSdBWIjCjnOS1/1e9e0379-db30-4234-89b0-19576709c285.png,EuroCup 2026-27,U2026,2026-27,U,2026,2026-07-01T00:00:00
011664,"MARETTO, OCTAVIO",Octavio Maretto,"MARETTO, OCTAVIO","MARETTO, OCTAVIO",OCTAVIO,MARETTO,MARETTO,NA,ITA,Italy,198,97,2004-04-07T00:00:00,ARG,Argentina,NA,NA,NA,FALSE,NA,J,Player,TRUE,2026-09-08T10:37:32.377,2027-06-30T00:00:00,0,1,1,1,Guard,VL PESARO,55910,https://media-cdn.cortextech.io/1dU3kpCqReRp93/1BSdBWIjCjnOS5/dea92aef-39bd-4e81-a3b6-57f684c84332.png,https://media-cdn.cortextech.io/1dU3kpCqReRp93/1BSdBWIjCjnOS5/dea92aef-39bd-4e81-a3b6-57f684c84332.png,VNC,Umana Reyer Venice,Reyer Venice,Reyer Venice,URV,FALSE,https://media-cdn.incrowdsports.com/104f5074-9f23-47da-a21f-f2078db8244c.png,EuroCup 2026-27,U2026,2026-27,U,2026,2026-07-01T00:00:00
013271,"MAWUGBE, SELOM",Selom Mawugbe,"MAWUGBE, SELOM","MAWUGBE, SELOM",SELOM KOJO,MAWUGBE,MAWUGBE,,USA,United States of America,207,104,1998-07-20T00:00:00,USA,United States of America,,,,FALSE,NA,J,Player,TRUE,2026-09-08T11:33:03.029,2027-06-30T00:00:00,0,21,21,3,Center,DOLOMITI ENERGIA TRENTO,55989,NA,NA,TRN,Dolomiti Energia Trento,Trento,Trento,TRE,FALSE,https://media-cdn.cortextech.io/1dU3kpCqReRp93/1BSdBWIjCcz1CG/e4ce6137-6d3f-4072-9480-c0b9a9cd617d.png,EuroCup 2026-27,U2026,2026-27,U,2026,2026-07-01T00:00:00
014841,"MC CREARY, JALYN",Jalyn Mc Creary,"MC CREARY, JALYN","MC CREARY, JALYN",JALYN ZACCHAEUS,MC CREARY,McCREARY,NA,USA,United States of America,202,96,2000-09-19T00:00:00,USA,United States of America,,,,FALSE,NA,J,Player,TRUE,2026-09-08T10:47:13.342,2027-06-30T00:00:00,0,8,8,2,Forward,CBC SIROKI BRIJEG,55931,https://media-cdn.cortextech.io/1dU3kpCqReRp93/1BSdBWIjCjnOS3/3cc11210-c73a-4624-a28f-0516f25c8ba0.png,https://media-cdn.cortextech.io/1dU3kpCqReRp93/1BSdBWIjCjnOS3/3cc11210-c73a-4624-a28f-0516f25c8ba0.png,CLU,U-BT Cluj-Napoca,U-BT Cluj,Cluj,UBT,FALSE,https://media-cdn.incrowdsports.com/ae3e2844-0615-41bb-a788-a4f0d54b8d5e.png,EuroCup 2026-27,U2026,2026-27,U,2026,2026-07-01T00:00:00
015035,"MCCOY, JAVANTE",Javante Mccoy,"MCCOY, JAVANTE","MCCOY, JAVANTE",JAVANTE,MCCOY,McCoy,NA,USA,United States of America,194,86,1998-01-24T00:00:00,USA,United States of America,,,,FALSE,NA,J,Player,TRUE,2026-09-09T16:42:19.752,2027-06-30T00:00:00,0,13,13,1,Guard,ELITZUR NETANYA,56386,NA,NA,BLK,Balkan Botevgrad,Balkan,Balkan,BLK,FALSE,https://media-cdn.cortextech.io/1dU3kpCqReRp93/1BSdBWIjCgOCpC/ba6e2d99-3ea9-4730-a0ce-830cccca4657.png,EuroCup 2026-27,U2026,2026-27,U,2026,2026-07-01T00:00:00
007853,"MCKISSIC, SHAQUIELLE",Shaquielle Mckissic,"MCKISSIC, SHAQUIELLE","MCKISSIC, SHAQUIELLE",SHAQUIELLE ONEAL,MCKISSIC,MCKISSIC,"McKissic, S.",USA,United States of America,196,95,1990-08-17T00:00:00,USA,United States of America,ShaqInTheBox,smck40/,,FALSE,NA,J,Player,TRUE,2026-09-09T15:29:57.24,2027-06-30T00:00:00,0,77,77,1,Guard,OLYMPIACOS PIRAEUS,56350,https://media-cdn.cortextech.io/1dU3kpCqReRp93/1BSdBWIjCjnOS4/0ba95474-5768-4e6a-80e3-a27ffb1d6192.png,https://media-cdn.cortextech.io/1dU3kpCqReRp93/1BSdBWIjCjnOS4/0ba95474-5768-4e6a-80e3-a27ffb1d6192.png,TTK,Turk Telekom Ankara,Turk Telekom,Turk Telekom,TTA,FALSE,https://media-cdn.incrowdsports.com/4ba35608-54ca-4800-a59c-f2571e6f8e13.png,EuroCup 2026-27,U2026,2026-27,U,2026,2026-07-01T00:00:00
015062,"MCKNIGHT, DAYVION",Dayvion Mcknight,"MCKNIGHT, DAYVION","MCKNIGHT, DAYVION",DAYVION ALLEN,MC KNIGHT,MCKNIGHT,NA,USA,United States of America,183,86,2002-07-02T00:00:00,USA,United States of America,,,,FALSE,NA,J,Player,TRUE,2026-09-10T10:39:38.701,2027-06-30T00:00:00,0,20,20,1,Guard,SIAULIAI,56435,https://media-cdn.cortextech.io/1dU3kpCqReRp93/1BSdBWIjCjnOO0/106e92e9-8342-4b8c-8240-b1470f45dcf5.png,https://media-cdn.cortextech.io/1dU3kpCqReRp93/1BSdBWIjCjnOO0/106e92e9-8342-4b8c-8240-b1470f45dcf5.png,SIA,Siauliai Basketball,Siauliai ,Siauliai ,SIA,FALSE,https://media-cdn.cortextech.io/1dU3kpCqReRp93/1BSdBWIjCgOCpC/55a49aa3-e91f-45cc-88d0-670896ce5825.png,EuroCup 2026-27,U2026,2026-27,U,2026,2026-07-01T00:00:00
014942,"MCNEACE, JAMUNI",Jamuni Mcneace,"MCNEACE, JAMUNI","MCNEACE, JAMUNI",JAMUNI JACQUES,MCNEACE,MCNEACE,NA,USA,United States of America,208,101,1996-03-25T00:00:00,USA,United States of America,,,,FALSE,NA,J,Player,TRUE,2026-09-08T16:20:21.127,2027-06-30T00:00:00,0,8,8,3,Center,CHOLET BASKET,56206,https://media-cdn.cortextech.io/1dU3kpCqReRp93/1BSdBWIjCjnOS3/aa684f2c-6beb-499f-9719-e06fc568f04e.png,https://media-cdn.cortextech.io/1dU3kpCqReRp93/1BSdBWIjCjnOS3/aa684f2c-6beb-499f-9719-e06fc568f04e.png,BUR,Tofas Bursa,Tofas Bursa,Tofas,TOF,FALSE,https://media-cdn.cortextech.io/1dU3kpCqReRp93/1BSdBWIjChWbHH/72e5c4e0-abe1-43ce-bfb7-dcb025bb4adc.png,EuroCup 2026-27,U2026,2026-27,U,2026,2026-07-01T00:00:00
013862,"MEDINA BOUZA, JOSE",Jose Medina Bouza,"MEDINA BOUZA, JOSE","MEDINA BOUZA, JOSE",JOSE ALFRED,MEDINA BOUZA,MEDINA BOUZA,NA,CUB,Cuba,205,100,2007-05-01T00:00:00,CUB,Cuba,,,,FALSE,NA,J,Player,TRUE,2026-09-08T11:33:04.06,2027-06-30T00:00:00,0,30,30,2,Forward,DOLOMITI ENERGIA TRENTO,55993,NA,NA,TRN,Dolomiti Energia Trento,Trento,Trento,TRE,FALSE,https://media-cdn.cortextech.io/1dU3kpCqReRp93/1BSdBWIjCcz1CG/e4ce6137-6d3f-4072-9480-c0b9a9cd617d.png,EuroCup 2026-27,U2026,2026-27,U,2026,2026-07-01T00:00:00
015123,"MESSER, JULIUS",Julius Messer,"MESSER, JULIUS","MESSER, JULIUS",JULIUS,MESSER,Messer,NA,GER,Germany,201,95,2007-04-08T00:00:00,GER,Germany,NA,NA,NA,FALSE,NA,J,Player,TRUE,2026-09-14T15:32:20.93,2027-06-30T00:00:00,0,3,3,2,Forward,SKYLINERS FRANKFURT,56672,NA,NA,FRA,Skyliners Frankfurt,Skyliners,Skyliners,SKY,FALSE,https://media-cdn.cortextech.io/1dU3kpCqReRp93/1BSdBWIjCgOCpC/6afb32b8-e6dc-4f79-b14a-2d99fdb34cde.png,EuroCup 2026-27,U2026,2026-27,U,2026,2026-07-01T00:00:00
008442,"MEZZANOTTE, ANDREA",Andrea Mezzanotte,"MEZZANOTTE, ANDREA","MEZZANOTTE, ANDREA",ANDREA,MEZZANOTTE,MEZZANOTTE,"Mezzanotte, A.",ITA,Italy,208,95,1998-04-08T00:00:00,ITA,Italy,,_mezza_14,,FALSE,NA,J,Player,TRUE,2026-09-09T09:28:51.753,2027-06-30T00:00:00,0,24,24,2,Forward,DINAMO SASSARI,56264,https://media-cdn.cortextech.io/1dU3kpCqReRp93/1BSdBWIjCjnOS5/ce554014-1610-4fdc-8be4-4824d19d19d9.png,https://media-cdn.cortextech.io/1dU3kpCqReRp93/1BSdBWIjCjnOS5/ce554014-1610-4fdc-8be4-4824d19d19d9.png,BCR,Roma Basketball,Roma,Roma,ROM,FALSE,https://media-cdn.cortextech.io/1dU3kpCqReRp93/1BSdBWIjCjnOS1/1e9e0379-db30-4234-89b0-19576709c285.png,EuroCup 2026-27,U2026,2026-27,U,2026,2026-07-01T00:00:00
011836,"MIKE, ISIAHA",Isiaha Mike,"MIKE, ISIAHA","MIKE, ISIAHA","ISIAHA, TYRIN",MIKE,MIKE,,CAN,Canada,200,100,1997-08-11T00:00:00,CAN,Canada,,,,FALSE,NA,J,Player,TRUE,2026-09-08T16:24:58.106,2027-06-30T00:00:00,0,24,24,2,Forward,BAYERN MUNCHEN,56221,https://media-cdn.cortextech.io/1dU3kpCqReRp93/1BSdBWIjCjnOS1/92698c1a-11ac-4929-9ec6-801376f1b07a.png,https://media-cdn.cortextech.io/1dU3kpCqReRp93/1BSdBWIjCjnOS1/92698c1a-11ac-4929-9ec6-801376f1b07a.png,BAH,Bahcesehir College Istanbul,Bahcesehir,Bahcesehir,BKS,FALSE,https://media-cdn.incrowdsports.com/1d3274d8-da86-4d21-9e97-6810ab88babe.png,EuroCup 2026-27,U2026,2026-27,U,2026,2026-07-01T00:00:00
014109,"MILATZ, ALFONS",Alfons Milatz,"MILATZ, ALFONS","MILATZ, ALFONS",ALFONS,MILATZ,MILATZ,NA,GER,Germany,200,91,2007-09-19T00:00:00,GER,Germany,,,,FALSE,NA,J,Player,TRUE,2026-09-08T16:08:10.56,2027-06-30T00:00:00,0,19,19,2,Forward,NINERS CHEMNITZ,56190,NA,NA,NIN,NINERS Chemnitz,Chemnitz,Chemnitz,CHE,FALSE,https://media-cdn.cortextech.io/75ae96be-69f9-4e48-b5bd-b1056842db57.png,EuroCup 2026-27,U2026,2026-27,U,2026,2026-07-01T00:00:00
009896,"MILETIC, DUSAN",Dusan Miletic,"MILETIC, DUSAN","MILETIC, DUSAN",DUSAN,MILETIC,MILETIC,"Miletic, D.",SRB,Serbia,214,103,1998-07-30T00:00:00,SRB,Serbia,,miletic.11,,FALSE,NA,J,Player,TRUE,2026-09-08T12:13:16.18,2027-06-30T00:00:00,0,11,11,3,Center,AL RIYADI,56045,https://media-cdn.cortextech.io/1dU3kpCqReRp93/1BSdBWIjCjnOS5/6a70d44e-84b3-4679-bcff-9295f42803a9.png,https://media-cdn.cortextech.io/1dU3kpCqReRp93/1BSdBWIjCjnOS5/6a70d44e-84b3-4679-bcff-9295f42803a9.png,JER,Hapoel Midtown Jerusalem,Hapoel JLM,Jerusalem,JLM,FALSE,https://media-cdn.cortextech.io/1dU3kpCqReRp93/1BSdBWIjCiezvp/6d6e8da8-550f-4d1f-8a06-4611227e0c31.png,EuroCup 2026-27,U2026,2026-27,U,2026,2026-07-01T00:00:00
013624,"MILICIC, TEO",Teo Milicic,"MILICIC, TEO","MILICIC, TEO",TEO,MILICIC,Milicic,NA,GER,Germany,193,87,2008-05-23T00:00:00,POL,Poland,,,,FALSE,NA,J,Player,TRUE,2026-09-08T15:51:55.624,2027-06-30T00:00:00,0,4,4,1,Guard,RATIOPHARM ULM,56160,https://media-cdn.cortextech.io/1dU3kpCqReRp93/1BSdBWIjCjnOO1/2f690334-6d21-416f-bb54-001aa9df1a1b.png,https://media-cdn.cortextech.io/1dU3kpCqReRp93/1BSdBWIjCjnOO1/2f690334-6d21-416f-bb54-001aa9df1a1b.png,ULM,ratiopharm ulm,Ulm,Ulm,ULM,FALSE,https://media-cdn.cortextech.io/5750bc8b-dd63-48e4-8586-10d4e5e2b4e2.png,EuroCup 2026-27,U2026,2026-27,U,2026,2026-07-01T00:00:00
014007,"MILTON, SHAKE",Shake Milton,"MILTON, MALIK","MILTON, MALIK",MALIK BENJAMIN,MILTON,MILTON,NA,USA,United States of America,196,93,1996-09-26T00:00:00,USA,United States of America,,,,FALSE,NA,J,Player,TRUE,2026-09-09T06:57:37.071,2027-06-30T00:00:00,0,9,9,1,Guard,PARTIZAN BELGRADE,56230,https://media-cdn.cortextech.io/1dU3kpCqReRp93/1BSdBWIjCjnOS5/69d6e851-c161-4f7c-89b8-275e238ad200.png,https://media-cdn.cortextech.io/1dU3kpCqReRp93/1BSdBWIjCjnOS5/69d6e851-c161-4f7c-89b8-275e238ad200.png,JER,Hapoel Midtown Jerusalem,Hapoel JLM,Jerusalem,JLM,FALSE,https://media-cdn.cortextech.io/1dU3kpCqReRp93/1BSdBWIjCiezvp/6d6e8da8-550f-4d1f-8a06-4611227e0c31.png,EuroCup 2026-27,U2026,2026-27,U,2026,2026-07-01T00:00:00
007423,"MINCHEV, YORDAN",Yordan Minchev,"MINCHEV, YORDAN","MINCHEV, YORDAN",YORDAN DINKOV,MINCHEV,MINCHEV,"Minchev, Y.",BUL,Bulgaria,205,206,1998-10-17T00:00:00,BUL,Bulgaria,,,,FALSE,NA,J,Player,TRUE,2026-09-08T11:41:13.728,2027-06-30T00:00:00,0,91,91,2,Forward,BV CHEMNITZ 99,56012,https://media-cdn.cortextech.io/1dU3kpCqReRp93/1BSdBWIjCjnOS4/efb72d38-0a47-4c86-a84f-99c792ad6c9a.png,https://media-cdn.cortextech.io/1dU3kpCqReRp93/1BSdBWIjCjnOS4/efb72d38-0a47-4c86-a84f-99c792ad6c9a.png,MAN,Kids&Us Manresa,K&U Manresa,Manresa,MAN,FALSE,https://media-cdn.cortextech.io/1dU3kpCqReRp93/1BSdBWIjCgOCpC/06792bed-0383-4de2-80b9-95ecca3fd973.png,EuroCup 2026-27,U2026,2026-27,U,2026,2026-07-01T00:00:00
015124,"MINTZ, JUDAH",Judah Mintz,"MINTZ, JUDAH","MINTZ, JUDAH",JUDAH JAH LEONE,MINTZ,Mintz,NA,USA,United States of America,190,78,2003-07-10T00:00:00,USA,United States of America,,,,FALSE,NA,J,Player,TRUE,2026-09-14T15:32:21.71,2027-06-30T00:00:00,0,10,10,1,Guard,GLINT MANISA BASKET,56673,https://media-cdn.cortextech.io/1dU3kpCqReRp93/1BSdBWIjCjnOO1/ff6c639f-2f71-415d-84a3-f21751a5a7b0.png,https://media-cdn.cortextech.io/1dU3kpCqReRp93/1BSdBWIjCjnOO1/ff6c639f-2f71-415d-84a3-f21751a5a7b0.png,FRA,Skyliners Frankfurt,Skyliners,Skyliners,SKY,FALSE,https://media-cdn.cortextech.io/1dU3kpCqReRp93/1BSdBWIjCgOCpC/6afb32b8-e6dc-4f79-b14a-2d99fdb34cde.png,EuroCup 2026-27,U2026,2026-27,U,2026,2026-07-01T00:00:00
013959,"MITROU - LONG, ELIJAH",Elijah Mitrou - Long,"MITROU, LONG","MITROU, LONG",ELIJAH ISA,LONG,MITROU-LONG,,GRE,Greece,185,0,1996-12-15T00:00:00,CAN,Canada,,,,FALSE,NA,J,Player,TRUE,2026-09-08T15:36:59.389,2027-06-30T00:00:00,0,0,0,1,Guard,ARIS,56144,NA,NA,ARI,Aris Thessaloniki,Aris,Aris,ARI,FALSE,https://media-cdn.cortextech.io/77e0fd97-1489-4e3c-8e70-ca39075460c0.png,EuroCup 2026-27,U2026,2026-27,U,2026,2026-07-01T00:00:00
011965,"MITROU LONG, NAZ",Naz Mitrou Long,"MITROU-LONG, NAZ","MITROU-LONG, NAZ",NAZARETH JERSEY,MITROU LONG,MITROU-LONG,,CAN,Canada,193,92,1993-08-03T00:00:00,CAN,Canada,,,,FALSE,NA,J,Player,TRUE,2026-09-08T12:42:07.676,2027-06-30T00:00:00,0,1,1,1,Guard,NAPOLI BASKET,56071,https://media-cdn.cortextech.io/1dU3kpCqReRp93/1BSdBWIjCjnOO0/46759f73-26e4-46cd-b82e-0556661e2cbe.png,https://media-cdn.cortextech.io/1dU3kpCqReRp93/1BSdBWIjCjnOO0/46759f73-26e4-46cd-b82e-0556661e2cbe.png,PAO,PAOK Thessaloniki,PAOK,PAOK,PBC,FALSE,https://media-cdn.cortextech.io/1dU3kpCqReRp93/1BSdBWIjChWbHH/0506e7c4-ec4b-460a-bc59-b033ad9e336c.png,EuroCup 2026-27,U2026,2026-27,U,2026,2026-07-01T00:00:00
012698,"MOKOKA, ADAM",Adam Mokoka,"MOKOKA, ADAM","MOKOKA, ADAM",ADAM AMANI ANDREA,MOKOKA,MOKOKA,,FRA,France,196,97,1998-07-18T00:00:00,FRA,France,,,,FALSE,NA,J,Player,TRUE,2026-09-08T15:37:40.961,2027-06-30T00:00:00,0,95,95,2,Forward,JL BOURG EN BRESSE,56153,NA,NA,ARI,Aris Thessaloniki,Aris,Aris,ARI,FALSE,https://media-cdn.cortextech.io/77e0fd97-1489-4e3c-8e70-ca39075460c0.png,EuroCup 2026-27,U2026,2026-27,U,2026,2026-07-01T00:00:00
013926,"MOLINAR, IVERSON",Iverson Molinar,"MOLINAR, IVERSON","MOLINAR, IVERSON",IVERSON LATRELL,MOLINAR JONES,MOLINAR,NA,PAN,Panama,193,86,1999-12-03T00:00:00,PAN,Panama,,,,FALSE,NA,J,Player,TRUE,2026-09-08T11:02:12.221,2027-06-30T00:00:00,0,10,10,1,Guard,U-BT CLUJ-NAPOCA,55952,https://media-cdn.cortextech.io/1dU3kpCqReRp93/1BSdBWIjCjnOS5/2c8ba360-e31d-43c7-9d99-79fe29037ac7.png,https://media-cdn.cortextech.io/1dU3kpCqReRp93/1BSdBWIjCjnOS5/2c8ba360-e31d-43c7-9d99-79fe29037ac7.png,BUD,Buducnost VOLI Podgorica,Buducnost VOLI,Buducnost,BUD,FALSE,https://media-cdn.incrowdsports.com/47161285-94b3-4266-9d23-b722e8600945.png,EuroCup 2026-27,U2026,2026-27,U,2026,2026-07-01T00:00:00
013351,"MONNET, LENI",Leni Monnet,"MONNET, LENI","MONNET, LENI",LENI,MONNET,MONNET,NA,FRA,France,196,89,2006-06-23T00:00:00,FRA,France,,,,FALSE,NA,J,Player,TRUE,2026-09-23T12:42:23.104,2027-06-30T00:00:00,0,55,55,1,Guard,COSEA JL BOURG,56982,https://media-cdn.cortextech.io/1dU3kpCqReRp93/1BSdBWIjCjnOS0/02b97d82-64e4-40c9-8380-7246d4cfcf7c.png,https://media-cdn.cortextech.io/1dU3kpCqReRp93/1BSdBWIjCjnOS0/02b97d82-64e4-40c9-8380-7246d4cfcf7c.png,BOU,Cosea JL Bourg-en-Bresse,Cosea JL Bourg,Bourg,JLB,FALSE,https://media-cdn.incrowdsports.com/d4225e1b-7c1b-4382-98d4-ca8511c64441.png,EuroCup 2026-27,U2026,2026-27,U,2026,2026-07-01T00:00:00
015013,"MOON, XAVIER",Xavier Moon,"MOON, XAVIER","MOON, XAVIER",XAVIER DIKEMBE,MOON,MOON,NA,USA,United States of America,183,76,1995-01-02T00:00:00,USA,United States of America,,,,FALSE,NA,J,Player,TRUE,2026-09-09T11:27:03.162,2027-06-30T00:00:00,0,17,17,1,Guard,WINNIPEG SEA BEARS,56305,NA,NA,MRO,Maxima Roma,Maxima Roma,Maxima Roma,RMA,FALSE,https://media-cdn.cortextech.io/1dU3kpCqReRp93/1BSdBWIjChWbHH/f1547a87-c0bf-41ab-bf7e-a0001649430d.png,EuroCup 2026-27,U2026,2026-27,U,2026,2026-07-01T00:00:00
009869,"MOORE, BEN",Ben Moore,"MOORE, BEN","MOORE, BEN",BENJAMIN ALEXANDER,MOORE,MOORE,"Moore, B.",USA,United States of America,203,99,1995-05-13T00:00:00,USA,United States of America,,,,FALSE,NA,J,Player,TRUE,2026-09-08T12:42:09.968,2027-06-30T00:00:00,0,26,26,3,Center,PAOK BC,56081,https://media-cdn.cortextech.io/1dU3kpCqReRp93/1BSdBWIjCjnOO0/dbe24d18-64d5-4021-a427-198b73119b5b.png,https://media-cdn.cortextech.io/1dU3kpCqReRp93/1BSdBWIjCjnOO0/dbe24d18-64d5-4021-a427-198b73119b5b.png,PAO,PAOK Thessaloniki,PAOK,PAOK,PBC,FALSE,https://media-cdn.cortextech.io/1dU3kpCqReRp93/1BSdBWIjChWbHH/0506e7c4-ec4b-460a-bc59-b033ad9e336c.png,EuroCup 2026-27,U2026,2026-27,U,2026,2026-07-01T00:00:00
015220,"MOORE, ISAIH",Isaih Moore,"MOORE, ISAIH","MOORE, ISAIH",ISAIH ZAIRE,MOORE,MOORE,NA,USA,United States of America,208,95,2000-08-30T00:00:00,USA,United States of America,NA,NA,NA,FALSE,NA,J,Player,TRUE,2026-09-23T13:59:51.491,2027-06-30T00:00:00,0,13,13,3,Center,OTTAWA BLACKJACKS,56987,NA,NA,WRO,Slask Wroclaw,Slask,Slask,WKS,FALSE,https://media-cdn.incrowdsports.com/0415061b-5374-4a0d-bc04-8fcbc8ad0bb3.png,EuroCup 2026-27,U2026,2026-27,U,2026,2026-07-01T00:00:00
013256,"MORGAN, JUWAN",Juwan Morgan,"MORGAN, JUWAN","MORGAN, JUWAN",JUWAN CHRISTOPHER,MORGAN,Morgan,,USA,United States of America,201,105,1997-04-17T00:00:00,GER,Germany,,,,FALSE,NA,J,Player,TRUE,2026-09-08T11:02:12.742,2027-06-30T00:00:00,0,15,15,2,Forward,BUDUCNOST VOLI,55954,https://media-cdn.cortextech.io/1dU3kpCqReRp93/1BSdBWIjCjnOS5/a00771c0-0d9a-4bf7-b1f9-ccfaac13166e.png,https://media-cdn.cortextech.io/1dU3kpCqReRp93/1BSdBWIjCjnOS5/a00771c0-0d9a-4bf7-b1f9-ccfaac13166e.png,BUD,Buducnost VOLI Podgorica,Buducnost VOLI,Buducnost,BUD,FALSE,https://media-cdn.incrowdsports.com/47161285-94b3-4266-9d23-b722e8600945.png,EuroCup 2026-27,U2026,2026-27,U,2026,2026-07-01T00:00:00
012585,"MORGAN, MATTHEW",Matthew Morgan,"MORGAN, MATTHEW","MORGAN, MATTHEW",MATTHEW GARNELL,MORGAN,Morgan,,USA,United States of America,188,79,1997-11-07T00:00:00,USA,United States of America,,,,FALSE,NA,J,Player,TRUE,2026-09-08T15:37:26.308,2027-06-30T00:00:00,0,30,30,1,Guard,ASD FUTURVIRTUS,56150,NA,NA,ARI,Aris Thessaloniki,Aris,Aris,ARI,FALSE,https://media-cdn.cortextech.io/77e0fd97-1489-4e3c-8e70-ca39075460c0.png,EuroCup 2026-27,U2026,2026-27,U,2026,2026-07-01T00:00:00
010546,"MOULARE, ASSEMIAN",Assemian Moulare,"MOULARE, ASSEMIAN","MOULARE, ASSEMIAN",ASSEMIAN AHIOUA EYSSI,MOULARE,MOULARE,"Moulare, A.",FRA,France,186,75,2003-01-21T00:00:00,FRA,France,AssemianMoulare,assemianmoulare,Assémian-Moularé-2080799525273159,FALSE,NA,J,Player,TRUE,2026-09-08T15:56:52.238,2027-06-30T00:00:00,0,3,3,1,Guard,COSEA JL BOURG,56170,https://media-cdn.cortextech.io/1dU3kpCqReRp93/1BSdBWIjCjnOS0/9b35f155-bf4f-4c74-92e8-7789eae80153.png,https://media-cdn.cortextech.io/1dU3kpCqReRp93/1BSdBWIjCjnOS0/9b35f155-bf4f-4c74-92e8-7789eae80153.png,BOU,Cosea JL Bourg-en-Bresse,Cosea JL Bourg,Bourg,JLB,FALSE,https://media-cdn.incrowdsports.com/d4225e1b-7c1b-4382-98d4-ca8511c64441.png,EuroCup 2026-27,U2026,2026-27,U,2026,2026-07-01T00:00:00
LQV,"MUTAF, MAXIM",Maxim Mutaf,"MUTAF, MAXIM","MUTAF, MAXIM",CAN MAXIM,MUTAF,MUTAF,"Mutaf, C. M.",TUR,Turkiye,193,90,1991-01-09T00:00:00,TUR,Turkiye,,,,FALSE,NA,J,Player,TRUE,2026-09-08T16:22:52.265,2027-06-30T00:00:00,0,17,17,2,Forward,BAHCESEHIR COLLEGE SPORTS CLUB,56219,https://media-cdn.cortextech.io/1dU3kpCqReRp93/1BSdBWIjCjnOS1/14af70dd-549b-4896-b3ad-2f3aea98027e.png,https://media-cdn.cortextech.io/1dU3kpCqReRp93/1BSdBWIjCjnOS1/14af70dd-549b-4896-b3ad-2f3aea98027e.png,BAH,Bahcesehir College Istanbul,Bahcesehir,Bahcesehir,BKS,FALSE,https://media-cdn.incrowdsports.com/1d3274d8-da86-4d21-9e97-6810ab88babe.png,EuroCup 2026-27,U2026,2026-27,U,2026,2026-07-01T00:00:00
014017,"NASPLER, GUILLEM",Guillem Naspler,"NASPLER, GUILLEM","NASPLER, GUILLEM",GUILLEM,NASPLER PEREZ,NASPLER,NA,ESP,Spain,197,90,2007-11-16T00:00:00,ESP,Spain,,,,FALSE,NA,J,Player,TRUE,2026-09-14T07:51:10.447,2027-06-30T00:00:00,0,19,19,2,Forward,BAXI MANRESA,56535,NA,NA,MAN,Kids&Us Manresa,K&U Manresa,Manresa,MAN,FALSE,https://media-cdn.cortextech.io/1dU3kpCqReRp93/1BSdBWIjCgOCpC/06792bed-0383-4de2-80b9-95ecca3fd973.png,EuroCup 2026-27,U2026,2026-27,U,2026,2026-07-01T00:00:00
013264,"NELSON, ADRIAN",Adrian Nelson,"NELSON, ADRIAN","NELSON, ADRIAN","ADRIAN, TREVOR",NELSON,NELSON,,USA,United States of America,199,98,1999-10-05T00:00:00,USA,United States of America,,,,FALSE,NA,J,Player,TRUE,2026-09-08T15:56:52.507,2027-06-30T00:00:00,0,4,4,2,Forward,JL BOURG,56171,https://media-cdn.cortextech.io/1dU3kpCqReRp93/1BSdBWIjCjnOS0/f3ff3607-0c25-43a3-9923-83cc37977325.png,https://media-cdn.cortextech.io/1dU3kpCqReRp93/1BSdBWIjCjnOS0/f3ff3607-0c25-43a3-9923-83cc37977325.png,BOU,Cosea JL Bourg-en-Bresse,Cosea JL Bourg,Bourg,JLB,FALSE,https://media-cdn.incrowdsports.com/d4225e1b-7c1b-4382-98d4-ca8511c64441.png,EuroCup 2026-27,U2026,2026-27,U,2026,2026-07-01T00:00:00
014884,"NEMEIKSA, GYTIS",Gytis Nemeiksa,"NEMEIKSA, GYTIS","NEMEIKSA, GYTIS",GYTIS,NEMEIKSA,NEMEIKSA,NA,LTU,Lithuania,201,92,2001-09-17T00:00:00,LTU,Lithuania,,,,FALSE,NA,J,Player,TRUE,2026-09-08T12:28:09.434,2027-06-30T00:00:00,0,50,50,2,Forward,RYTAS VILNIUS,56066,https://media-cdn.cortextech.io/1dU3kpCqReRp93/1BSdBWIjCjnOO1/1028651e-935e-4bed-9acf-9bc59cbb1a4a.png,https://media-cdn.cortextech.io/1dU3kpCqReRp93/1BSdBWIjCjnOO1/1028651e-935e-4bed-9acf-9bc59cbb1a4a.png,LKB,Lietkabelis Panevezys,Lietkabelis,Lietkabelis,LIE,FALSE,https://media-cdn.cortextech.io/ffcb6e37-31f4-48f6-91c2-a8c9a6f791a9.png,EuroCup 2026-27,U2026,2026-27,U,2026,2026-07-01T00:00:00
013756,"NIANG, CHEICKH",Cheickh Niang,"NIANG, CHEICKH","NIANG, CHEICKH",PAPA CHEICKH,NIANG,NIANG,NA,ITA,Italy,195,88,2008-09-16T00:00:00,ITA,Italy,,,,FALSE,NA,J,Player,TRUE,2026-09-08T11:33:00.905,2027-06-30T00:00:00,0,7,7,1,Guard,DOLOMITI ENERGIA TRENTO,55981,NA,NA,TRN,Dolomiti Energia Trento,Trento,Trento,TRE,FALSE,https://media-cdn.cortextech.io/1dU3kpCqReRp93/1BSdBWIjCcz1CG/e4ce6137-6d3f-4072-9480-c0b9a9cd617d.png,EuroCup 2026-27,U2026,2026-27,U,2026,2026-07-01T00:00:00
014845,"NICOLESCU, BOBE",Bobe Nicolescu,"NICOLESCU, BOBE","NICOLESCU, BOBE",NICOLAE-BOGDAN,NICOLESCU,NICOLESCU,NA,ROU,Romania,199,89,1997-01-03T00:00:00,ROU,Romania,,,,FALSE,NA,J,Player,TRUE,2026-09-08T10:47:14.917,2027-06-30T00:00:00,0,24,24,2,Forward,CSM CSU ORADEA,55937,https://media-cdn.cortextech.io/1dU3kpCqReRp93/1BSdBWIjCjnOS3/8c548cce-62f4-41ec-8aa7-0bacdc4964ad.png,https://media-cdn.cortextech.io/1dU3kpCqReRp93/1BSdBWIjCjnOS3/8c548cce-62f4-41ec-8aa7-0bacdc4964ad.png,CLU,U-BT Cluj-Napoca,U-BT Cluj,Cluj,UBT,FALSE,https://media-cdn.incrowdsports.com/ae3e2844-0615-41bb-a788-a4f0d54b8d5e.png,EuroCup 2026-27,U2026,2026-27,U,2026,2026-07-01T00:00:00
015101,"NIKOLIC, DUSAN",Dusan Nikolic,"NIKOLIC, DUSAN","NIKOLIC, DUSAN",DUSAN,NIKOLIC,Nikolic,NA,GER,Germany,196,93,2005-02-28T00:00:00,GER,Germany,NA,NA,NA,FALSE,NA,J,Player,TRUE,2026-09-10T15:40:59.638,2027-06-30T00:00:00,0,14,14,1,Guard,SKYLINERS FRANKFURT,56511,https://media-cdn.cortextech.io/1dU3kpCqReRp93/1BSdBWIjCjnOO1/2a5f09dd-96ac-4ef0-9931-b71ec2e65335.png,https://media-cdn.cortextech.io/1dU3kpCqReRp93/1BSdBWIjCjnOO1/2a5f09dd-96ac-4ef0-9931-b71ec2e65335.png,FRA,Skyliners Frankfurt,Skyliners,Skyliners,SKY,FALSE,https://media-cdn.cortextech.io/1dU3kpCqReRp93/1BSdBWIjCgOCpC/6afb32b8-e6dc-4f79-b14a-2d99fdb34cde.png,EuroCup 2026-27,U2026,2026-27,U,2026,2026-07-01T00:00:00
005531,"NIZIOL, JAKUB",Jakub Niziol,JAKUB NIZIOL,JAKUB NIZIOL,JAKUB PIOTR,NIZIOL,NIZIOL,,POL,Poland,201,87,1996-05-08T00:00:00,POL,Poland,,,,FALSE,NA,J,Player,TRUE,2026-09-21T07:56:14.057,2027-06-30T00:00:00,0,35,35,2,Forward,SLASK WROCLAW,56897,NA,NA,WRO,Slask Wroclaw,Slask,Slask,WKS,FALSE,https://media-cdn.incrowdsports.com/0415061b-5374-4a0d-bc04-8fcbc8ad0bb3.png,EuroCup 2026-27,U2026,2026-27,U,2026,2026-07-01T00:00:00
014859,"NOTAE, JD",Jd Notae,"NOTAE, JD","NOTAE, JD",JANAUD NIKEL,NOTAE,NOTAE,NA,USA,United States of America,187,87,1998-10-27T00:00:00,USA,United States of America,,,,FALSE,NA,J,Player,TRUE,2026-09-08T11:41:11.002,2027-06-30T00:00:00,0,13,13,1,Guard,TRAPANI SHARK,56001,https://media-cdn.cortextech.io/1dU3kpCqReRp93/1BSdBWIjCjnOS4/54b576d7-8a4a-4573-bd26-f2f9d9d010ab.png,https://media-cdn.cortextech.io/1dU3kpCqReRp93/1BSdBWIjCjnOS4/54b576d7-8a4a-4573-bd26-f2f9d9d010ab.png,MAN,Kids&Us Manresa,K&U Manresa,Manresa,MAN,FALSE,https://media-cdn.cortextech.io/1dU3kpCqReRp93/1BSdBWIjCgOCpC/06792bed-0383-4de2-80b9-95ecca3fd973.png,EuroCup 2026-27,U2026,2026-27,U,2026,2026-07-01T00:00:00
015111,"NUTALL, ZACH",Zach Nutall,"NUTALL, ZACH","NUTALL, ZACH",ZACHARY MARKEITH,NUTALL,NUTALL,NA,USA,United States of America,190,84,1999-12-16T00:00:00,USA,United States of America,NA,NA,NA,FALSE,NA,J,Player,TRUE,2026-09-14T10:32:03.993,2027-06-30T00:00:00,0,10,10,1,Guard,XINJIANG FLYING TIGERS,56572,https://media-cdn.cortextech.io/1dU3kpCqReRp93/1BSdBWIjCjnOS3/e1d28e45-d48a-4a42-ae42-b75b205945db.png,https://media-cdn.cortextech.io/1dU3kpCqReRp93/1BSdBWIjCjnOS3/e1d28e45-d48a-4a42-ae42-b75b205945db.png,BUR,Tofas Bursa,Tofas Bursa,Tofas,TOF,FALSE,https://media-cdn.cortextech.io/1dU3kpCqReRp93/1BSdBWIjChWbHH/72e5c4e0-abe1-43ce-bfb7-dcb025bb4adc.png,EuroCup 2026-27,U2026,2026-27,U,2026,2026-07-01T00:00:00
011938,"OBASOHAN, RETIN",Retin Obasohan,"OBASOHAN, RETIN","OBASOHAN, RETIN",RETIN,OBASOHAN,OBASOHAN,,BEL,Belgium,185,94,1993-07-06T00:00:00,BEL,Belgium,,,,FALSE,NA,J,Player,TRUE,2026-09-10T14:33:48.177,2027-06-30T00:00:00,0,32,32,1,Guard,BAXI MANRESA,56496,NA,NA,BGS,Recoletas Salud San Pablo Burgos,Burgos,Burgos,BUR,FALSE,https://media-cdn.cortextech.io/1dU3kpCqReRp93/1BSdBWIjCgOCxM/40c97670-177e-4c74-9f5f-76b528a0da86.png,EuroCup 2026-27,U2026,2026-27,U,2026,2026-07-01T00:00:00
012244,"ODZEBE, GIANNIS",Giannis Odzebe,"ODZEBE, GIANNIS","ODZEBE, GIANNIS",GIANNIS,ODZEBE,ODZEBE,NA,CGO,Congo,196,85,2008-11-23T00:00:00,CGO,Congo,,,,FALSE,NA,J,Player,TRUE,2026-09-09T13:26:03.01,2027-06-30T00:00:00,0,13,13,2,Forward,ORANGE1 BASKET BASSANO,56323,https://media-cdn.cortextech.io/1dU3kpCqReRp93/1BSdBWIjCjnOS5/3216904b-5122-4612-865c-c70aaa3a3965.png,https://media-cdn.cortextech.io/1dU3kpCqReRp93/1BSdBWIjCjnOS5/3216904b-5122-4612-865c-c70aaa3a3965.png,BCR,Roma Basketball,Roma,Roma,ROM,FALSE,https://media-cdn.cortextech.io/1dU3kpCqReRp93/1BSdBWIjCjnOS1/1e9e0379-db30-4234-89b0-19576709c285.png,EuroCup 2026-27,U2026,2026-27,U,2026,2026-07-01T00:00:00
015121,"O'GARRO, JOSHUA",Joshua O'Garro,"O'GARRO, JOSHUA","O'GARRO, JOSHUA",JOSHUA DWIGHT,O GARRO,O'GARRO,NA,UK ,United Kingdom,0,100,2001-09-18T00:00:00,CAY,Cayman Islands,,,,FALSE,NA,J,Player,TRUE,2026-09-14T15:15:53.386,2027-06-30T00:00:00,0,7,7,2,Forward,CAL STATE UNI NORTHBRIDGE,56670,https://media-cdn.cortextech.io/1dU3kpCqReRp93/1BSdBWIjCjnONv/aadf783d-bdaa-43cd-bde9-111e77bba1a7.png,https://media-cdn.cortextech.io/1dU3kpCqReRp93/1BSdBWIjCjnONv/aadf783d-bdaa-43cd-bde9-111e77bba1a7.png,LLI,London Lions,London,London,LDN,FALSE,https://media-cdn.cortextech.io/102de468-9e41-4b8e-b44d-23bebb9e916f.png,EuroCup 2026-27,U2026,2026-27,U,2026,2026-07-01T00:00:00
015031,"OKWERA, DAVID",David Okwera,"OKWERA, DAVID","OKWERA, DAVID",WENA DAVID,OKWERA,OKWERA,NA,AUS,Australia,211,90,2002-07-31T00:00:00,AUS,Australia,,,,FALSE,NA,J,Player,TRUE,2026-09-09T16:42:18.221,2027-06-30T00:00:00,0,0,0,2,Forward,PERTH WILDCATS,56380,NA,NA,BLK,Balkan Botevgrad,Balkan,Balkan,BLK,FALSE,https://media-cdn.cortextech.io/1dU3kpCqReRp93/1BSdBWIjCgOCpC/ba6e2d99-3ea9-4730-a0ce-830cccca4657.png,EuroCup 2026-27,U2026,2026-27,U,2026,2026-07-01T00:00:00
005542,"OLEJNICZAK, DOMINIK",Dominik Olejniczak,DOMINIK OLEJNICZAK,DOMINIK OLEJNICZAK,DOMINIK,OLEJNICZAK,OLEJNICZAK,NA,POL,Poland,209,115,1996-07-01T00:00:00,POL,Poland,NA,NA,NA,FALSE,NA,J,Player,TRUE,2026-09-08T13:13:10.972,2027-06-30T00:00:00,0,17,17,3,Center,DERTHONA BASKET S.S.R.L.,56113,NA,NA,TRT,Baglietto Derthona Tortona,Derthona,Derthona,DER,FALSE,https://media-cdn.cortextech.io/1dU3kpCqReRp93/1BSdBWIjCjnONv/4976fa46-8eb4-471c-b6dd-4704866c5769.png,EuroCup 2026-27,U2026,2026-27,U,2026,2026-07-01T00:00:00
006919,"OLINDE, LOUIS",Louis Olinde,Olinde,Olinde,LOUIS FRANKLIN,OLINDE,OLINDE,"Olinde, L.",GER,Germany,205,92,1998-03-19T00:00:00,GER,Germany,louisolinde98,louisolinde/,,FALSE,NA,J,Player,TRUE,2026-09-08T10:37:34.304,2027-06-30T00:00:00,0,19,19,2,Forward,MANRESA,55917,https://media-cdn.cortextech.io/1dU3kpCqReRp93/1BSdBWIjCjnOS5/56f35891-a75b-4451-a1e4-fd064b796576.png,https://media-cdn.cortextech.io/1dU3kpCqReRp93/1BSdBWIjCjnOS5/56f35891-a75b-4451-a1e4-fd064b796576.png,VNC,Umana Reyer Venice,Reyer Venice,Reyer Venice,URV,FALSE,https://media-cdn.incrowdsports.com/104f5074-9f23-47da-a21f-f2078db8244c.png,EuroCup 2026-27,U2026,2026-27,U,2026,2026-07-01T00:00:00
014855,"OLIVARI, QUINCY",Quincy Olivari,"OLIVARI, QUINCY","OLIVARI, QUINCY",QUINCY ANDREW,OLIVARI,OLIVARI,NA,USA,United States of America,190,91,2001-05-27T00:00:00,USA,United States of America,,,,FALSE,NA,J,Player,TRUE,2026-09-08T11:33:01.173,2027-06-30T00:00:00,0,8,8,1,Guard,PORTLAND TRAIL BLAZERS,55982,NA,NA,TRN,Dolomiti Energia Trento,Trento,Trento,TRE,FALSE,https://media-cdn.cortextech.io/1dU3kpCqReRp93/1BSdBWIjCcz1CG/e4ce6137-6d3f-4072-9480-c0b9a9cd617d.png,EuroCup 2026-27,U2026,2026-27,U,2026,2026-07-01T00:00:00
014080,"OMOG, NAMORI",Namori Omog,"OMOG, NAMORI","OMOG, NAMORI",NAMORI EDIN DI,OMOG,Omog,NA,GER,Germany,188,87,2006-07-23T00:00:00,GER,Germany,,,,FALSE,NA,J,Player,TRUE,2026-09-08T15:51:54.982,2027-06-30T00:00:00,0,1,1,1,Guard,RATIOPHARM ULM,56158,https://media-cdn.cortextech.io/1dU3kpCqReRp93/1BSdBWIjCjnOO1/01b14551-40c9-4989-8cae-63100b882efe.png,https://media-cdn.cortextech.io/1dU3kpCqReRp93/1BSdBWIjCjnOO1/01b14551-40c9-4989-8cae-63100b882efe.png,ULM,ratiopharm ulm,Ulm,Ulm,ULM,FALSE,https://media-cdn.cortextech.io/5750bc8b-dd63-48e4-8586-10d4e5e2b4e2.png,EuroCup 2026-27,U2026,2026-27,U,2026,2026-07-01T00:00:00
014121,"OMORUYI, CLIFFORD",Clifford Omoruyi,"OMORUYI, CLIFFORD","OMORUYI, CLIFFORD",CLIFFORD IYOBOSA,OMORUYI,OMORUYI,NA,NGR,Nigeria,211,114,2001-10-11T00:00:00,BEN,Benin,,,,FALSE,NA,J,Player,TRUE,2026-09-08T12:42:08.808,2027-06-30T00:00:00,0,11,11,3,Center,PAOK BC,56076,https://media-cdn.cortextech.io/1dU3kpCqReRp93/1BSdBWIjCjnOO0/1ba70c8b-b4c7-44df-b5d6-ab8cb8965121.png,https://media-cdn.cortextech.io/1dU3kpCqReRp93/1BSdBWIjCjnOO0/1ba70c8b-b4c7-44df-b5d6-ab8cb8965121.png,PAO,PAOK Thessaloniki,PAOK,PAOK,PBC,FALSE,https://media-cdn.cortextech.io/1dU3kpCqReRp93/1BSdBWIjChWbHH/0506e7c4-ec4b-460a-bc59-b033ad9e336c.png,EuroCup 2026-27,U2026,2026-27,U,2026,2026-07-01T00:00:00
014862,"ONGENDA, NICK",Nick Ongenda,"ONGENDA, NICK","ONGENDA, NICK",LONONGA MANGWANGI NICKOLAS ALBERT,ONGENDANGENDA,ONGENDA,NA,RSA,South Africa,211,110,2000-09-29T00:00:00,RSA,South Africa,NA,NA,NA,FALSE,NA,J,Player,TRUE,2026-09-08T11:41:13.09,2027-06-30T00:00:00,0,14,14,3,Center,HAPOEL HAEMEK,56009,https://media-cdn.cortextech.io/1dU3kpCqReRp93/1BSdBWIjCjnOS4/c6d8959a-cb85-473b-aef0-48283fb7f358.png,https://media-cdn.cortextech.io/1dU3kpCqReRp93/1BSdBWIjCjnOS4/c6d8959a-cb85-473b-aef0-48283fb7f358.png,MAN,Kids&Us Manresa,K&U Manresa,Manresa,MAN,FALSE,https://media-cdn.cortextech.io/1dU3kpCqReRp93/1BSdBWIjCgOCpC/06792bed-0383-4de2-80b9-95ecca3fd973.png,EuroCup 2026-27,U2026,2026-27,U,2026,2026-07-01T00:00:00
005917,"ORIOLA, PIERRE",Pierre Oriola,Oriola,Oriola,PIERRE DAVID,ORIOLA GARRIGA,ORIOLA,"Oriola, P.",ESP,Spain,208,104,1992-09-25T00:00:00,ESP,Spain,PierreOriola,pierreoriola/,,FALSE,NA,J,Player,TRUE,2026-09-08T11:41:13.309,2027-06-30T00:00:00,0,29,29,3,Center,BAXI MANRESA,56010,https://media-cdn.cortextech.io/1dU3kpCqReRp93/1BSdBWIjCjnOS4/ac123249-b2d8-46a7-a93c-30d8e8d944bc.png,https://media-cdn.cortextech.io/1dU3kpCqReRp93/1BSdBWIjCjnOS4/ac123249-b2d8-46a7-a93c-30d8e8d944bc.png,MAN,Kids&Us Manresa,K&U Manresa,Manresa,MAN,FALSE,https://media-cdn.cortextech.io/1dU3kpCqReRp93/1BSdBWIjCgOCpC/06792bed-0383-4de2-80b9-95ecca3fd973.png,EuroCup 2026-27,U2026,2026-27,U,2026,2026-07-01T00:00:00
015207,"OSIFO, OSAYI",Osayi Osifo,"OSIFO, OSAYI","OSIFO, OSAYI",OSAYIMWEN OLUGBENGA BENSON,OSIFO,OSIFO,NA,RSA,South Africa,200,99,2000-04-06T00:00:00,RSA,South Africa,NA,NA,NA,FALSE,NA,J,Player,TRUE,2026-09-23T08:30:05.835,2027-06-30T00:00:00,0,14,14,3,Center,DENVER NUGGETS,56966,https://media-cdn.cortextech.io/1dU3kpCqReRp93/1BSdBWIjCjnOO0/b05cb8af-922c-4fdc-8ecc-44b3a0a94603.png,https://media-cdn.cortextech.io/1dU3kpCqReRp93/1BSdBWIjCjnOO0/b05cb8af-922c-4fdc-8ecc-44b3a0a94603.png,LJU,Cedevita Olimpija Ljubljana,Cedevita Olimp,Cedevita Olimpija,COL,FALSE,https://media-cdn.incrowdsports.com/73b33d13-570e-4e49-a9cb-fe806831eaa7.png,EuroCup 2026-27,U2026,2026-27,U,2026,2026-07-01T00:00:00
004088,"OSMAN, CEDI",Cedi Osman,Osman,Osman,CEDI,OSMAN,OSMAN,"Osman, C.",TUR,Turkiye,204,104,1995-04-08T00:00:00,MKD,North Macedonia,,,,FALSE,NA,J,Player,TRUE,2026-09-08T12:42:08.148,2027-06-30T00:00:00,0,6,6,2,Forward,PANATHINAIKOS AKTOR ATHENS,56073,https://media-cdn.cortextech.io/1dU3kpCqReRp93/1BSdBWIjCjnOO0/73edf161-e304-4cb9-b37b-44cddefb6a27.png,https://media-cdn.cortextech.io/1dU3kpCqReRp93/1BSdBWIjCjnOO0/73edf161-e304-4cb9-b37b-44cddefb6a27.png,PAO,PAOK Thessaloniki,PAOK,PAOK,PBC,FALSE,https://media-cdn.cortextech.io/1dU3kpCqReRp93/1BSdBWIjChWbHH/0506e7c4-ec4b-460a-bc59-b033ad9e336c.png,EuroCup 2026-27,U2026,2026-27,U,2026,2026-07-01T00:00:00
014894,"OWENS, ISAYAH",Isayah Owens,"OWENS, ISAYAH","OWENS, ISAYAH",ISAYAH,OWENS,OWENS,NA,USA,United States of America,187,80,2002-03-11T00:00:00,USA,United States of America,,,,FALSE,NA,J,Player,TRUE,2026-09-08T12:48:32.14,2027-06-30T00:00:00,0,6,6,1,Guard,COKER COLLEGE COBRAS,56095,https://media-cdn.cortextech.io/1dU3kpCqReRp93/1BSdBWIjCjnOS5/1beaad6d-c698-44c6-a908-7b706ed16e1d.png,https://media-cdn.cortextech.io/1dU3kpCqReRp93/1BSdBWIjCjnOS5/1beaad6d-c698-44c6-a908-7b706ed16e1d.png,RTK,Rostock Seawolves, Rostock, Rostock,ROS,FALSE,https://media-cdn.cortextech.io/1dU3kpCqReRp93/1BSdBWIjCgOCpC/de14cdb9-c0f7-485f-84ac-f305ace44723.png,EuroCup 2026-27,U2026,2026-27,U,2026,2026-07-01T00:00:00
006640,"OZDEMIROGLU, DOGUS",Dogus Ozdemiroglu,Ozdemiroglu,Ozdemiroglu,DOGUS,OZDEMIROGLU,OZDEMIROGLU,"Ozdemiroglu, D.",TUR,Turkiye,194,85,1996-04-17T00:00:00,TUR,Turkiye,,,,FALSE,NA,J,Player,TRUE,2026-09-09T15:24:39.78,2027-06-30T00:00:00,0,18,18,1,Guard,TURK TELEKOM ANKARA,56345,https://media-cdn.cortextech.io/1dU3kpCqReRp93/1BSdBWIjCjnOS4/b1c4f2a0-d486-449d-9d86-d4e162e71818.png,https://media-cdn.cortextech.io/1dU3kpCqReRp93/1BSdBWIjCjnOS4/b1c4f2a0-d486-449d-9d86-d4e162e71818.png,TTK,Turk Telekom Ankara,Turk Telekom,Turk Telekom,TTA,FALSE,https://media-cdn.incrowdsports.com/4ba35608-54ca-4800-a59c-f2571e6f8e13.png,EuroCup 2026-27,U2026,2026-27,U,2026,2026-07-01T00:00:00
013883,"PACEVICIUS, MARTYNAS",Martynas Pacevicius,"PACEVICIUS, MARTYNAS","PACEVICIUS, MARTYNAS",MARTYNAS,PACEVICIUS,PACEVICIUS,NA,LTU,Lithuania,205,103,1997-07-19T00:00:00,LTU,Lithuania,,,,FALSE,NA,J,Player,TRUE,2026-09-10T10:12:12.144,2027-06-30T00:00:00,0,9,9,3,Center,KLAIPEDOS NEPTUNAS,56426,https://media-cdn.cortextech.io/1dU3kpCqReRp93/1BSdBWIjCjnOO0/f24e0f7f-0a7c-4f95-b5db-2700e101820b.png,https://media-cdn.cortextech.io/1dU3kpCqReRp93/1BSdBWIjCjnOO0/f24e0f7f-0a7c-4f95-b5db-2700e101820b.png,SIA,Siauliai Basketball,Siauliai ,Siauliai ,SIA,FALSE,https://media-cdn.cortextech.io/1dU3kpCqReRp93/1BSdBWIjCgOCpC/55a49aa3-e91f-45cc-88d0-670896ce5825.png,EuroCup 2026-27,U2026,2026-27,U,2026,2026-07-01T00:00:00
007306,"PAPE, TILL",Till Pape,"PAPE, TILL","PAPE, TILL",TILL,PAPE,PAPE,"Pape, T.",GER,Germany,206,101,1997-12-10T00:00:00,GER,Germany,,,NA,FALSE,NA,J,Player,TRUE,2026-09-14T08:57:48.739,2027-06-30T00:00:00,0,19,19,2,Forward,SKYLINERS FRANKFURT,56541,https://media-cdn.cortextech.io/1dU3kpCqReRp93/1BSdBWIjCjnOO1/b1bf4c35-b339-424a-a84e-669eadbbe717.png,https://media-cdn.cortextech.io/1dU3kpCqReRp93/1BSdBWIjCjnOO1/b1bf4c35-b339-424a-a84e-669eadbbe717.png,FRA,Skyliners Frankfurt,Skyliners,Skyliners,SKY,FALSE,https://media-cdn.cortextech.io/1dU3kpCqReRp93/1BSdBWIjCgOCpC/6afb32b8-e6dc-4f79-b14a-2d99fdb34cde.png,EuroCup 2026-27,U2026,2026-27,U,2026,2026-07-01T00:00:00
011909,"PARKS, JORDAN",Jordan Parks,"PARKS, JORDAN","PARKS, JORDAN",JORDAN ANTHONY,PARKS,PARKS,,USA,United States of America,201,95,1994-04-06T00:00:00,USA,United States of America,,,,FALSE,NA,J,Player,TRUE,2026-09-08T10:37:34.593,2027-06-30T00:00:00,0,22,22,2,Forward,REYER VENEZIA,55918,https://media-cdn.cortextech.io/1dU3kpCqReRp93/1BSdBWIjCjnOS5/9eadd729-cdd0-4ef5-b7d3-b9a47e1de658.png,https://media-cdn.cortextech.io/1dU3kpCqReRp93/1BSdBWIjCjnOS5/9eadd729-cdd0-4ef5-b7d3-b9a47e1de658.png,VNC,Umana Reyer Venice,Reyer Venice,Reyer Venice,URV,FALSE,https://media-cdn.incrowdsports.com/104f5074-9f23-47da-a21f-f2078db8244c.png,EuroCup 2026-27,U2026,2026-27,U,2026,2026-07-01T00:00:00
015042,"PARSONS, MALIK",Malik Parsons,"PARSONS, MALIK","PARSONS, MALIK","MALIK, DISJOHN",PARSONS,PARSONS,NA,USA,United States of America,190,87,1999-08-17T00:00:00,USA,United States of America,,,,FALSE,NA,J,Player,TRUE,2026-09-09T17:28:21.329,2027-06-30T00:00:00,0,3,3,1,Guard,RASTA VECHTA,56394,NA,NA,WRO,Slask Wroclaw,Slask,Slask,WKS,FALSE,https://media-cdn.incrowdsports.com/0415061b-5374-4a0d-bc04-8fcbc8ad0bb3.png,EuroCup 2026-27,U2026,2026-27,U,2026,2026-07-01T00:00:00
015112,"PASAOGLU, POYRAZ",Poyraz Pasaoglu,"PASAOGLU, POYRAZ","PASAOGLU, POYRAZ",RIZA POYRAZ,PASAOGLU,PASAOGLU,NA,TUR,Turkiye,201,82,2008-01-04T00:00:00,TUR,Turkiye,NA,NA,NA,FALSE,NA,J,Player,TRUE,2026-09-14T10:32:04.309,2027-06-30T00:00:00,0,35,35,2,Forward,TOFAS BURSA,56573,https://media-cdn.cortextech.io/1dU3kpCqReRp93/1BSdBWIjCjnOS3/b2b6bbfd-120b-47aa-8569-ea3cb23b8f01.png,https://media-cdn.cortextech.io/1dU3kpCqReRp93/1BSdBWIjCjnOS3/b2b6bbfd-120b-47aa-8569-ea3cb23b8f01.png,BUR,Tofas Bursa,Tofas Bursa,Tofas,TOF,FALSE,https://media-cdn.cortextech.io/1dU3kpCqReRp93/1BSdBWIjChWbHH/72e5c4e0-abe1-43ce-bfb7-dcb025bb4adc.png,EuroCup 2026-27,U2026,2026-27,U,2026,2026-07-01T00:00:00
005438,"PECCHIA, ANDREA",Andrea Pecchia,Pecchia,Pecchia,ANDREA,PECCHIA,PECCHIA,"Pecchia, A.",ITA,Italy,197,90,1997-11-16T00:00:00,ITA,Italy,,,,FALSE,NA,J,Player,TRUE,2026-09-08T13:13:09.927,2027-06-30T00:00:00,0,6,6,1,Guard,DERTHONA BASKET S.S.R.L.,56109,NA,NA,TRT,Baglietto Derthona Tortona,Derthona,Derthona,DER,FALSE,https://media-cdn.cortextech.io/1dU3kpCqReRp93/1BSdBWIjCjnONv/4976fa46-8eb4-471c-b6dd-4704866c5769.png,EuroCup 2026-27,U2026,2026-27,U,2026,2026-07-01T00:00:00
013135,"PENDA, SWANN",Swann Penda,"PENDA, SWANN","PENDA, SWANN",SWANN,PENDA,PENDA,NA,FRA,France,205,105,2008-02-12T00:00:00,FRA,France,,,,FALSE,NA,J,Player,TRUE,2026-09-08T12:13:20.499,2027-06-30T00:00:00,0,93,93,2,Forward,LE MANS SARTHE BASKET,56051,https://media-cdn.cortextech.io/1dU3kpCqReRp93/1BSdBWIjCjnOS3/5f6c04b6-e1c5-4640-a5d2-0da336c0c878.png,https://media-cdn.cortextech.io/1dU3kpCqReRp93/1BSdBWIjCjnOS3/5f6c04b6-e1c5-4640-a5d2-0da336c0c878.png,LEM,Le Mans Sarthe Basket,Le Mans Sarthe,Le Mans Sarthe,MSB,FALSE,https://media-cdn.cortextech.io/1dU3kpCqReRp93/1BSdBWIjCgOCpC/b8ec3298-5030-4865-8469-722a21b471c3.png,EuroCup 2026-27,U2026,2026-27,U,2026,2026-07-01T00:00:00
015065,"PERKINS, TONY",Tony Perkins,"PERKINS, TONY","PERKINS, TONY",TONY DARNELL,PERKINS,PERKINS,NA,USA,United States of America,193,93,2001-12-04T00:00:00,USA,United States of America,,,,FALSE,NA,J,Player,TRUE,2026-09-10T11:07:31.354,2027-06-30T00:00:00,0,1,1,1,Guard,ERA NYMBURK,56438,https://media-cdn.cortextech.io/1dU3kpCqReRp93/1BSdBWIjCjnOS3/e8f01d76-85d2-4032-b96d-04b1d74eb0e1.png,https://media-cdn.cortextech.io/1dU3kpCqReRp93/1BSdBWIjCjnOS3/e8f01d76-85d2-4032-b96d-04b1d74eb0e1.png,RIG,Riga Zelli,Riga Zelli,Riga Zelli,RIG,FALSE,https://media-cdn.cortextech.io/1dU3kpCqReRp93/1BSdBWIjCgOCpC/0ab8fe2a-5972-48c5-bdff-f5159ca0abe7.png,EuroCup 2026-27,U2026,2026-27,U,2026,2026-07-01T00:00:00
015181,"PERRY, REGINALD",Reginald Perry,"PERRY, REGINALD","PERRY, REGINALD",REGINALD JORDAN,PERRY,PERRY,NA,USA,United States of America,130,205,2000-03-21T00:00:00,USA,United States of America,NA,NA,NA,FALSE,NA,J,Player,TRUE,2026-09-21T10:55:46.047,2027-06-30T00:00:00,0,11,11,3,Center,BEJING ROYAL FIGHTERS,56926,NA,NA,BOS,BOSNA BH Telecom Sarajevo,BOSNA,BOSNA,BOS,FALSE,https://media-cdn.cortextech.io/1dU3kpCqReRp93/1BSdBWIjCjnOJl/0024f0d4-55d9-4ed0-be41-68c0e90c41d5.png,EuroCup 2026-27,U2026,2026-27,U,2026,2026-07-01T00:00:00
010387,"PERSIDIS, NIKOLAOS",Nikolaos Persidis,"PERSIDIS, NIKOLAOS","PERSIDIS, NIKOLAOS",NIKOLAOS,PERSIDIS,PERSIDIS,"Persidis, N.",GRE,Greece,201,99,1995-09-08T00:00:00,GRE,Greece,,,,FALSE,NA,J,Player,TRUE,2026-09-08T12:42:09.751,2027-06-30T00:00:00,0,18,18,2,Forward,PAOK BC,56080,https://media-cdn.cortextech.io/1dU3kpCqReRp93/1BSdBWIjCjnOO0/b0278278-1368-4b8a-8523-b8eb0b193410.png,https://media-cdn.cortextech.io/1dU3kpCqReRp93/1BSdBWIjCjnOO0/b0278278-1368-4b8a-8523-b8eb0b193410.png,PAO,PAOK Thessaloniki,PAOK,PAOK,PBC,FALSE,https://media-cdn.cortextech.io/1dU3kpCqReRp93/1BSdBWIjChWbHH/0506e7c4-ec4b-460a-bc59-b033ad9e336c.png,EuroCup 2026-27,U2026,2026-27,U,2026,2026-07-01T00:00:00
015125,"PETERS, MAXIMILIAN",Maximilian Peters,"PETERS, MAXIMILIAN","PETERS, MAXIMILIAN",MAXIMILIAN ULRICH,PETERS,Peters,NA,GER,Germany,205,95,2007-01-26T00:00:00,GER,Germany,NA,NA,NA,FALSE,NA,J,Player,TRUE,2026-09-14T15:32:22.239,2027-06-30T00:00:00,0,21,21,2,Forward,SKYLINERS FRANKFURT,56675,NA,NA,FRA,Skyliners Frankfurt,Skyliners,Skyliners,SKY,FALSE,https://media-cdn.cortextech.io/1dU3kpCqReRp93/1BSdBWIjCgOCpC/6afb32b8-e6dc-4f79-b14a-2d99fdb34cde.png,EuroCup 2026-27,U2026,2026-27,U,2026,2026-07-01T00:00:00
010579,"PETRUCELLI, JOHN",John Petrucelli,"PETRUCELLI, JOHN","PETRUCELLI, JOHN",JOHN JOSEPH,PETRUCELLI,PETRUCELLI,"Petrucelli, J.",ITA,Italy,193,86,1992-10-27T00:00:00,USA,United States of America,,,,FALSE,NA,J,Player,TRUE,2026-09-10T09:34:20.959,2027-06-30T00:00:00,0,11,11,1,Guard,GALATASARAY SPOR KULUBU DERNEGI,56424,NA,NA,NAP,Napoli Basketball,Napoli,Napoli,NAP,FALSE,https://media-cdn.cortextech.io/1dU3kpCqReRp93/1BSdBWIjCgOCpC/c2de1d20-72f4-4453-95de-b4534db6d57f.png,EuroCup 2026-27,U2026,2026-27,U,2026,2026-07-01T00:00:00
009649,"PHILLIP, TARIK",Tarik Phillip,"PHILLIP, TARIK","PHILLIP, TARIK",TARIK TOBIAS,PHILLIP,PHILLIP,"Phillip, T.",UK ,United Kingdom,191,85,1993-08-10T00:00:00,USA,United States of America,,t_r.e.x,,FALSE,NA,J,Player,TRUE,2026-09-14T15:15:11.428,2027-06-30T00:00:00,0,22,22,1,Guard,BC LONDON LIONS,56666,https://media-cdn.cortextech.io/1dU3kpCqReRp93/1BSdBWIjCjnONv/c419edef-7b9f-4363-b494-1899292e2d5f.png,https://media-cdn.cortextech.io/1dU3kpCqReRp93/1BSdBWIjCjnONv/c419edef-7b9f-4363-b494-1899292e2d5f.png,LLI,London Lions,London,London,LDN,FALSE,https://media-cdn.cortextech.io/102de468-9e41-4b8e-b44d-23bebb9e916f.png,EuroCup 2026-27,U2026,2026-27,U,2026,2026-07-01T00:00:00
015047,"PIPES JR, SHAWN",Shawn Pipes Jr,"PIPES JR, SHAWN","PIPES JR, SHAWN",SHAWN O NEAL,PIPES JR,PIPES JR,NA,USA,United States of America,193,84,1999-03-20T00:00:00,USA,United States of America,NA,NA,NA,FALSE,NA,J,Player,TRUE,2026-09-10T07:41:12.072,2027-06-30T00:00:00,0,2,2,1,Guard,BUYUKCEKMECE,56403,NA,NA,BOS,BOSNA BH Telecom Sarajevo,BOSNA,BOSNA,BOS,FALSE,https://media-cdn.cortextech.io/1dU3kpCqReRp93/1BSdBWIjCjnOJl/0024f0d4-55d9-4ed0-be41-68c0e90c41d5.png,EuroCup 2026-27,U2026,2026-27,U,2026,2026-07-01T00:00:00
006240,"PLAVSIC, UROS",Uros Plavsic,Plavsic,Plavsic,UROS,PLAVSIC,PLAVSIC,"Plavsic, U.",SRB,Serbia,215,108,1998-12-22T00:00:00,SRB,Serbia,,,,FALSE,NA,J,Player,TRUE,2026-09-08T10:47:14.664,2027-06-30T00:00:00,0,22,22,3,Center,BORDO SPORTIF ANONIM SIRKETI,55936,https://media-cdn.cortextech.io/1dU3kpCqReRp93/1BSdBWIjCjnOS3/e9a9a947-0a36-442b-9458-9ca559ce4bd2.png,https://media-cdn.cortextech.io/1dU3kpCqReRp93/1BSdBWIjCjnOS3/e9a9a947-0a36-442b-9458-9ca559ce4bd2.png,CLU,U-BT Cluj-Napoca,U-BT Cluj,Cluj,UBT,FALSE,https://media-cdn.incrowdsports.com/ae3e2844-0615-41bb-a788-a4f0d54b8d5e.png,EuroCup 2026-27,U2026,2026-27,U,2026,2026-07-01T00:00:00
006254,"POELKING, MOSES",Moses Poelking,MOSES POELKING,MOSES POELKING,MOSES,POELKING,Pölking,NA,GER,Germany,206,104,1997-11-30T00:00:00,GER,Germany,NA,NA,NA,FALSE,NA,J,Player,TRUE,2026-09-10T15:14:50.165,2027-06-30T00:00:00,0,6,6,3,Center,SKYLINERS FRANKFURT,56506,https://media-cdn.cortextech.io/1dU3kpCqReRp93/1BSdBWIjCjnOO1/95fd2bb4-3d22-4ab1-8ae4-74ad3012e82b.png,https://media-cdn.cortextech.io/1dU3kpCqReRp93/1BSdBWIjCjnOO1/95fd2bb4-3d22-4ab1-8ae4-74ad3012e82b.png,FRA,Skyliners Frankfurt,Skyliners,Skyliners,SKY,FALSE,https://media-cdn.cortextech.io/1dU3kpCqReRp93/1BSdBWIjCgOCpC/6afb32b8-e6dc-4f79-b14a-2d99fdb34cde.png,EuroCup 2026-27,U2026,2026-27,U,2026,2026-07-01T00:00:00
004172,"PONITKA, MATEUSZ",Mateusz Ponitka,Ponitka,Ponitka,MATEUSZ MICHAL,PONITKA,PONI,"Ponitka, M.",POL,Poland,198,96,1993-08-29T00:00:00,POL,Poland,1Ponitka0,mateuszponitka/,PonitkaMM/,FALSE,NA,J,Player,TRUE,2026-09-08T16:24:58.56,2027-06-30T00:00:00,0,38,38,2,Forward,BAHCESEHIR COLLEGE SPORTS CLUB,56223,https://media-cdn.cortextech.io/1dU3kpCqReRp93/1BSdBWIjCjnOS1/6bcf14d5-2da9-4b2c-ba71-3b53e21a7029.png,https://media-cdn.cortextech.io/1dU3kpCqReRp93/1BSdBWIjCjnOS1/6bcf14d5-2da9-4b2c-ba71-3b53e21a7029.png,BAH,Bahcesehir College Istanbul,Bahcesehir,Bahcesehir,BKS,FALSE,https://media-cdn.incrowdsports.com/1d3274d8-da86-4d21-9e97-6810ab88babe.png,EuroCup 2026-27,U2026,2026-27,U,2026,2026-07-01T00:00:00
006230,"POPOVIC, NIKOLA",Nikola Popovic,NIKOLA POPOVIC,NIKOLA POPOVIC,NIKOLA,POPOVIC,POPOVIC,"Popovic, N.",BIH,Bosnia and Herzegovina,211,105,1997-07-19T00:00:00,BIH,Bosnia and Herzegovina,,,,FALSE,NA,J,Player,TRUE,2026-09-10T07:50:07.401,2027-06-30T00:00:00,0,21,21,3,Center,KK IGOKEA,56408,NA,NA,BOS,BOSNA BH Telecom Sarajevo,BOSNA,BOSNA,BOS,FALSE,https://media-cdn.cortextech.io/1dU3kpCqReRp93/1BSdBWIjCjnOJl/0024f0d4-55d9-4ed0-be41-68c0e90c41d5.png,EuroCup 2026-27,U2026,2026-27,U,2026,2026-07-01T00:00:00
014943,"POSTEL, EFE",Efe Postel,"POSTEL, EFE","POSTEL, EFE",EFE EVAN,POSTEL,POSTEL,NA,TUR,Turkiye,190,87,2006-06-03T00:00:00,FRA,France,,,,FALSE,NA,J,Player,TRUE,2026-09-08T16:20:21.579,2027-06-30T00:00:00,0,22,22,1,Guard,TOFAS BURSA,56208,https://media-cdn.cortextech.io/1dU3kpCqReRp93/1BSdBWIjCjnOS3/4ebdbf50-0905-4d07-afb3-db19bd99b459.png,https://media-cdn.cortextech.io/1dU3kpCqReRp93/1BSdBWIjCjnOS3/4ebdbf50-0905-4d07-afb3-db19bd99b459.png,BUR,Tofas Bursa,Tofas Bursa,Tofas,TOF,FALSE,https://media-cdn.cortextech.io/1dU3kpCqReRp93/1BSdBWIjChWbHH/72e5c4e0-abe1-43ce-bfb7-dcb025bb4adc.png,EuroCup 2026-27,U2026,2026-27,U,2026,2026-07-01T00:00:00
013958,"POULIANITIS, STYLIANOS",Stylianos Poulianitis,"POULIANITIS, STYLIANOS","POULIANITIS, STYLIANOS",STYLIANOS,POULIANITIS,POULIANITIS,,GRE,Greece,190,0,1995-04-03T00:00:00,GRE,Greece,,,,FALSE,NA,J,Player,TRUE,2026-09-08T15:37:25.552,2027-06-30T00:00:00,0,11,11,1,Guard,ARIS,56147,NA,NA,ARI,Aris Thessaloniki,Aris,Aris,ARI,FALSE,https://media-cdn.cortextech.io/77e0fd97-1489-4e3c-8e70-ca39075460c0.png,EuroCup 2026-27,U2026,2026-27,U,2026,2026-07-01T00:00:00
014135,"PRICE, ETHAN",Ethan Price,"PRICE, ETHAN","PRICE, ETHAN",ETHAN JACK,PRICE,Price,NA,GBR,United Kingdom,206,108,2001-10-01T00:00:00,GBR,United Kingdom,,,,FALSE,NA,J,Player,TRUE,2026-09-14T15:15:10.21,2027-06-30T00:00:00,0,10,10,2,Forward,BC LONDON LIONS,56663,https://media-cdn.cortextech.io/1dU3kpCqReRp93/1BSdBWIjCjnONv/7d8bb7f5-9997-4d63-8cf2-58b905120d2e.png,https://media-cdn.cortextech.io/1dU3kpCqReRp93/1BSdBWIjCjnONv/7d8bb7f5-9997-4d63-8cf2-58b905120d2e.png,LLI,London Lions,London,London,LDN,FALSE,https://media-cdn.cortextech.io/102de468-9e41-4b8e-b44d-23bebb9e916f.png,EuroCup 2026-27,U2026,2026-27,U,2026,2026-07-01T00:00:00
009446,"RADOSAVLJEVIC, DUSAN",Dusan Radosavljevic,"RADOSAVLJEVIC, DUSAN","RADOSAVLJEVIC, DUSAN",DUSAN,RADOSAVLJEVIC,RADOSAVLJEVIC,"Radosavljevic, D.",SRB,Serbia,201,94,2001-11-03T00:00:00,SRB,Serbia,,,,FALSE,NA,J,Player,TRUE,2026-09-10T14:33:47.923,2027-06-30T00:00:00,0,15,15,2,Forward,FMP BEOGRAD,56495,NA,NA,BGS,Recoletas Salud San Pablo Burgos,Burgos,Burgos,BUR,FALSE,https://media-cdn.cortextech.io/1dU3kpCqReRp93/1BSdBWIjCgOCxM/40c97670-177e-4c74-9f5f-76b528a0da86.png,EuroCup 2026-27,U2026,2026-27,U,2026,2026-07-01T00:00:00
009392,"RADOVIC, ROK",Rok Radovic,"RADOVIC, ROK","RADOVIC, ROK",ROK,RADOVIC,RADOVIC,"Radovic, R.",SLO,Slovenia,198,103,2001-02-04T00:00:00,SLO,Slovenia,,,,FALSE,NA,J,Player,TRUE,2026-09-08T11:04:48.413,2027-06-30T00:00:00,0,3,3,2,Forward,CEDEVITA OLIMPIJA,55961,https://media-cdn.cortextech.io/1dU3kpCqReRp93/1BSdBWIjCjnOO0/580614f2-8770-420d-88e9-74da50969a9e.png,https://media-cdn.cortextech.io/1dU3kpCqReRp93/1BSdBWIjCjnOO0/580614f2-8770-420d-88e9-74da50969a9e.png,LJU,Cedevita Olimpija Ljubljana,Cedevita Olimp,Cedevita Olimpija,COL,FALSE,https://media-cdn.incrowdsports.com/73b33d13-570e-4e49-a9cb-fe806831eaa7.png,EuroCup 2026-27,U2026,2026-27,U,2026,2026-07-01T00:00:00
013863,"RADZIUS, NOJUS",Nojus Radzius,"RADZIUS, NOJUS","RADZIUS, NOJUS",NOJUS,RADZIUS,Radzius,NA,LTU,Lithuania,184,80,2005-06-28T00:00:00,LTU,Lithuania,,,,FALSE,NA,J,Player,TRUE,2026-09-08T18:38:50.822,2027-06-30T00:00:00,0,5,5,1,Guard,LIETKABELIS PANEVEZYS,56226,https://media-cdn.cortextech.io/1dU3kpCqReRp93/1BSdBWIjCjnOO1/8fc48200-4614-46fd-95a7-17d8ede05e89.png,https://media-cdn.cortextech.io/1dU3kpCqReRp93/1BSdBWIjCjnOO1/8fc48200-4614-46fd-95a7-17d8ede05e89.png,LKB,Lietkabelis Panevezys,Lietkabelis,Lietkabelis,LIE,FALSE,https://media-cdn.cortextech.io/ffcb6e37-31f4-48f6-91c2-a8c9a6f791a9.png,EuroCup 2026-27,U2026,2026-27,U,2026,2026-07-01T00:00:00
014099,"RAI, AARYN",Aaryn Rai,"RAI, AARYN","RAI, AARYN",AARYNDEEP SINGH,RAI,Rai,NA,UK ,United Kingdom,197,97,1998-07-20T00:00:00,CAN,Canada,,,,FALSE,NA,J,Player,TRUE,2026-09-14T15:15:11.054,2027-06-30T00:00:00,0,21,21,2,Forward,BC LONDON LIONS,56665,https://media-cdn.cortextech.io/1dU3kpCqReRp93/1BSdBWIjCjnONv/9aa558bb-0065-41a1-9792-2f262feee6dd.png,https://media-cdn.cortextech.io/1dU3kpCqReRp93/1BSdBWIjCjnONv/9aa558bb-0065-41a1-9792-2f262feee6dd.png,LLI,London Lions,London,London,LDN,FALSE,https://media-cdn.cortextech.io/102de468-9e41-4b8e-b44d-23bebb9e916f.png,EuroCup 2026-27,U2026,2026-27,U,2026,2026-07-01T00:00:00
015058,"RAMSEY, JAHMI'US",Jahmi'Us Ramsey,"RAMSEY, JAHMI'US","RAMSEY, JAHMI'US",JAHMIUS ZYMERE,RAMSEY,RAMSEY,NA,USA,United States of America,192,0,2001-06-09T00:00:00,USA,United States of America,,,,FALSE,NA,J,Player,TRUE,2026-09-10T09:32:51.112,2027-06-30T00:00:00,0,37,37,1,Guard,NBA,56423,NA,NA,NAP,Napoli Basketball,Napoli,Napoli,NAP,FALSE,https://media-cdn.cortextech.io/1dU3kpCqReRp93/1BSdBWIjCgOCpC/c2de1d20-72f4-4453-95de-b4534db6d57f.png,EuroCup 2026-27,U2026,2026-27,U,2026,2026-07-01T00:00:00
010072,"RATAJ, MICHAEL",Michael Rataj,"RATAJ, MICHAEL","RATAJ, MICHAEL",MICHAEL KEN,RATAJ,Rataj,"Rataj, M.",GER,Germany,200,104,2003-10-12T00:00:00,GER,Germany,,michael.rtj,,FALSE,NA,J,Player,TRUE,2026-09-08T15:51:56.811,2027-06-30T00:00:00,0,12,12,2,Forward,ALBA BERLIN,56163,https://media-cdn.cortextech.io/1dU3kpCqReRp93/1BSdBWIjCjnOO1/3c4d9f37-4b6d-4ae8-8aa1-a11dd6fd45b2.png,https://media-cdn.cortextech.io/1dU3kpCqReRp93/1BSdBWIjCjnOO1/3c4d9f37-4b6d-4ae8-8aa1-a11dd6fd45b2.png,ULM,ratiopharm ulm,Ulm,Ulm,ULM,FALSE,https://media-cdn.cortextech.io/5750bc8b-dd63-48e4-8586-10d4e5e2b4e2.png,EuroCup 2026-27,U2026,2026-27,U,2026,2026-07-01T00:00:00
010769,"REED, MARCQUISE",Marcquise Reed,"REED, MARCQUISE","REED, MARCQUISE",MARCQUISE DEANDRE,REED,REED,"Reed, M.",USA,United States of America,190,84,1995-04-21T00:00:00,USA,United States of America,,,,FALSE,NA,J,Player,TRUE,2026-09-08T16:21:53.991,2027-06-30T00:00:00,0,0,0,1,Guard,TRABZONSPOR,56214,https://media-cdn.cortextech.io/1dU3kpCqReRp93/1BSdBWIjCjnOS1/317be244-f0bc-490a-b8fa-447e7bdf3739.png,https://media-cdn.cortextech.io/1dU3kpCqReRp93/1BSdBWIjCjnOS1/317be244-f0bc-490a-b8fa-447e7bdf3739.png,BAH,Bahcesehir College Istanbul,Bahcesehir,Bahcesehir,BKS,FALSE,https://media-cdn.incrowdsports.com/1d3274d8-da86-4d21-9e97-6810ab88babe.png,EuroCup 2026-27,U2026,2026-27,U,2026,2026-07-01T00:00:00
015063,"REID, EFTON",Efton Reid,"REID, EFTON","REID, EFTON",EFTON JUNIOUS,REID,REID,NA,USA,United States of America,213,115,2002-02-03T00:00:00,USA,United States of America,,,,FALSE,NA,J,Player,TRUE,2026-09-10T11:00:47.717,2027-06-30T00:00:00,0,15,15,3,Center,OSTROVO STAL POLAND,56436,https://media-cdn.cortextech.io/1dU3kpCqReRp93/1BSdBWIjCjnOO0/d7ccc53d-3cd7-42c8-9bcb-dce1edfd2e68.png,https://media-cdn.cortextech.io/1dU3kpCqReRp93/1BSdBWIjCjnOO0/d7ccc53d-3cd7-42c8-9bcb-dce1edfd2e68.png,SIA,Siauliai Basketball,Siauliai ,Siauliai ,SIA,FALSE,https://media-cdn.cortextech.io/1dU3kpCqReRp93/1BSdBWIjCgOCpC/55a49aa3-e91f-45cc-88d0-670896ce5825.png,EuroCup 2026-27,U2026,2026-27,U,2026,2026-07-01T00:00:00
014097,"REYNOLDS JR, SHAVAR",Shavar Reynolds Jr,"REYNOLDS JR, SHAVAR","REYNOLDS JR, SHAVAR",SHAVAR LEWIS,REYNOLDS JR,REYNOLDS JR,NA,USA,United States of America,188,90,1998-05-11T00:00:00,USA,United States of America,,,,FALSE,NA,J,Player,TRUE,2026-09-08T16:20:22.295,2027-06-30T00:00:00,0,33,33,1,Guard,LONDON LIONS,56211,https://media-cdn.cortextech.io/1dU3kpCqReRp93/1BSdBWIjCjnOS3/51e6bba4-3d6b-48e8-96ec-171f7c19d274.png,https://media-cdn.cortextech.io/1dU3kpCqReRp93/1BSdBWIjCjnOS3/51e6bba4-3d6b-48e8-96ec-171f7c19d274.png,BUR,Tofas Bursa,Tofas Bursa,Tofas,TOF,FALSE,https://media-cdn.cortextech.io/1dU3kpCqReRp93/1BSdBWIjChWbHH/72e5c4e0-abe1-43ce-bfb7-dcb025bb4adc.png,EuroCup 2026-27,U2026,2026-27,U,2026,2026-07-01T00:00:00
014835,"RICE, SIR'JABARI",Sir'Jabari Rice,"RICE, SIR'JABARI","RICE, SIR'JABARI",SIR JABARI PRINCE,RICE,RICE,NA,USA,United States of America,193,82,1998-12-28T00:00:00,USA,United States of America,NA,NA,NA,FALSE,NA,J,Player,TRUE,2026-09-08T10:37:33.44,2027-06-30T00:00:00,0,10,10,1,Guard,ANDORRA,55914,https://media-cdn.cortextech.io/1dU3kpCqReRp93/1BSdBWIjCjnOS5/ee4d3233-e8f1-4559-b830-7b5cbdd8554e.png,https://media-cdn.cortextech.io/1dU3kpCqReRp93/1BSdBWIjCjnOS5/ee4d3233-e8f1-4559-b830-7b5cbdd8554e.png,VNC,Umana Reyer Venice,Reyer Venice,Reyer Venice,URV,FALSE,https://media-cdn.incrowdsports.com/104f5074-9f23-47da-a21f-f2078db8244c.png,EuroCup 2026-27,U2026,2026-27,U,2026,2026-07-01T00:00:00
011801,"RICHARD, PATRICK",Patrick Richard,"RICHARD, PATRICK","RICHARD, PATRICK",PATRICK NEAL,RICHARD II,RICHARD II,,ROU,Romania,194,98,1990-01-25T00:00:00,USA,United States of America,,,,FALSE,NA,J,Player,TRUE,2026-09-08T10:47:15.371,2027-06-30T00:00:00,0,35,35,1,Guard,U-BANCA TRANSILVANIA CLUJ-NAPOCA,55939,https://media-cdn.cortextech.io/1dU3kpCqReRp93/1BSdBWIjCjnOS3/ef781f88-e36f-4dea-b6fd-30dd6e969ac8.png,https://media-cdn.cortextech.io/1dU3kpCqReRp93/1BSdBWIjCjnOS3/ef781f88-e36f-4dea-b6fd-30dd6e969ac8.png,CLU,U-BT Cluj-Napoca,U-BT Cluj,Cluj,UBT,FALSE,https://media-cdn.incrowdsports.com/ae3e2844-0615-41bb-a788-a4f0d54b8d5e.png,EuroCup 2026-27,U2026,2026-27,U,2026,2026-07-01T00:00:00
010074,"RICHARDSON, ALEXANDER",Alexander Richardson,"RICHARDSON, ALEXANDER","RICHARDSON, ALEXANDER",ALEXANDER ROBERT DIETER,RICHARDSON,Richardson,NA,GER,Germany,206,108,2003-09-09T00:00:00,SCO,Scotland,,,,FALSE,NA,J,Player,TRUE,2026-09-08T16:08:09.727,2027-06-30T00:00:00,0,9,9,3,Center,LOYOLA UNIVERSITY CHICAGO,56186,NA,NA,NIN,NINERS Chemnitz,Chemnitz,Chemnitz,CHE,FALSE,https://media-cdn.cortextech.io/75ae96be-69f9-4e48-b5bd-b1056842db57.png,EuroCup 2026-27,U2026,2026-27,U,2026,2026-07-01T00:00:00
014925,"ROBINEAU, HUGO",Hugo Robineau,"ROBINEAU, HUGO","ROBINEAU, HUGO","HUGO, LOUIS",ROBINEAU,ROBINEAU,NA,FRA,France,195,90,2000-02-27T00:00:00,FRA,France,,,,FALSE,NA,J,Player,TRUE,2026-09-08T15:56:54.815,2027-06-30T00:00:00,0,87,87,1,Guard,BOULAZAC,56179,https://media-cdn.cortextech.io/1dU3kpCqReRp93/1BSdBWIjCjnOS0/e71fa229-403f-464c-bf25-6c739b9dbdeb.png,https://media-cdn.cortextech.io/1dU3kpCqReRp93/1BSdBWIjCjnOS0/e71fa229-403f-464c-bf25-6c739b9dbdeb.png,BOU,Cosea JL Bourg-en-Bresse,Cosea JL Bourg,Bourg,JLB,FALSE,https://media-cdn.incrowdsports.com/d4225e1b-7c1b-4382-98d4-ca8511c64441.png,EuroCup 2026-27,U2026,2026-27,U,2026,2026-07-01T00:00:00
014910,"ROBINSON - EARL, JEREMIAH",Jeremiah Robinson - Earl,"ROBINSON - EARL, JEREMIAH","ROBINSON - EARL, JEREMIAH",JEREMIAH - CHRISTIAN,ROBINSON - EARL,Robinson - Earl,NA,USA,United States of America,206,106,2000-11-03T00:00:00,USA,United States of America,,,,FALSE,NA,J,Player,TRUE,2026-09-08T15:36:59.672,2027-06-30T00:00:00,0,3,3,2,Forward,DALLAS MAVERICKS,56145,NA,NA,ARI,Aris Thessaloniki,Aris,Aris,ARI,FALSE,https://media-cdn.cortextech.io/77e0fd97-1489-4e3c-8e70-ca39075460c0.png,EuroCup 2026-27,U2026,2026-27,U,2026,2026-07-01T00:00:00
012042,"ROBINSON, DEVIN",Devin Robinson,"ROBINSON, DEVIN","ROBINSON, DEVIN",DEVIN RAY,ROBINSON,ROBINSON,,USA,United States of America,203,96,1995-03-07T00:00:00,USA,United States of America,,,,FALSE,NA,J,Player,TRUE,2026-09-09T17:30:44.371,2027-06-30T00:00:00,0,5,5,2,Forward,CASADEMONT ZARAGOZA,56395,NA,NA,WRO,Slask Wroclaw,Slask,Slask,WKS,FALSE,https://media-cdn.incrowdsports.com/0415061b-5374-4a0d-bc04-8fcbc8ad0bb3.png,EuroCup 2026-27,U2026,2026-27,U,2026,2026-07-01T00:00:00
014904,"RODDY, DAVID",David Roddy,"RODDY, DAVID","RODDY, DAVID",DAVID MICHAEL,RODDY,RODDY,NA,USA,United States of America,0,0,2001-03-27T00:00:00,USA,United States of America,,,,FALSE,NA,J,Player,TRUE,2026-09-08T13:34:31.489,2027-06-30T00:00:00,0,21,21,2,Forward,DENVER NUGGETS,56120,https://media-cdn.cortextech.io/1dU3kpCqReRp93/1BSdBWIjCjnOS5/79caccff-92d6-421d-8cad-680be28b5ffe.png,https://media-cdn.cortextech.io/1dU3kpCqReRp93/1BSdBWIjCjnOS5/79caccff-92d6-421d-8cad-680be28b5ffe.png,JER,Hapoel Midtown Jerusalem,Hapoel JLM,Jerusalem,JLM,FALSE,https://media-cdn.cortextech.io/1dU3kpCqReRp93/1BSdBWIjCiezvp/6d6e8da8-550f-4d1f-8a06-4611227e0c31.png,EuroCup 2026-27,U2026,2026-27,U,2026,2026-07-01T00:00:00
008216,"ROEDL, ELIAS",Elias Roedl,"ROEDL, ELIAS","ROEDL, ELIAS",ELIAS MARTIN,ROEDL,RÖDL,"roedl, E.",GER,Germany,198,93,2002-05-25T00:00:00,GER,Germany,,,,FALSE,NA,J,Player,TRUE,2026-09-08T16:08:09.933,2027-06-30T00:00:00,0,11,11,2,Forward,BRANDEIS UNIVERSITY,56187,NA,NA,NIN,NINERS Chemnitz,Chemnitz,Chemnitz,CHE,FALSE,https://media-cdn.cortextech.io/75ae96be-69f9-4e48-b5bd-b1056842db57.png,EuroCup 2026-27,U2026,2026-27,U,2026,2026-07-01T00:00:00
015061,"ROMANCENKO, DOVYDAS",Dovydas Romancenko,"ROMANCENKO, DOVYDAS","ROMANCENKO, DOVYDAS",DOVYDAS,ROMANCENKO,ROMANCENKO,NA,LTU,Lithuania,206,103,1998-06-01T00:00:00,LTU,Lithuania,,,,FALSE,NA,J,Player,TRUE,2026-09-10T10:37:31.263,2027-06-30T00:00:00,0,25,25,2,Forward,SIAULIAI,56431,https://media-cdn.cortextech.io/1dU3kpCqReRp93/1BSdBWIjCjnOO0/34e28613-5259-40e7-ac0a-d0825930a6e8.png,https://media-cdn.cortextech.io/1dU3kpCqReRp93/1BSdBWIjCjnOO0/34e28613-5259-40e7-ac0a-d0825930a6e8.png,SIA,Siauliai Basketball,Siauliai ,Siauliai ,SIA,FALSE,https://media-cdn.cortextech.io/1dU3kpCqReRp93/1BSdBWIjCgOCpC/55a49aa3-e91f-45cc-88d0-670896ce5825.png,EuroCup 2026-27,U2026,2026-27,U,2026,2026-07-01T00:00:00
014177,"RYAN, MATT",Matt Ryan,"RYAN, MATT","RYAN, MATT",MATTHEW RICHARD,RYAN,RYAN,NA,USA,United States of America,198,98,1997-04-17T00:00:00,USA,United States of America,,,,FALSE,NA,J,Player,TRUE,2026-09-09T13:19:40.573,2027-06-30T00:00:00,0,32,32,2,Forward,DUBAI BASKETBALL,56320,NA,NA,MRO,Maxima Roma,Maxima Roma,Maxima Roma,RMA,FALSE,https://media-cdn.cortextech.io/1dU3kpCqReRp93/1BSdBWIjChWbHH/f1547a87-c0bf-41ab-bf7e-a0001649430d.png,EuroCup 2026-27,U2026,2026-27,U,2026,2026-07-01T00:00:00
011334,"SAKAITIS, RYTIS",Rytis Sakaitis,"SAKAITIS, RYTIS","SAKAITIS, RYTIS",RYTIS,SAKAITIS,Šakaitis,,LTU,Lithuania,193,82,2004-07-23T00:00:00,LTU,Lithuania,,,,FALSE,NA,J,Player,TRUE,2026-09-23T11:18:31.043,2027-06-30T00:00:00,0,12,12,1,Guard,NEPTUNAS-II,56974,NA,NA,KLA,Neptunas Klaipeda,Neptunas,Neptunas,NEP,FALSE,https://media-cdn.cortextech.io/ed0df5cd-c9e4-4387-bcd4-3606270cd255.png,EuroCup 2026-27,U2026,2026-27,U,2026,2026-07-01T00:00:00
007550,"SAMAR, ZIGA",Ziga Samar,"SAMAR, ZIGA","SAMAR, ZIGA",ZIGA,SAMAR,SAMAR,"Samar, Z.",SLO,Slovenia,197,94,2001-01-26T00:00:00,SLO,Slovenia,,,,FALSE,NA,J,Player,TRUE,2026-09-10T14:33:47.455,2027-06-30T00:00:00,0,5,5,1,Guard,DREAMLAND GRAN CANARIA,56493,NA,NA,BGS,Recoletas Salud San Pablo Burgos,Burgos,Burgos,BUR,FALSE,https://media-cdn.cortextech.io/1dU3kpCqReRp93/1BSdBWIjCgOCxM/40c97670-177e-4c74-9f5f-76b528a0da86.png,EuroCup 2026-27,U2026,2026-27,U,2026,2026-07-01T00:00:00
014921,"SAMUEL, TYRESE",Tyrese Samuel,"SAMUEL, TYRESE","SAMUEL, TYRESE","TYRESE, JONATHON",SAMUEL,SAMUEL,NA,ANT,Antigua and Barbuda,206,105,2000-03-10T00:00:00,CAN,Canada,,,,FALSE,NA,J,Player,TRUE,2026-09-08T15:56:53.114,2027-06-30T00:00:00,0,5,5,2,Forward,VANCOUVER,56173,https://media-cdn.cortextech.io/1dU3kpCqReRp93/1BSdBWIjCjnOS0/d1594814-0453-400f-b545-3a6e09db309b.png,https://media-cdn.cortextech.io/1dU3kpCqReRp93/1BSdBWIjCjnOS0/d1594814-0453-400f-b545-3a6e09db309b.png,BOU,Cosea JL Bourg-en-Bresse,Cosea JL Bourg,Bourg,JLB,FALSE,https://media-cdn.incrowdsports.com/d4225e1b-7c1b-4382-98d4-ca8511c64441.png,EuroCup 2026-27,U2026,2026-27,U,2026,2026-07-01T00:00:00
013499,"SANCHEZ, LUCAS",Lucas Sanchez,"SANCHEZ, L.","SANCHEZ, L.",LUCAS,SANCHEZ FERNANDEZ,SANCHEZ,,ESP,Spain,192,82,2008-04-03T00:00:00,ESP,Spain,,,,FALSE,NA,J,Player,TRUE,2026-09-14T07:51:10.116,2027-06-30T00:00:00,0,18,18,1,Guard,BAXI MANRESA,56534,NA,NA,MAN,Kids&Us Manresa,K&U Manresa,Manresa,MAN,FALSE,https://media-cdn.cortextech.io/1dU3kpCqReRp93/1BSdBWIjCgOCpC/06792bed-0383-4de2-80b9-95ecca3fd973.png,EuroCup 2026-27,U2026,2026-27,U,2026,2026-07-01T00:00:00
012865,"SANKARE, ASSANE",Assane Sankare,"SANKARE, ASSANE","SANKARE, ASSANE",ASSANE,SANKARE,Sankare,NA,SEN,Senegal,205,95,2007-04-10T00:00:00,SEN,Senegal,,,,FALSE,NA,J,Player,TRUE,2026-09-10T09:32:49.709,2027-06-30T00:00:00,0,12,12,3,Center,RINASCITA BASKET RIMINI,56417,NA,NA,NAP,Napoli Basketball,Napoli,Napoli,NAP,FALSE,https://media-cdn.cortextech.io/1dU3kpCqReRp93/1BSdBWIjCgOCpC/c2de1d20-72f4-4453-95de-b4534db6d57f.png,EuroCup 2026-27,U2026,2026-27,U,2026,2026-07-01T00:00:00
014906,"SARAKAUSKAS, SIMAS",Simas Sarakauskas,"SARAKAUSKAS, SIMAS","SARAKAUSKAS, SIMAS",SIMAS,SARAKAUSKAS,ŠARAKAUSKAS,NA,LTU,Lithuania,189,85,2007-07-04T00:00:00,LTU,Lithuania,NA,NA,NA,FALSE,NA,J,Player,TRUE,2026-09-08T13:54:46.354,2027-06-30T00:00:00,0,7,7,1,Guard,NEPTUNAS-AKVASERVIS,56132,https://media-cdn.cortextech.io/1dU3kpCqReRp93/1BSdBWIjCjnOS5/71062189-d43e-473c-b21b-72ede4f28ddc.png,https://media-cdn.cortextech.io/1dU3kpCqReRp93/1BSdBWIjCjnOS5/71062189-d43e-473c-b21b-72ede4f28ddc.png,KLA,Neptunas Klaipeda,Neptunas,Neptunas,NEP,FALSE,https://media-cdn.cortextech.io/ed0df5cd-c9e4-4387-bcd4-3606270cd255.png,EuroCup 2026-27,U2026,2026-27,U,2026,2026-07-01T00:00:00
015231,"SARGHINI, GABRIELE",Gabriele Sarghini,"SARGHINI, GABRIELE","SARGHINI, GABRIELE",GABRIELE,SARGHINI,SARGHINI,NA,ITA,Italy,196,85,2008-12-19T00:00:00,ITA,Italy,NA,NA,NA,FALSE,NA,J,Player,TRUE,2026-09-25T07:26:04.808,2027-06-30T00:00:00,0,40,40,1,Guard,REYER VENEZIA,57012,NA,NA,VNC,Umana Reyer Venice,Reyer Venice,Reyer Venice,URV,FALSE,https://media-cdn.incrowdsports.com/104f5074-9f23-47da-a21f-f2078db8244c.png,EuroCup 2026-27,U2026,2026-27,U,2026,2026-07-01T00:00:00
006693,"SAYBIR, YIGITCAN",Yigitcan Saybir,Saybir,Saybir,YIGITCAN,SAYBIR,SAYBIR,"Saybir, Y.",TUR,Turkiye,204,104,1999-02-27T00:00:00,TUR,Turkiye,yigitcansaybir,yigitcan_saybir/,,FALSE,NA,J,Player,TRUE,2026-09-08T16:20:20.075,2027-06-30T00:00:00,0,3,3,2,Forward,TOFAS BURSA,56202,https://media-cdn.cortextech.io/1dU3kpCqReRp93/1BSdBWIjCjnOS1/33b15683-eff3-4897-ba8c-6204cbd148e9.png,https://media-cdn.cortextech.io/1dU3kpCqReRp93/1BSdBWIjCjnOS1/33b15683-eff3-4897-ba8c-6204cbd148e9.png,BUR,Tofas Bursa,Tofas Bursa,Tofas,TOF,FALSE,https://media-cdn.cortextech.io/1dU3kpCqReRp93/1BSdBWIjChWbHH/72e5c4e0-abe1-43ce-bfb7-dcb025bb4adc.png,EuroCup 2026-27,U2026,2026-27,U,2026,2026-07-01T00:00:00
014916,"SCHMIDT, DEVIN",Devin Schmidt,"SCHMIDT, DEVIN","SCHMIDT, DEVIN",DEVIN LAWRENCE,SCHMIDT,Schmidt,NA,GER,Germany,190,101,1994-11-24T00:00:00,USA,United States of America,,,,FALSE,NA,J,Player,TRUE,2026-09-08T15:51:56.034,2027-06-30T00:00:00,0,8,8,1,Guard,PHOENIX HAGEN,56161,https://media-cdn.cortextech.io/1dU3kpCqReRp93/1BSdBWIjCjnOO1/33d30bec-1f12-469a-92a5-80788ae54f80.png,https://media-cdn.cortextech.io/1dU3kpCqReRp93/1BSdBWIjCjnOO1/33d30bec-1f12-469a-92a5-80788ae54f80.png,ULM,ratiopharm ulm,Ulm,Ulm,ULM,FALSE,https://media-cdn.cortextech.io/5750bc8b-dd63-48e4-8586-10d4e5e2b4e2.png,EuroCup 2026-27,U2026,2026-27,U,2026,2026-07-01T00:00:00
006251,"SCHNEIDER, TIM",Tim Schneider,Schneider,Schneider,TIM,SCHNEIDER,SCHNEIDER,"Schneider, T.",GER,Germany,208,102,1997-09-01T00:00:00,GER,Germany,,tim.naider/,,FALSE,NA,J,Player,TRUE,2026-09-10T14:41:51.269,2027-06-30T00:00:00,0,3,3,2,Forward,IBARAKI ROBOTS,56499,https://media-cdn.cortextech.io/1dU3kpCqReRp93/1BSdBWIjCjnOS4/7efb52b0-c715-4bb7-80f8-7d2513c2386d.png,https://media-cdn.cortextech.io/1dU3kpCqReRp93/1BSdBWIjCjnOS4/7efb52b0-c715-4bb7-80f8-7d2513c2386d.png,TTK,Turk Telekom Ankara,Turk Telekom,Turk Telekom,TTA,FALSE,https://media-cdn.incrowdsports.com/4ba35608-54ca-4800-a59c-f2571e6f8e13.png,EuroCup 2026-27,U2026,2026-27,U,2026,2026-07-01T00:00:00
014880,"SCHUMACHER, ALEXANDER",Alexander Schumacher,"SCHUMACHER, ALEXANDER","SCHUMACHER, ALEXANDER",ALEXANDER ROLAND,SCHUMACHER-BELL,SCHUMACHER,NA,SUI,Switzerland,190,84,2001-02-20T00:00:00,USA,United States of America,,,,FALSE,NA,J,Player,TRUE,2026-09-08T12:28:07.744,2027-06-30T00:00:00,0,2,2,1,Guard,LONG ISLAND NETS,56059,https://media-cdn.cortextech.io/1dU3kpCqReRp93/1BSdBWIjCjnOO1/a0d8b307-97d0-49f3-a216-7964d4f112a6.png,https://media-cdn.cortextech.io/1dU3kpCqReRp93/1BSdBWIjCjnOO1/a0d8b307-97d0-49f3-a216-7964d4f112a6.png,LKB,Lietkabelis Panevezys,Lietkabelis,Lietkabelis,LIE,FALSE,https://media-cdn.cortextech.io/ffcb6e37-31f4-48f6-91c2-a8c9a6f791a9.png,EuroCup 2026-27,U2026,2026-27,U,2026,2026-07-01T00:00:00
014095,"SCOTT, JOEL",Joel Scott,"SCOTT, JOEL","SCOTT, JOEL",JOEL ISAAC,SCOTT,Scott,NA,USA,United States of America,201,107,2001-04-19T00:00:00,USA,United States of America,,,,FALSE,NA,J,Player,TRUE,2026-09-14T15:15:08.828,2027-06-30T00:00:00,0,1,1,2,Forward,LONDON LIONS,56659,https://media-cdn.cortextech.io/1dU3kpCqReRp93/1BSdBWIjCjnONv/a77105ab-7aa6-4717-a29d-27198f8abab1.png,https://media-cdn.cortextech.io/1dU3kpCqReRp93/1BSdBWIjCjnONv/a77105ab-7aa6-4717-a29d-27198f8abab1.png,LLI,London Lions,London,London,LDN,FALSE,https://media-cdn.cortextech.io/102de468-9e41-4b8e-b44d-23bebb9e916f.png,EuroCup 2026-27,U2026,2026-27,U,2026,2026-07-01T00:00:00
015223,"SELEBANGUE, MORGAN",Morgan Selebangue,"SELEBANGUE, MORGAN","SELEBANGUE, MORGAN","MORGAN, PHILEMON",SELEBANGUE,SELEBANGUE,NA,FRA,France,173,75,2007-10-17T00:00:00,FRA,France,NA,NA,NA,FALSE,NA,J,Player,TRUE,2026-09-23T19:34:57.794,2027-06-30T00:00:00,0,23,23,1,Guard,BLOIS,56994,https://media-cdn.cortextech.io/1dU3kpCqReRp93/1BSdBWIjCjnOS0/498cc860-d2f7-41a4-bdc3-440ca5f628d1.png,https://media-cdn.cortextech.io/1dU3kpCqReRp93/1BSdBWIjCjnOS0/498cc860-d2f7-41a4-bdc3-440ca5f628d1.png,BOU,Cosea JL Bourg-en-Bresse,Cosea JL Bourg,Bourg,JLB,FALSE,https://media-cdn.incrowdsports.com/d4225e1b-7c1b-4382-98d4-ca8511c64441.png,EuroCup 2026-27,U2026,2026-27,U,2026,2026-07-01T00:00:00
014088,"SELJAAS, ZACHARY",Zachary Seljaas,"SELJAAS, ZACHARY","SELJAAS, ZACHARY",ZACHARY TODD,SELJAAS,SELJAAS,NA,USA,United States of America,200,110,1997-07-11T00:00:00,USA,United States of America,,,,FALSE,NA,J,Player,TRUE,2026-09-10T12:34:37.956,2027-06-30T00:00:00,0,1,1,2,Forward,ASVEL BASKET,56466,NA,NA,NAP,Napoli Basketball,Napoli,Napoli,NAP,FALSE,https://media-cdn.cortextech.io/1dU3kpCqReRp93/1BSdBWIjCgOCpC/c2de1d20-72f4-4453-95de-b4534db6d57f.png,EuroCup 2026-27,U2026,2026-27,U,2026,2026-07-01T00:00:00
013917,"SENGFELDER, CHRISTIAN",Christian Sengfelder,"SENGFELDER, CHRISTIAN","SENGFELDER, CHRISTIAN",CHRISTIAN,SENGFELDER,SENGFELDER,NA,GER,Germany,203,108,1995-02-28T00:00:00,GER,Germany,,,,FALSE,NA,J,Player,TRUE,2026-09-10T14:33:48.403,2027-06-30T00:00:00,0,43,43,2,Forward,RATIOPHARM ULM,56497,NA,NA,BGS,Recoletas Salud San Pablo Burgos,Burgos,Burgos,BUR,FALSE,https://media-cdn.cortextech.io/1dU3kpCqReRp93/1BSdBWIjCgOCxM/40c97670-177e-4c74-9f5f-76b528a0da86.png,EuroCup 2026-27,U2026,2026-27,U,2026,2026-07-01T00:00:00
014944,"SERBEST, EMIRHAN",Emirhan Serbest,"SERBEST, EMIRHAN","SERBEST, EMIRHAN",EMIRHAN,SERBEST,SERBEST,NA,TUR,Turkiye,203,101,2007-03-17T00:00:00,TUR,Turkiye,,,,FALSE,NA,J,Player,TRUE,2026-09-08T16:20:21.85,2027-06-30T00:00:00,0,24,24,3,Center,TOFAS BURSA,56209,https://media-cdn.cortextech.io/1dU3kpCqReRp93/1BSdBWIjCjnOS3/a8feb07f-7214-4c94-8041-a4545800b3bb.png,https://media-cdn.cortextech.io/1dU3kpCqReRp93/1BSdBWIjCjnOS3/a8feb07f-7214-4c94-8041-a4545800b3bb.png,BUR,Tofas Bursa,Tofas Bursa,Tofas,TOF,FALSE,https://media-cdn.cortextech.io/1dU3kpCqReRp93/1BSdBWIjChWbHH/72e5c4e0-abe1-43ce-bfb7-dcb025bb4adc.png,EuroCup 2026-27,U2026,2026-27,U,2026,2026-07-01T00:00:00
006872,"SERIC, MATEO",Mateo Seric,Seric,Seric,MATEO,SERIC,SERIC,"Seric, M.",GER,Germany,204,95,1999-03-21T00:00:00,GER,Germany,,,,FALSE,NA,J,Player,TRUE,2026-09-08T16:08:11.207,2027-06-30T00:00:00,0,21,21,2,Forward,MLP ACADEMICS HEIDELBERG,56192,NA,NA,NIN,NINERS Chemnitz,Chemnitz,Chemnitz,CHE,FALSE,https://media-cdn.cortextech.io/75ae96be-69f9-4e48-b5bd-b1056842db57.png,EuroCup 2026-27,U2026,2026-27,U,2026,2026-07-01T00:00:00
011202,"SHAYOK, MARIAL",Marial Shayok,"SHAYOK, MARIAL","SHAYOK, MARIAL",MARIAL,SHAYOK,SHAYOK,"Shayok, M.",CAN,Canada,196,93,1995-07-26T00:00:00,CAN,Canada,MarialShayok,marialshayok/,,FALSE,NA,J,Player,TRUE,2026-09-08T11:02:11.046,2027-06-30T00:00:00,0,1,1,2,Forward,ALTIRI CHIBA,55948,https://media-cdn.cortextech.io/1dU3kpCqReRp93/1BSdBWIjCjnOS5/f0baa325-f237-49d7-81e6-8b38715cefac.png,https://media-cdn.cortextech.io/1dU3kpCqReRp93/1BSdBWIjCjnOS5/f0baa325-f237-49d7-81e6-8b38715cefac.png,BUD,Buducnost VOLI Podgorica,Buducnost VOLI,Buducnost,BUD,FALSE,https://media-cdn.incrowdsports.com/47161285-94b3-4266-9d23-b722e8600945.png,EuroCup 2026-27,U2026,2026-27,U,2026,2026-07-01T00:00:00
014924,"SHEDRICK, KADIN",Kadin Shedrick,"SHEDRICK, KADIN","SHEDRICK, KADIN","KADIN, COLE",SHEDRICK,SHEDRICK,NA,USA,United States of America,211,110,2001-07-27T00:00:00,USA,United States of America,,,,FALSE,NA,J,Player,TRUE,2026-09-08T15:56:54.557,2027-06-30T00:00:00,0,21,21,3,Center,HAPOEL GILBOA GALIL,56178,https://media-cdn.cortextech.io/1dU3kpCqReRp93/1BSdBWIjCjnOS0/9b8176d3-3e9c-485d-b51a-172076893de4.png,https://media-cdn.cortextech.io/1dU3kpCqReRp93/1BSdBWIjCjnOS0/9b8176d3-3e9c-485d-b51a-172076893de4.png,BOU,Cosea JL Bourg-en-Bresse,Cosea JL Bourg,Bourg,JLB,FALSE,https://media-cdn.incrowdsports.com/d4225e1b-7c1b-4382-98d4-ca8511c64441.png,EuroCup 2026-27,U2026,2026-27,U,2026,2026-07-01T00:00:00
014919,"SHITTU, SIMISOLA",Simisola Shittu,"SHITTU, SIMISOLA","SHITTU, SIMISOLA",OLUWASIMISOLA,SHITTU,Shittu,NA,CAN,Canada,203,108,1999-11-07T00:00:00,CAN,Canada,,,,FALSE,NA,J,Player,TRUE,2026-09-08T15:51:57.876,2027-06-30T00:00:00,0,45,45,3,Center,C.S. SAGESSE,56166,https://media-cdn.cortextech.io/1dU3kpCqReRp93/1BSdBWIjCjnOO1/7e592247-49d7-458a-9e05-d719a6b7ee57.png,https://media-cdn.cortextech.io/1dU3kpCqReRp93/1BSdBWIjCjnOO1/7e592247-49d7-458a-9e05-d719a6b7ee57.png,ULM,ratiopharm ulm,Ulm,Ulm,ULM,FALSE,https://media-cdn.cortextech.io/5750bc8b-dd63-48e4-8586-10d4e5e2b4e2.png,EuroCup 2026-27,U2026,2026-27,U,2026,2026-07-01T00:00:00
015113,"SHUNGU, BENJAMIN",Benjamin Shungu,"SHUNGU, BENJAMIN","SHUNGU, BENJAMIN",BENJAMIN RUBEN,SHUNGU,SHUNGU,NA,USA,United States of America,188,91,1997-10-04T00:00:00,USA,United States of America,NA,NA,NA,FALSE,NA,J,Player,TRUE,2026-09-14T10:35:15.814,2027-06-30T00:00:00,0,2,2,1,Guard,MIASTO SZKLA KROSNO,56574,https://media-cdn.cortextech.io/1dU3kpCqReRp93/1BSdBWIjCjnOS3/26e4b5f3-e7e8-47b2-82de-973ae487f9c7.png,https://media-cdn.cortextech.io/1dU3kpCqReRp93/1BSdBWIjCjnOS3/26e4b5f3-e7e8-47b2-82de-973ae487f9c7.png,RIG,Riga Zelli,Riga Zelli,Riga Zelli,RIG,FALSE,https://media-cdn.cortextech.io/1dU3kpCqReRp93/1BSdBWIjCgOCpC/0ab8fe2a-5972-48c5-bdff-f5159ca0abe7.png,EuroCup 2026-27,U2026,2026-27,U,2026,2026-07-01T00:00:00
014881,"SIMONIS, ZYGIMANTAS",Zygimantas Simonis,"SIMONIS, ZYGIMANTAS","SIMONIS, ZYGIMANTAS",ZYGIMANTAS,SIMONIS,SIMONIS,NA,LTU,Lithuania,194,92,1995-02-08T00:00:00,LTU,Lithuania,,,,FALSE,NA,J,Player,TRUE,2026-09-08T12:28:08.022,2027-06-30T00:00:00,0,3,3,2,Forward,BC SUDUVA MARIJAMPOLE,56060,https://media-cdn.cortextech.io/1dU3kpCqReRp93/1BSdBWIjCjnOO1/3dabedbf-a434-4b07-93cf-3cc2843a4c35.png,https://media-cdn.cortextech.io/1dU3kpCqReRp93/1BSdBWIjCjnOO1/3dabedbf-a434-4b07-93cf-3cc2843a4c35.png,LKB,Lietkabelis Panevezys,Lietkabelis,Lietkabelis,LIE,FALSE,https://media-cdn.cortextech.io/ffcb6e37-31f4-48f6-91c2-a8c9a6f791a9.png,EuroCup 2026-27,U2026,2026-27,U,2026,2026-07-01T00:00:00
012711,"SIMONOVIC, MARKO",Marko Simonovic,"SIMONOVIC, MARKO","SIMONOVIC, MARKO",MARKO,SIMONOVIC,SIMONOVIC,,MNE,Montenegro,213,109,1999-10-15T00:00:00,MNE,Montenegro,,,,FALSE,NA,J,Player,TRUE,2026-09-08T12:47:55.005,2027-06-30T00:00:00,0,19,19,3,Center,TURK TELEKOM ANKARA,56089,https://media-cdn.cortextech.io/1dU3kpCqReRp93/1BSdBWIjCjnOS5/0e30734e-6347-435f-a226-d3b3c427bd9a.png,https://media-cdn.cortextech.io/1dU3kpCqReRp93/1BSdBWIjCjnOS5/0e30734e-6347-435f-a226-d3b3c427bd9a.png,BCR,Roma Basketball,Roma,Roma,ROM,FALSE,https://media-cdn.cortextech.io/1dU3kpCqReRp93/1BSdBWIjCjnOS1/1e9e0379-db30-4234-89b0-19576709c285.png,EuroCup 2026-27,U2026,2026-27,U,2026,2026-07-01T00:00:00
014917,"SIMS, JAYLEN",Jaylen Sims,"SIMS, JAYLEN","SIMS, JAYLEN",JAYLEN TERELLE,SIMS,Sims,NA,USA,United States of America,194,97,1998-12-11T00:00:00,USA,United States of America,,,,FALSE,NA,J,Player,TRUE,2026-09-08T15:51:57.191,2027-06-30T00:00:00,0,30,30,1,Guard,GREENSBORO SWARM,56164,https://media-cdn.cortextech.io/1dU3kpCqReRp93/1BSdBWIjCjnOO1/bd76f0e5-a00d-4609-b599-494c44902419.png,https://media-cdn.cortextech.io/1dU3kpCqReRp93/1BSdBWIjCjnOO1/bd76f0e5-a00d-4609-b599-494c44902419.png,ULM,ratiopharm ulm,Ulm,Ulm,ULM,FALSE,https://media-cdn.cortextech.io/5750bc8b-dd63-48e4-8586-10d4e5e2b4e2.png,EuroCup 2026-27,U2026,2026-27,U,2026,2026-07-01T00:00:00
005275,"SIPAHI, KENAN",Kenan Sipahi,Sipahi,Sipahi,KENAN,SIPAHI,SIPAHI,"Sipahi, K.",TUR,Turkiye,197,88,1995-05-26T00:00:00,TUR,Turkiye,KenanSpahi,,,FALSE,NA,J,Player,TRUE,2026-09-08T16:27:07.882,2027-06-30T00:00:00,0,55,55,1,Guard,BAHCESEHIR COLLEGE SPORTS CLUB,56225,https://media-cdn.cortextech.io/1dU3kpCqReRp93/1BSdBWIjCjnOS1/d10c6123-9100-48fc-a310-735854b42cb3.png,https://media-cdn.cortextech.io/1dU3kpCqReRp93/1BSdBWIjCjnOS1/d10c6123-9100-48fc-a310-735854b42cb3.png,BAH,Bahcesehir College Istanbul,Bahcesehir,Bahcesehir,BKS,FALSE,https://media-cdn.incrowdsports.com/1d3274d8-da86-4d21-9e97-6810ab88babe.png,EuroCup 2026-27,U2026,2026-27,U,2026,2026-07-01T00:00:00
004639,"SKARA, DAVID",David Skara,"SKARA, D.","SKARA, D.",DAVID,SKARA,SKARA,NA,CRO,Croatia,201,98,1995-02-26T00:00:00,CRO,Croatia,,,,FALSE,NA,J,Player,TRUE,2026-09-08T11:04:50.508,2027-06-30T00:00:00,0,24,24,3,Center,CEDEVITA OLIMPIJA,55969,https://media-cdn.cortextech.io/1dU3kpCqReRp93/1BSdBWIjCjnOO0/05ce3bd5-e964-4b67-9078-c10fe03fe6fa.png,https://media-cdn.cortextech.io/1dU3kpCqReRp93/1BSdBWIjCjnOO0/05ce3bd5-e964-4b67-9078-c10fe03fe6fa.png,LJU,Cedevita Olimpija Ljubljana,Cedevita Olimp,Cedevita Olimpija,COL,FALSE,https://media-cdn.incrowdsports.com/73b33d13-570e-4e49-a9cb-fe806831eaa7.png,EuroCup 2026-27,U2026,2026-27,U,2026,2026-07-01T00:00:00
015066,"SKUJA, TOMS",Toms Skuja,"SKUJA, TOMS","SKUJA, TOMS",TOMS,SKUJA,SKUJA,NA,LAT,Latvia,191,85,2002-01-02T00:00:00,LAT,Latvia,,,,FALSE,NA,J,Player,TRUE,2026-09-10T11:07:31.661,2027-06-30T00:00:00,0,3,3,1,Guard,MHP RIESEN LUDWIGSBURG,56439,NA,NA,RIG,Riga Zelli,Riga Zelli,Riga Zelli,RIG,FALSE,https://media-cdn.cortextech.io/1dU3kpCqReRp93/1BSdBWIjCgOCpC/0ab8fe2a-5972-48c5-bdff-f5159ca0abe7.png,EuroCup 2026-27,U2026,2026-27,U,2026,2026-07-01T00:00:00
006566,"SLAVKOVIC, ANDRIJA",Andrija Slavkovic,Slavkovic,Slavkovic,ANDRIJA,SLAVKOVIC,Slavkovic,"Slavkovic, A.",MNE,Montenegro,203,123,1999-02-15T00:00:00,MNE,Montenegro,,,,FALSE,NA,J,Player,TRUE,2026-09-08T11:02:11.691,2027-06-30T00:00:00,0,7,7,2,Forward,BUDUCNOST VOLI,55950,https://media-cdn.cortextech.io/1dU3kpCqReRp93/1BSdBWIjCjnOS5/b62d7817-13d2-479b-a618-764589701c74.png,https://media-cdn.cortextech.io/1dU3kpCqReRp93/1BSdBWIjCjnOS5/b62d7817-13d2-479b-a618-764589701c74.png,BUD,Buducnost VOLI Podgorica,Buducnost VOLI,Buducnost,BUD,FALSE,https://media-cdn.incrowdsports.com/47161285-94b3-4266-9d23-b722e8600945.png,EuroCup 2026-27,U2026,2026-27,U,2026,2026-07-01T00:00:00
012801,"SMART, JAVONTE",Javonte Smart,"SMART, JAVONTE","SMART, JAVONTE",JAVONTE DEDRICK,SMART,SMART,,USA,United States of America,193,93,1999-06-03T00:00:00,USA,United States of America,,,,FALSE,NA,J,Player,TRUE,2026-09-08T10:47:12.344,2027-06-30T00:00:00,0,1,1,1,Guard,OTTAWA BLACKJACKS,55927,https://media-cdn.cortextech.io/1dU3kpCqReRp93/1BSdBWIjCjnOS3/0e7a87f3-5e6b-46d0-8fe0-2a9d279bb9fb.png,https://media-cdn.cortextech.io/1dU3kpCqReRp93/1BSdBWIjCjnOS3/0e7a87f3-5e6b-46d0-8fe0-2a9d279bb9fb.png,CLU,U-BT Cluj-Napoca,U-BT Cluj,Cluj,UBT,FALSE,https://media-cdn.incrowdsports.com/ae3e2844-0615-41bb-a788-a4f0d54b8d5e.png,EuroCup 2026-27,U2026,2026-27,U,2026,2026-07-01T00:00:00
015100,"SMAZAK, LUKAS",Lukas Smazak,"SMAZAK, LUKAS","SMAZAK, LUKAS",LUKAS,SMAZAK,Smazak,NA,CZE,Czech Republic,190,80,2007-09-08T00:00:00,CZE,Czech Republic,,,,FALSE,NA,J,Player,TRUE,2026-09-10T15:14:50.875,2027-06-30T00:00:00,0,44,44,1,Guard,SKYLINERS FRANKFURT,56509,https://media-cdn.cortextech.io/1dU3kpCqReRp93/1BSdBWIjCjnOO1/85c5830a-eb30-4358-89e9-618db55c2fa5.png,https://media-cdn.cortextech.io/1dU3kpCqReRp93/1BSdBWIjCjnOO1/85c5830a-eb30-4358-89e9-618db55c2fa5.png,FRA,Skyliners Frankfurt,Skyliners,Skyliners,SKY,FALSE,https://media-cdn.cortextech.io/1dU3kpCqReRp93/1BSdBWIjCgOCpC/6afb32b8-e6dc-4f79-b14a-2d99fdb34cde.png,EuroCup 2026-27,U2026,2026-27,U,2026,2026-07-01T00:00:00
011192,"SMITH, JALEEN",Jaleen Smith,"SMITH, JALEEN","SMITH, JALEEN",JALEEN DEVON,SMITH,SMITH,"Smith, J.",USA,United States of America,190,93,1994-11-24T00:00:00,USA,United States of America,,jaleensmith3,,FALSE,NA,J,Player,TRUE,2026-09-08T12:13:15.932,2027-06-30T00:00:00,0,3,3,1,Guard,TURK TELEKOM,56044,https://media-cdn.cortextech.io/1dU3kpCqReRp93/1BSdBWIjCjnOS5/9868d08a-f4a4-4785-9df3-b45239b5db34.png,https://media-cdn.cortextech.io/1dU3kpCqReRp93/1BSdBWIjCjnOS5/9868d08a-f4a4-4785-9df3-b45239b5db34.png,JER,Hapoel Midtown Jerusalem,Hapoel JLM,Jerusalem,JLM,FALSE,https://media-cdn.cortextech.io/1dU3kpCqReRp93/1BSdBWIjCiezvp/6d6e8da8-550f-4d1f-8a06-4611227e0c31.png,EuroCup 2026-27,U2026,2026-27,U,2026,2026-07-01T00:00:00
013276,"SMITH, JUSTIN",Justin Smith,"SMITH, JUSTIN","SMITH, JUSTIN",JUSTIN EDWARD,SMITH,Smith,,USA,United States of America,201,104,1999-03-01T00:00:00,USA,United States of America,,,,FALSE,NA,J,Player,TRUE,2026-09-08T11:02:10.782,2027-06-30T00:00:00,0,0,0,3,Center,HAPOEL BANK YAHAV JERUSALEM,55947,https://media-cdn.cortextech.io/1dU3kpCqReRp93/1BSdBWIjCjnOS5/e5b102ec-75a8-46b1-9c9b-9e45a7b97d40.png,https://media-cdn.cortextech.io/1dU3kpCqReRp93/1BSdBWIjCjnOS5/e5b102ec-75a8-46b1-9c9b-9e45a7b97d40.png,BUD,Buducnost VOLI Podgorica,Buducnost VOLI,Buducnost,BUD,FALSE,https://media-cdn.incrowdsports.com/47161285-94b3-4266-9d23-b722e8600945.png,EuroCup 2026-27,U2026,2026-27,U,2026,2026-07-01T00:00:00
014929,"SMITH, STEFAN",Stefan Smith,"SMITH, STEFAN","SMITH, STEFAN",STEFAN ETHAN ELLIOTT,SMITH,SMITH,NA,CAN,Canada,188,86,1999-06-27T00:00:00,CAN,Canada,,,,FALSE,NA,J,Player,TRUE,2026-09-08T16:08:09.208,2027-06-30T00:00:00,0,2,2,1,Guard,MHP RIESEN LUDWIGSBURG,56184,NA,NA,NIN,NINERS Chemnitz,Chemnitz,Chemnitz,CHE,FALSE,https://media-cdn.cortextech.io/75ae96be-69f9-4e48-b5bd-b1056842db57.png,EuroCup 2026-27,U2026,2026-27,U,2026,2026-07-01T00:00:00
013061,"SOLIMAN, NATHAN",Nathan Soliman,"SOLIMAN, N.","SOLIMAN, N.",NATHAN PIERRE,SOLIMAN,SOLIMAN,,FRA,France,205,94,2009-05-14T00:00:00,FRA,France,,,,FALSE,NA,J,Player,TRUE,2026-09-08T15:56:54.269,2027-06-30T00:00:00,0,14,14,2,Forward,INSEP / NANTES,56177,https://media-cdn.cortextech.io/1dU3kpCqReRp93/1BSdBWIjCjnOS0/224ce7ad-ebd3-4f33-831c-f7a4a15df184.png,https://media-cdn.cortextech.io/1dU3kpCqReRp93/1BSdBWIjCjnOS0/224ce7ad-ebd3-4f33-831c-f7a4a15df184.png,BOU,Cosea JL Bourg-en-Bresse,Cosea JL Bourg,Bourg,JLB,FALSE,https://media-cdn.incrowdsports.com/d4225e1b-7c1b-4382-98d4-ca8511c64441.png,EuroCup 2026-27,U2026,2026-27,U,2026,2026-07-01T00:00:00
004479,"SOLUADE, MO",Mo Soluade,Soluade,Soluade,MORAYONINUOLUWA CHUKWUEMEKA,SOLUADE,SOLUADE,"Soluade, M.",GBR,United Kingdom,196,93,1995-07-12T00:00:00,UK ,United Kingdom,,,,FALSE,NA,J,Player,TRUE,2026-09-14T15:15:09.608,2027-06-30T00:00:00,0,6,6,1,Guard,BC LONDON LIONS,56661,https://media-cdn.cortextech.io/1dU3kpCqReRp93/1BSdBWIjCjnONv/30a76460-1379-47ac-834e-0d5c94fea509.png,https://media-cdn.cortextech.io/1dU3kpCqReRp93/1BSdBWIjCjnONv/30a76460-1379-47ac-834e-0d5c94fea509.png,LLI,London Lions,London,London,LDN,FALSE,https://media-cdn.cortextech.io/102de468-9e41-4b8e-b44d-23bebb9e916f.png,EuroCup 2026-27,U2026,2026-27,U,2026,2026-07-01T00:00:00
014908,"SOMERVILLE, RAYMOND",Raymond Somerville,"SOMERVILLE, RAYMOND","SOMERVILLE, RAYMOND",RAYMOND AUGUSTUS,SOMERVILLE,Somerville,NA,USA,United States of America,208,107,2000-07-31T00:00:00,USA,United States of America,NA,NA,NA,FALSE,NA,J,Player,TRUE,2026-09-08T13:54:47.554,2027-06-30T00:00:00,0,17,17,3,Center,TFT SKOPJE,56137,https://media-cdn.cortextech.io/1dU3kpCqReRp93/1BSdBWIjCjnOS5/d80d5663-2556-4487-8df7-07fa70536101.png,https://media-cdn.cortextech.io/1dU3kpCqReRp93/1BSdBWIjCjnOS5/d80d5663-2556-4487-8df7-07fa70536101.png,KLA,Neptunas Klaipeda,Neptunas,Neptunas,NEP,FALSE,https://media-cdn.cortextech.io/ed0df5cd-c9e4-4387-bcd4-3606270cd255.png,EuroCup 2026-27,U2026,2026-27,U,2026,2026-07-01T00:00:00
015158,"SOTIROV , MARTIN",Martin Sotirov,"SOTIROV , MARTIN","SOTIROV , MARTIN",MARTIN,SOTIROV,SOTIROV,NA,BUL,Bulgaria,201,93,1999-11-07T00:00:00,SRB,Serbia,NA,NA,NA,FALSE,NA,J,Player,TRUE,2026-09-17T12:36:08.927,2027-06-30T00:00:00,0,44,44,2,Forward,SPARTAK PLEVEN,56797,NA,NA,BLK,Balkan Botevgrad,Balkan,Balkan,BLK,FALSE,https://media-cdn.cortextech.io/1dU3kpCqReRp93/1BSdBWIjCgOCpC/ba6e2d99-3ea9-4730-a0ce-830cccca4657.png,EuroCup 2026-27,U2026,2026-27,U,2026,2026-07-01T00:00:00
015135,"SPANOS, IOANNIS",Ioannis Spanos,"SPANOS, IOANNIS","SPANOS, IOANNIS",IOANNIS,SPANOS,SPANOS,NA,GRE,Greece,204,95,2010-01-26T00:00:00,GRE,Greece,NA,NA,NA,FALSE,NA,J,Player,TRUE,2026-09-16T08:24:27.128,2027-06-30T00:00:00,0,10,10,2,Forward,DEKA,56720,https://media-cdn.cortextech.io/1dU3kpCqReRp93/1BSdBWIjCjnOO0/44cd5736-f6b8-4cfd-b2f7-33af1d0e0605.png,https://media-cdn.cortextech.io/1dU3kpCqReRp93/1BSdBWIjCjnOO0/44cd5736-f6b8-4cfd-b2f7-33af1d0e0605.png,PAO,PAOK Thessaloniki,PAOK,PAOK,PBC,FALSE,https://media-cdn.cortextech.io/1dU3kpCqReRp93/1BSdBWIjChWbHH/0506e7c4-ec4b-460a-bc59-b033ad9e336c.png,EuroCup 2026-27,U2026,2026-27,U,2026,2026-07-01T00:00:00
015040,"SPIROV, IVAN",Ivan Spirov,"SPIROV, IVAN","SPIROV, IVAN",IVAN,SPIROV,SPIROV,NA,BUL,Bulgaria,202,97,2003-10-10T00:00:00,BUL,Bulgaria,,,,FALSE,NA,J,Player,TRUE,2026-09-09T16:42:20.945,2027-06-30T00:00:00,0,91,91,2,Forward,CLEVELAND STATE UNIVERSITY,56391,NA,NA,BLK,Balkan Botevgrad,Balkan,Balkan,BLK,FALSE,https://media-cdn.cortextech.io/1dU3kpCqReRp93/1BSdBWIjCgOCpC/ba6e2d99-3ea9-4730-a0ce-830cccca4657.png,EuroCup 2026-27,U2026,2026-27,U,2026,2026-07-01T00:00:00
004381,"SPISSU, MARCO",Marco Spissu,"SPISSU, MARCO","SPISSU, MARCO",MARCO,SPISSU,SPISSU,"Spissu, M.",ITA,Italy,182,80,1995-02-05T00:00:00,ITA,Italy,,,,FALSE,NA,J,Player,TRUE,2026-09-10T09:32:49.239,2027-06-30T00:00:00,0,0,0,1,Guard,BASKET ZARAGOZA 2002 SAD,56415,NA,NA,NAP,Napoli Basketball,Napoli,Napoli,NAP,FALSE,https://media-cdn.cortextech.io/1dU3kpCqReRp93/1BSdBWIjCgOCpC/c2de1d20-72f4-4453-95de-b4534db6d57f.png,EuroCup 2026-27,U2026,2026-27,U,2026,2026-07-01T00:00:00
010285,"STERNICKI, TYMOTEUSZ",Tymoteusz Sternicki,"STERNICKI, TYMOTEUSZ","STERNICKI, TYMOTEUSZ",TYMOTEUSZ,STERNICKI,STERNICKI,"Sternicki, T.",POL,Poland,204,97,2006-06-10T00:00:00,POL,Poland,,,,FALSE,NA,J,Player,TRUE,2026-09-21T07:56:13.352,2027-06-30T00:00:00,0,22,22,2,Forward,SLASK WROCLAW,56895,NA,NA,WRO,Slask Wroclaw,Slask,Slask,WKS,FALSE,https://media-cdn.incrowdsports.com/0415061b-5374-4a0d-bc04-8fcbc8ad0bb3.png,EuroCup 2026-27,U2026,2026-27,U,2026,2026-07-01T00:00:00
014889,"STEVENSON, ERIK",Erik Stevenson,"STEVENSON, ERIK","STEVENSON, ERIK",ERIK JAMES,STEVENSON,STEVENSON,NA,USA,United States of America,193,93,1999-04-28T00:00:00,USA,United States of America,,,,FALSE,NA,J,Player,TRUE,2026-09-08T12:47:54.508,2027-06-30T00:00:00,0,10,10,1,Guard,NBA,56087,https://media-cdn.cortextech.io/1dU3kpCqReRp93/1BSdBWIjCjnOS5/e405362c-5d64-4896-9fbe-09456d9482dd.png,https://media-cdn.cortextech.io/1dU3kpCqReRp93/1BSdBWIjCjnOS5/e405362c-5d64-4896-9fbe-09456d9482dd.png,BCR,Roma Basketball,Roma,Roma,ROM,FALSE,https://media-cdn.cortextech.io/1dU3kpCqReRp93/1BSdBWIjCjnOS1/1e9e0379-db30-4234-89b0-19576709c285.png,EuroCup 2026-27,U2026,2026-27,U,2026,2026-07-01T00:00:00
013861,"STEWARD, DJ",Dj Steward,"STEWARD, DJ","STEWARD, DJ",DANNY BOY,STEWARD,STEWARD,NA,USA,United States of America,188,75,2001-10-02T00:00:00,USA,United States of America,,,,FALSE,NA,J,Player,TRUE,2026-09-16T06:56:15.668,2027-06-30T00:00:00,0,4,4,1,Guard,PORTLAND TRAIL BLAZERS,56718,NA,NA,BGS,Recoletas Salud San Pablo Burgos,Burgos,Burgos,BUR,FALSE,https://media-cdn.cortextech.io/1dU3kpCqReRp93/1BSdBWIjCgOCxM/40c97670-177e-4c74-9f5f-76b528a0da86.png,EuroCup 2026-27,U2026,2026-27,U,2026,2026-07-01T00:00:00
013931,"STEWART JR, CARLOS",Carlos Stewart Jr,"STEWART, CARLOS","STEWART, CARLOS",CARLOS MARCELLO,STEWART JR,STEWART,NA,USA,United States of America,185,88,2003-05-06T00:00:00,USA,United States of America,,,,FALSE,NA,J,Player,TRUE,2026-09-08T12:03:10.008,2027-06-30T00:00:00,0,0,0,1,Guard,VARESE,56030,https://media-cdn.cortextech.io/1dU3kpCqReRp93/1BSdBWIjCjnOS3/a3e26535-80a1-4439-a6e6-811e9f5837c4.png,https://media-cdn.cortextech.io/1dU3kpCqReRp93/1BSdBWIjCjnOS3/a3e26535-80a1-4439-a6e6-811e9f5837c4.png,LEM,Le Mans Sarthe Basket,Le Mans Sarthe,Le Mans Sarthe,MSB,FALSE,https://media-cdn.cortextech.io/1dU3kpCqReRp93/1BSdBWIjCgOCpC/b8ec3298-5030-4865-8469-722a21b471c3.png,EuroCup 2026-27,U2026,2026-27,U,2026,2026-07-01T00:00:00
015033,"STOIMENOV, ALEKSANDAR",Aleksandar Stoimenov,"STOIMENOV, ALEKSANDAR","STOIMENOV, ALEKSANDAR",ALEKSANDAR,STOIMENOV,STOIMENOV,NA,BUL,Bulgaria,195,80,2001-10-26T00:00:00,BUL,Bulgaria,,,,FALSE,NA,J,Player,TRUE,2026-09-09T16:42:18.95,2027-06-30T00:00:00,0,3,3,1,Guard,KK VOJVODINA,56383,NA,NA,BLK,Balkan Botevgrad,Balkan,Balkan,BLK,FALSE,https://media-cdn.cortextech.io/1dU3kpCqReRp93/1BSdBWIjCgOCpC/ba6e2d99-3ea9-4730-a0ce-830cccca4657.png,EuroCup 2026-27,U2026,2026-27,U,2026,2026-07-01T00:00:00
013503,"STOVE, JOHNATHAN",Johnathan Stove,"STOVE, JOHNATHAN","STOVE, JOHNATHAN",JOHNATHAN OPSTON,STOVE,Stove,,USA,United States of America,193,100,1995-12-23T00:00:00,USA,United States of America,,,,FALSE,NA,J,Player,TRUE,2026-09-08T12:48:33.421,2027-06-30T00:00:00,0,22,22,1,Guard,WUERZBURG BASKETS,56100,https://media-cdn.cortextech.io/1dU3kpCqReRp93/1BSdBWIjCjnOS5/5e2db32b-6ec9-4bc3-ba42-174f44902359.png,https://media-cdn.cortextech.io/1dU3kpCqReRp93/1BSdBWIjCjnOS5/5e2db32b-6ec9-4bc3-ba42-174f44902359.png,RTK,Rostock Seawolves, Rostock, Rostock,ROS,FALSE,https://media-cdn.cortextech.io/1dU3kpCqReRp93/1BSdBWIjCgOCpC/de14cdb9-c0f7-485f-84ac-f305ace44723.png,EuroCup 2026-27,U2026,2026-27,U,2026,2026-07-01T00:00:00
006609,"STRAUTINS, ARTURS",Arturs Strautins,Strautins,Strautins,ARTURS,STRAUTINS,Strautins,"Strautins, A.",LAT,Latvia,198,100,1998-10-23T00:00:00,LAT,Latvia,,,,FALSE,NA,J,Player,TRUE,2026-09-09T09:28:51.499,2027-06-30T00:00:00,0,12,12,2,Forward,DERTHONA BASKET,56263,https://media-cdn.cortextech.io/1dU3kpCqReRp93/1BSdBWIjCjnOS5/424f5a5b-3365-4c01-8011-890566a9a997.png,https://media-cdn.cortextech.io/1dU3kpCqReRp93/1BSdBWIjCjnOS5/424f5a5b-3365-4c01-8011-890566a9a997.png,BCR,Roma Basketball,Roma,Roma,ROM,FALSE,https://media-cdn.cortextech.io/1dU3kpCqReRp93/1BSdBWIjCjnOS1/1e9e0379-db30-4234-89b0-19576709c285.png,EuroCup 2026-27,U2026,2026-27,U,2026,2026-07-01T00:00:00
015094,"SULCS, ROLANDS",Rolands Sulcs,"SULCS, ROLANDS","SULCS, ROLANDS",ROLANDS,SULCS,ŠULCS,NA,LAT,Latvia,190,93,2006-01-06T00:00:00,LAT,Latvia,,,,FALSE,NA,J,Player,TRUE,2026-09-10T14:28:24.909,2027-06-30T00:00:00,0,10,10,1,Guard,BK RIGAS ZELLI,56489,https://media-cdn.cortextech.io/1dU3kpCqReRp93/1BSdBWIjCjnOS3/b0064ea1-b6ae-4df8-b321-863cdc282638.png,https://media-cdn.cortextech.io/1dU3kpCqReRp93/1BSdBWIjCjnOS3/b0064ea1-b6ae-4df8-b321-863cdc282638.png,RIG,Riga Zelli,Riga Zelli,Riga Zelli,RIG,FALSE,https://media-cdn.cortextech.io/1dU3kpCqReRp93/1BSdBWIjCgOCpC/0ab8fe2a-5972-48c5-bdff-f5159ca0abe7.png,EuroCup 2026-27,U2026,2026-27,U,2026,2026-07-01T00:00:00
015098,"SWOPE, ISAIAH",Isaiah Swope,"SWOPE, ISAIAH","SWOPE, ISAIAH",ISAIAH JAMAL,SWOPE,Swope,NA,USA,United States of America,178,77,2003-04-22T00:00:00,USA,United States of America,,,,FALSE,NA,J,Player,TRUE,2026-09-10T15:14:49.677,2027-06-30T00:00:00,0,1,1,1,Guard,SKYLINERS FRANKFURT,56504,https://media-cdn.cortextech.io/1dU3kpCqReRp93/1BSdBWIjCjnOO1/05b49220-3b25-4cdd-b8af-034fe0e63c78.png,https://media-cdn.cortextech.io/1dU3kpCqReRp93/1BSdBWIjCjnOO1/05b49220-3b25-4cdd-b8af-034fe0e63c78.png,FRA,Skyliners Frankfurt,Skyliners,Skyliners,SKY,FALSE,https://media-cdn.cortextech.io/1dU3kpCqReRp93/1BSdBWIjCgOCpC/6afb32b8-e6dc-4f79-b14a-2d99fdb34cde.png,EuroCup 2026-27,U2026,2026-27,U,2026,2026-07-01T00:00:00
013461,"TABOADA, JOAQUIN",Joaquin Taboada,"TABOADA, J.","TABOADA, J.",JOAQUIN,TABOADA LUHERS,TABOADA,,URU,Uruguay,195,92,2007-06-05T00:00:00,URU,Uruguay,,,,FALSE,NA,J,Player,TRUE,2026-09-17T14:04:01.453,2027-06-30T00:00:00,0,59,59,1,Guard,SAN PABLO BURGOS,56798,NA,NA,BGS,Recoletas Salud San Pablo Burgos,Burgos,Burgos,BUR,FALSE,https://media-cdn.cortextech.io/1dU3kpCqReRp93/1BSdBWIjCgOCxM/40c97670-177e-4c74-9f5f-76b528a0da86.png,EuroCup 2026-27,U2026,2026-27,U,2026,2026-07-01T00:00:00
013530,"TALCIS, TOMAS",Tomas Talcis,"TALCIS, TOMAS","TALCIS, TOMAS",TOMASS,TALCIS,TALCIS,NA,LAT,Latvia,195,94,2007-09-22T00:00:00,ESP,Spain,,,,FALSE,NA,J,Player,TRUE,2026-09-22T12:06:20.814,2027-06-30T00:00:00,0,22,22,2,Forward,VALENCIA BASKET,56961,https://media-cdn.cortextech.io/1dU3kpCqReRp93/1BSdBWIjCjnOS3/fe15aca8-12ac-4b78-bffc-779618b412ac.png,https://media-cdn.cortextech.io/1dU3kpCqReRp93/1BSdBWIjCjnOS3/fe15aca8-12ac-4b78-bffc-779618b412ac.png,RIG,Riga Zelli,Riga Zelli,Riga Zelli,RIG,FALSE,https://media-cdn.cortextech.io/1dU3kpCqReRp93/1BSdBWIjCgOCpC/0ab8fe2a-5972-48c5-bdff-f5159ca0abe7.png,EuroCup 2026-27,U2026,2026-27,U,2026,2026-07-01T00:00:00
015049,"TALIC, DARKO",Darko Talic,"TALIC, DARKO","TALIC, DARKO",DARKO,TALIC,TALIC,NA,BIH,Bosnia and Herzegovina,192,81,1998-02-23T00:00:00,BIH,Bosnia and Herzegovina,NA,NA,NA,FALSE,NA,J,Player,TRUE,2026-09-10T07:47:16.151,2027-06-30T00:00:00,0,19,19,1,Guard,BORAC BANJA LUKA,56407,NA,NA,BOS,BOSNA BH Telecom Sarajevo,BOSNA,BOSNA,BOS,FALSE,https://media-cdn.cortextech.io/1dU3kpCqReRp93/1BSdBWIjCjnOJl/0024f0d4-55d9-4ed0-be41-68c0e90c41d5.png,EuroCup 2026-27,U2026,2026-27,U,2026,2026-07-01T00:00:00
010020,"TAMBA, PABLO",Pablo Tamba,"TAMBA, PABLO","TAMBA, PABLO",PABLO,TAMBA VILLEN,TAMBA,"Tamba, P.",ESP,Spain,200,94,2003-09-04T00:00:00,ESP,Spain,,,,FALSE,NA,J,Player,TRUE,2026-09-08T11:41:12.566,2027-06-30T00:00:00,0,8,8,2,Forward,LSU TIGERS,56007,https://media-cdn.cortextech.io/1dU3kpCqReRp93/1BSdBWIjCjnOS4/751f6afd-cbe6-4e61-ba01-b4c927bafb20.png,https://media-cdn.cortextech.io/1dU3kpCqReRp93/1BSdBWIjCjnOS4/751f6afd-cbe6-4e61-ba01-b4c927bafb20.png,MAN,Kids&Us Manresa,K&U Manresa,Manresa,MAN,FALSE,https://media-cdn.cortextech.io/1dU3kpCqReRp93/1BSdBWIjCgOCpC/06792bed-0383-4de2-80b9-95ecca3fd973.png,EuroCup 2026-27,U2026,2026-27,U,2026,2026-07-01T00:00:00
013936,"TANCAU, TUDOR",Tudor Tancau,"TANCAU, TUDOR","TANCAU, TUDOR",TUDOR-CRISTIAN,TANCAU,TANCAU,NA,ROU,Romania,206,129,2009-01-01T00:00:00,ROU,Romania,,,,FALSE,NA,J,Player,TRUE,2026-09-08T10:47:15.136,2027-06-30T00:00:00,0,32,32,3,Center,U-BT CLUJ-NAPOCA,55938,https://media-cdn.cortextech.io/1dU3kpCqReRp93/1BSdBWIjCjnOS3/bb15cb4f-41fa-4ccf-90b9-8848f04758a1.png,https://media-cdn.cortextech.io/1dU3kpCqReRp93/1BSdBWIjCjnOS3/bb15cb4f-41fa-4ccf-90b9-8848f04758a1.png,CLU,U-BT Cluj-Napoca,U-BT Cluj,Cluj,UBT,FALSE,https://media-cdn.incrowdsports.com/ae3e2844-0615-41bb-a788-a4f0d54b8d5e.png,EuroCup 2026-27,U2026,2026-27,U,2026,2026-07-01T00:00:00
010631,"TANOULIS, GEORGIOS",Georgios Tanoulis,"TANOULIS, GEORGIOS","TANOULIS, GEORGIOS",GEORGIOS,TANOULIS,TANOULIS,"Tanoulis, G.",GRE,Greece,210,105,2002-07-27T00:00:00,GRE,Greece,,tanoulic,,FALSE,NA,J,Player,TRUE,2026-09-24T11:16:55.616,2027-06-30T00:00:00,0,50,50,3,Center,ARIS,57004,NA,NA,ARI,Aris Thessaloniki,Aris,Aris,ARI,FALSE,https://media-cdn.cortextech.io/77e0fd97-1489-4e3c-8e70-ca39075460c0.png,EuroCup 2026-27,U2026,2026-27,U,2026,2026-07-01T00:00:00
008004,"TARCZEWSKI, KALEB",Kaleb Tarczewski,"TARCZEWSKI, KALEB","TARCZEWSKI, KALEB",KALEB ERICK,TARCZEWSKI,TARCZEWSKI,"Tarczewski, K.",USA,United States of America,213,116,1993-02-26T00:00:00,USA,United States of America,,,,FALSE,NA,J,Player,TRUE,2026-09-23T14:28:52.437,2027-06-30T00:00:00,0,25,25,3,Center,YOKOHAMA B-CORSAIRS,56989,NA,NA,NAP,Napoli Basketball,Napoli,Napoli,NAP,FALSE,https://media-cdn.cortextech.io/1dU3kpCqReRp93/1BSdBWIjCgOCpC/c2de1d20-72f4-4453-95de-b4534db6d57f.png,EuroCup 2026-27,U2026,2026-27,U,2026,2026-07-01T00:00:00
005860,"TAROLIS, DONATAS",Donatas Tarolis,Tarolis,Tarolis,DONATAS,TAROLIS,Tarolis,"Tarolis, D.",LTU,Lithuania,202,91,1994-03-30T00:00:00,LTU,Lithuania,,,,FALSE,NA,J,Player,TRUE,2026-09-08T13:54:45.849,2027-06-30T00:00:00,0,1,1,2,Forward,NEPTUNAS,56130,https://media-cdn.cortextech.io/1dU3kpCqReRp93/1BSdBWIjCjnOS5/3214e8a5-a6bf-4e63-a8a1-d7f7d072377f.png,https://media-cdn.cortextech.io/1dU3kpCqReRp93/1BSdBWIjCjnOS5/3214e8a5-a6bf-4e63-a8a1-d7f7d072377f.png,KLA,Neptunas Klaipeda,Neptunas,Neptunas,NEP,FALSE,https://media-cdn.cortextech.io/ed0df5cd-c9e4-4387-bcd4-3606270cd255.png,EuroCup 2026-27,U2026,2026-27,U,2026,2026-07-01T00:00:00
005850,"TAYLOR, TONY",Tony Taylor,Taylor,Taylor,TONY CHRISTOPHER,TAYLOR,TAYLOR II,"Taylor, T.",USA,United States of America,185,85,1990-08-09T00:00:00,USA,United States of America,,,,FALSE,NA,J,Player,TRUE,2026-09-09T15:26:09.403,2027-06-30T00:00:00,0,21,21,1,Guard,TURK TELEKOM ANKARA,56346,NA,NA,TTK,Turk Telekom Ankara,Turk Telekom,Turk Telekom,TTA,FALSE,https://media-cdn.incrowdsports.com/4ba35608-54ca-4800-a59c-f2571e6f8e13.png,EuroCup 2026-27,U2026,2026-27,U,2026,2026-07-01T00:00:00
013299,"TEKCEVIK, METE",Mete Tekcevik,"TEKCEVIK, METE","TEKCEVIK, METE",METE,TEKCEVIK,TEKCEVIK,,TUR,Turkiye,185,85,2001-07-18T00:00:00,TUR,Turkiye,,,,FALSE,NA,J,Player,TRUE,2026-09-09T15:29:56.742,2027-06-30T00:00:00,0,55,55,1,Guard,TURK TELEKOM ANKARA,56348,https://media-cdn.cortextech.io/1dU3kpCqReRp93/1BSdBWIjCjnOS4/76f86019-d9c4-47bf-9ca5-eaa9272a0bbe.png,https://media-cdn.cortextech.io/1dU3kpCqReRp93/1BSdBWIjCjnOS4/76f86019-d9c4-47bf-9ca5-eaa9272a0bbe.png,TTK,Turk Telekom Ankara,Turk Telekom,Turk Telekom,TTA,FALSE,https://media-cdn.incrowdsports.com/4ba35608-54ca-4800-a59c-f2571e6f8e13.png,EuroCup 2026-27,U2026,2026-27,U,2026,2026-07-01T00:00:00
003759,"TESSITORI,  AMEDEO",Amedeo Tessitori,Tessitori,Tessitori,AMEDEO VITTORIO,TESSITORI,TESSITORI,"Tessitori, A.",ITA,Italy,208,118,1994-10-07T00:00:00,ITA,Italy,,amedeotess,amedeo.tessitori,FALSE,NA,J,Player,TRUE,2026-09-08T10:37:32.133,2027-06-30T00:00:00,0,00,00,3,Center,REYER VENEZIA,55909,https://media-cdn.cortextech.io/1dU3kpCqReRp93/1BSdBWIjCjnOS5/14ca526b-012b-4a8c-9a92-9a0b67434980.png,https://media-cdn.cortextech.io/1dU3kpCqReRp93/1BSdBWIjCjnOS5/14ca526b-012b-4a8c-9a92-9a0b67434980.png,VNC,Umana Reyer Venice,Reyer Venice,Reyer Venice,URV,FALSE,https://media-cdn.incrowdsports.com/104f5074-9f23-47da-a21f-f2078db8244c.png,EuroCup 2026-27,U2026,2026-27,U,2026,2026-07-01T00:00:00
014875,"THOMAS, TASHAWN",Tashawn Thomas,"THOMAS, TASHAWN","THOMAS, TASHAWN","TASHAWN, MARQUEZ",THOMAS,THOMAS,NA,USA,United States of America,203,105,1993-02-27T00:00:00,USA,United States of America,,,,FALSE,NA,J,Player,TRUE,2026-09-08T12:13:20.001,2027-06-30T00:00:00,0,35,35,3,Center,LE MANS SARTHE BASKET,56049,https://media-cdn.cortextech.io/1dU3kpCqReRp93/1BSdBWIjCjnOS3/846d211d-4b6d-48c6-a362-9e1a503d52b7.png,https://media-cdn.cortextech.io/1dU3kpCqReRp93/1BSdBWIjCjnOS3/846d211d-4b6d-48c6-a362-9e1a503d52b7.png,LEM,Le Mans Sarthe Basket,Le Mans Sarthe,Le Mans Sarthe,MSB,FALSE,https://media-cdn.cortextech.io/1dU3kpCqReRp93/1BSdBWIjCgOCpC/b8ec3298-5030-4865-8469-722a21b471c3.png,EuroCup 2026-27,U2026,2026-27,U,2026,2026-07-01T00:00:00
015099,"THOMPSON, RACE",Race Thompson,"THOMPSON, RACE","THOMPSON, RACE",RACE ALEXANDER,THOMPSON,Thompson,NA,USA,United States of America,203,107,1999-06-04T00:00:00,USA,United States of America,,,,FALSE,NA,J,Player,TRUE,2026-09-10T15:14:49.928,2027-06-30T00:00:00,0,5,5,3,Center,LEGIA WARSZAWA,56505,https://media-cdn.cortextech.io/1dU3kpCqReRp93/1BSdBWIjCjnOO1/2e7e8a82-1492-4cc1-9ccb-0e88888a9413.png,https://media-cdn.cortextech.io/1dU3kpCqReRp93/1BSdBWIjCjnOO1/2e7e8a82-1492-4cc1-9ccb-0e88888a9413.png,FRA,Skyliners Frankfurt,Skyliners,Skyliners,SKY,FALSE,https://media-cdn.cortextech.io/1dU3kpCqReRp93/1BSdBWIjCgOCpC/6afb32b8-e6dc-4f79-b14a-2d99fdb34cde.png,EuroCup 2026-27,U2026,2026-27,U,2026,2026-07-01T00:00:00
012577,"THURMAN, TRE'SHAWN",Tre'Shawn Thurman,"THURMAN, TRE'SHAWN","THURMAN, TRE'SHAWN",TRESHAWN MARCEL,THURMAN,THURMAN,,USA,United States of America,201,102,1995-12-15T00:00:00,USA,United States of America,,,,FALSE,NA,J,Player,TRUE,2026-09-08T16:20:21.336,2027-06-30T00:00:00,0,15,15,2,Forward,EROKSPOR,56207,https://media-cdn.cortextech.io/1dU3kpCqReRp93/1BSdBWIjCjnOS3/4426d325-39aa-41d6-a186-59ecf5a9df4d.png,https://media-cdn.cortextech.io/1dU3kpCqReRp93/1BSdBWIjCjnOS3/4426d325-39aa-41d6-a186-59ecf5a9df4d.png,BUR,Tofas Bursa,Tofas Bursa,Tofas,TOF,FALSE,https://media-cdn.cortextech.io/1dU3kpCqReRp93/1BSdBWIjChWbHH/72e5c4e0-abe1-43ce-bfb7-dcb025bb4adc.png,EuroCup 2026-27,U2026,2026-27,U,2026,2026-07-01T00:00:00
014897,"TILSEN, MATTHES",Matthes Tilsen,"TILSEN, MATTHES","TILSEN, MATTHES",ERIK MATTHES,TILSEN,TILSEN,NA,GER,Germany,196,98,2006-08-14T00:00:00,GER,Germany,,,,FALSE,NA,J,Player,TRUE,2026-09-08T12:48:33.903,2027-06-30T00:00:00,0,31,31,2,Forward,ROSTOCK SEAWOLVES,56102,https://media-cdn.cortextech.io/1dU3kpCqReRp93/1BSdBWIjCjnOS5/f26ce35a-9698-48e6-a9e0-79a76515f56f.png,https://media-cdn.cortextech.io/1dU3kpCqReRp93/1BSdBWIjCjnOS5/f26ce35a-9698-48e6-a9e0-79a76515f56f.png,RTK,Rostock Seawolves, Rostock, Rostock,ROS,FALSE,https://media-cdn.cortextech.io/1dU3kpCqReRp93/1BSdBWIjCgOCpC/de14cdb9-c0f7-485f-84ac-f305ace44723.png,EuroCup 2026-27,U2026,2026-27,U,2026,2026-07-01T00:00:00
011943,"TKACHENKO, IVAN",Ivan Tkachenko,"TKACHENKO, IVAN","TKACHENKO, IVAN",IVAN,TKACHENKO,TKACHENKO,,UKR,Ukraine,197,83,1997-04-23T00:00:00,UKR,Ukraine,,,,FALSE,NA,J,Player,TRUE,2026-09-21T10:21:11.473,2027-06-30T00:00:00,0,55,55,2,Forward,ZADAR,56915,https://media-cdn.cortextech.io/1dU3kpCqReRp93/1BSdBWIjCjnOS3/e301f54b-b37b-49d1-bf24-77df79cf93d6.png,https://media-cdn.cortextech.io/1dU3kpCqReRp93/1BSdBWIjCjnOS3/e301f54b-b37b-49d1-bf24-77df79cf93d6.png,RIG,Riga Zelli,Riga Zelli,Riga Zelli,RIG,FALSE,https://media-cdn.cortextech.io/1dU3kpCqReRp93/1BSdBWIjCgOCpC/0ab8fe2a-5972-48c5-bdff-f5159ca0abe7.png,EuroCup 2026-27,U2026,2026-27,U,2026,2026-07-01T00:00:00
004292,"TOLIOPOULOS, VASSILIS",Vassilis Toliopoulos,Toliopoulos,Toliopoulos,VASILEIOS,TOLIOPOULOS,TOLIOPOULOS,"Toliopoulos, V.",GRE,Greece,187,80,1996-06-15T00:00:00,GRE,Greece,,,,FALSE,NA,J,Player,TRUE,2026-09-23T13:00:38.815,2027-06-30T00:00:00,0,4,4,1,Guard,PAO ATHENS,56983,NA,NA,ARI,Aris Thessaloniki,Aris,Aris,ARI,FALSE,https://media-cdn.cortextech.io/77e0fd97-1489-4e3c-8e70-ca39075460c0.png,EuroCup 2026-27,U2026,2026-27,U,2026,2026-07-01T00:00:00
015037,"TOSHKOV, KONSTANTIN",Konstantin Toshkov,"TOSHKOV, KONSTANTIN","TOSHKOV, KONSTANTIN",KONSTANTIN,TOSHKOV,TOSHKOV,NA,BUL,Bulgaria,185,70,2002-02-14T00:00:00,BUL,Bulgaria,,,,FALSE,NA,J,Player,TRUE,2026-09-09T16:42:20.23,2027-06-30T00:00:00,0,22,22,1,Guard,BALKAN BOTEVGRAD,56388,NA,NA,BLK,Balkan Botevgrad,Balkan,Balkan,BLK,FALSE,https://media-cdn.cortextech.io/1dU3kpCqReRp93/1BSdBWIjCgOCpC/ba6e2d99-3ea9-4730-a0ce-830cccca4657.png,EuroCup 2026-27,U2026,2026-27,U,2026,2026-07-01T00:00:00
006277,"TOTE, LEONARDO",Leonardo Tote,"TOTE, LEONARDO","TOTE, LEONARDO",LEONARDO,TOTE,TOTÈ,NA,ITA,Italy,212,107,1997-07-08T00:00:00,ITA,Italy,,,,FALSE,NA,J,Player,TRUE,2026-09-10T09:32:50.866,2027-06-30T00:00:00,0,35,35,3,Center,SS NAPOLIBASKET SRL,56422,NA,NA,NAP,Napoli Basketball,Napoli,Napoli,NAP,FALSE,https://media-cdn.cortextech.io/1dU3kpCqReRp93/1BSdBWIjCgOCpC/c2de1d20-72f4-4453-95de-b4534db6d57f.png,EuroCup 2026-27,U2026,2026-27,U,2026,2026-07-01T00:00:00
010319,"TRAORE, ARMEL",Armel Traore,"TRAORE, ARMEL","TRAORE, ARMEL",ARMEL BAKARI TIMOTHE SIMON,TRAORE,TRAORE,"Traore, A.",FRA,France,203,111,2003-01-23T00:00:00,FRA,France,Armel_Traor35,,,FALSE,NA,J,Player,TRUE,2026-09-08T15:51:58.611,2027-06-30T00:00:00,0,94,94,2,Forward,LDLC ASVEL VILLEURBANNE,56168,https://media-cdn.cortextech.io/1dU3kpCqReRp93/1BSdBWIjCjnOO1/8cc5d350-fbb3-4840-ad3d-907e7dcbd673.png,https://media-cdn.cortextech.io/1dU3kpCqReRp93/1BSdBWIjCjnOO1/8cc5d350-fbb3-4840-ad3d-907e7dcbd673.png,ULM,ratiopharm ulm,Ulm,Ulm,ULM,FALSE,https://media-cdn.cortextech.io/5750bc8b-dd63-48e4-8586-10d4e5e2b4e2.png,EuroCup 2026-27,U2026,2026-27,U,2026,2026-07-01T00:00:00
007673,"TRIFUNOVIC, UROS",Uros Trifunovic,"TRIFUNOVIC, UROS","TRIFUNOVIC, UROS",UROS,TRIFUNOVIC,TRIFUNOVIC,"Trifunovic, U.",SRB,Serbia,200,99,2000-12-05T00:00:00,SRB,Serbia,,uros_trifunovic,,FALSE,NA,J,Player,TRUE,2026-09-23T07:55:49.575,2027-06-30T00:00:00,0,10,10,2,Forward,TURK TELEKOM ANKARA,56964,https://media-cdn.cortextech.io/1dU3kpCqReRp93/1BSdBWIjCjnOS4/663ac60e-b56c-4390-850f-52ca55823aad.png,https://media-cdn.cortextech.io/1dU3kpCqReRp93/1BSdBWIjCjnOS4/663ac60e-b56c-4390-850f-52ca55823aad.png,TTK,Turk Telekom Ankara,Turk Telekom,Turk Telekom,TTA,FALSE,https://media-cdn.incrowdsports.com/4ba35608-54ca-4800-a59c-f2571e6f8e13.png,EuroCup 2026-27,U2026,2026-27,U,2026,2026-07-01T00:00:00
013523,"TRIGGIANI, VITTORIO",Vittorio Triggiani,"TRIGGIANI, VITTORIO","TRIGGIANI, VITTORIO",VITTORIO,TRIGGIANI,TRIGGIANI,,ITA,Italy,197,90,2008-08-03T00:00:00,ITA,Italy,,,,FALSE,NA,J,Player,TRUE,2026-09-08T11:33:02.174,2027-06-30T00:00:00,0,12,12,2,Forward,DOLOMITI ENERGIA TRENTO,55986,NA,NA,TRN,Dolomiti Energia Trento,Trento,Trento,TRE,FALSE,https://media-cdn.cortextech.io/1dU3kpCqReRp93/1BSdBWIjCcz1CG/e4ce6137-6d3f-4072-9480-c0b9a9cd617d.png,EuroCup 2026-27,U2026,2026-27,U,2026,2026-07-01T00:00:00
006856,"TUBUTIS, EINARAS",Einaras Tubutis,Tubutis,Tubutis,EINARAS,TUBUTIS,TUBUTIS,"Tubutis, E.",LTU,Lithuania,204,92,1998-11-04T00:00:00,LTU,Lithuania,,,NA,FALSE,NA,J,Player,TRUE,2026-09-08T13:54:48.023,2027-06-30T00:00:00,0,37,37,2,Forward,ASSECO ARKA,56139,https://media-cdn.cortextech.io/1dU3kpCqReRp93/1BSdBWIjCjnOS5/a23b5b0a-817c-4f99-b183-4be4dab1535a.png,https://media-cdn.cortextech.io/1dU3kpCqReRp93/1BSdBWIjCjnOS5/a23b5b0a-817c-4f99-b183-4be4dab1535a.png,KLA,Neptunas Klaipeda,Neptunas,Neptunas,NEP,FALSE,https://media-cdn.cortextech.io/ed0df5cd-c9e4-4387-bcd4-3606270cd255.png,EuroCup 2026-27,U2026,2026-27,U,2026,2026-07-01T00:00:00
014886,"TYREE, BREEIN",Breein Tyree,"TYREE, BREEIN","TYREE, BREEIN",BREEIN ALON,TYREE,TYREE,NA,USA,United States of America,188,86,1998-01-13T00:00:00,USA,United States of America,,,,FALSE,NA,J,Player,TRUE,2026-09-08T12:42:07.918,2027-06-30T00:00:00,0,5,5,1,Guard,PAOK BC,56072,https://media-cdn.cortextech.io/1dU3kpCqReRp93/1BSdBWIjCjnOO0/349c3b28-2955-440f-9388-6cf6c7558eb6.png,https://media-cdn.cortextech.io/1dU3kpCqReRp93/1BSdBWIjCjnOO0/349c3b28-2955-440f-9388-6cf6c7558eb6.png,PAO,PAOK Thessaloniki,PAOK,PAOK,PBC,FALSE,https://media-cdn.cortextech.io/1dU3kpCqReRp93/1BSdBWIjChWbHH/0506e7c4-ec4b-460a-bc59-b033ad9e336c.png,EuroCup 2026-27,U2026,2026-27,U,2026,2026-07-01T00:00:00
015235,"TYSON, HUNTER",Hunter Tyson,"TYSON, HUNTER","TYSON, HUNTER",HUNTER BLAISE,TYSON,Tyson,NA,USA,United States of America,203,97,2000-06-13T00:00:00,USA,United States of America,NA,NA,NA,FALSE,NA,J,Player,TRUE,2026-09-25T11:50:29.405,2027-06-30T00:00:00,0,4,4,2,Forward,GIGANTES DE CAROLINA,57017,NA,NA,MRO,Maxima Roma,Maxima Roma,Maxima Roma,RMA,FALSE,https://media-cdn.cortextech.io/1dU3kpCqReRp93/1BSdBWIjChWbHH/f1547a87-c0bf-41ab-bf7e-a0001649430d.png,EuroCup 2026-27,U2026,2026-27,U,2026,2026-07-01T00:00:00
012812,"USTUN, DERIN CAN",Derin Can Ustun,"USTUN, DERIN CAN","USTUN, DERIN CAN",DERIN CAN,USTUN,USTUN,"USTUN, D.",CAN,Canada,191,84,2007-03-07T00:00:00,TUR,Turkiye,,,,FALSE,NA,J,Player,TRUE,2026-09-08T11:04:48.995,2027-06-30T00:00:00,0,7,7,1,Guard,CEDEVITA OLIMPIJA,55963,https://media-cdn.cortextech.io/1dU3kpCqReRp93/1BSdBWIjCjnOO0/a80e3d4d-77a4-42af-8f1e-8f7a0bb82189.png,https://media-cdn.cortextech.io/1dU3kpCqReRp93/1BSdBWIjCjnOO0/a80e3d4d-77a4-42af-8f1e-8f7a0bb82189.png,LJU,Cedevita Olimpija Ljubljana,Cedevita Olimp,Cedevita Olimpija,COL,FALSE,https://media-cdn.incrowdsports.com/73b33d13-570e-4e49-a9cb-fe806831eaa7.png,EuroCup 2026-27,U2026,2026-27,U,2026,2026-07-01T00:00:00
007523,"VALINSKAS, MARIUS",Marius Valinskas,"VALINSKAS, MARIUS","VALINSKAS, MARIUS",MARIUS,VALINSKAS,VALINSKAS,"Valinskas, M.",LTU,Lithuania,189,77,1999-05-04T00:00:00,LTU,Lithuania,,,,FALSE,NA,J,Player,TRUE,2026-09-08T12:28:09.666,2027-06-30T00:00:00,0,99,99,1,Guard,BC SIAULIAI,56067,https://media-cdn.cortextech.io/1dU3kpCqReRp93/1BSdBWIjCjnOO1/34e0dcc6-ff97-4dbe-8ad6-af31cf1ca856.png,https://media-cdn.cortextech.io/1dU3kpCqReRp93/1BSdBWIjCjnOO1/34e0dcc6-ff97-4dbe-8ad6-af31cf1ca856.png,LKB,Lietkabelis Panevezys,Lietkabelis,Lietkabelis,LIE,FALSE,https://media-cdn.cortextech.io/ffcb6e37-31f4-48f6-91c2-a8c9a6f791a9.png,EuroCup 2026-27,U2026,2026-27,U,2026,2026-07-01T00:00:00
014864,"VAN BECK , WESLEY",Wesley Van Beck,"VAN BECK , WESLEY","VAN BECK , WESLEY",WESLEY DAVID SCOTT ANTHONY  OGLU,VAN BECK,VAN BECK,NA,AZE,Azerbaijan,192,90,1996-01-22T00:00:00,USA,United States of America,NA,NA,NA,FALSE,NA,J,Player,TRUE,2026-09-08T11:57:40.147,2027-06-30T00:00:00,0,4,4,2,Forward,LA LAGUNA TENERIFE,56020,https://media-cdn.cortextech.io/1dU3kpCqReRp93/1BSdBWIjCjnOS4/5c5ba7d6-3433-4727-bfbc-ac1056644a6e.png,https://media-cdn.cortextech.io/1dU3kpCqReRp93/1BSdBWIjCjnOS4/5c5ba7d6-3433-4727-bfbc-ac1056644a6e.png,TNF,La Laguna Tenerife,LL Tenerife,La Laguna Tenerife,LLT,FALSE,https://media-cdn.cortextech.io/1dU3kpCqReRp93/1BSdBWIjCgOCpC/59bf7582-6c0b-4e14-bce6-1380aad90f34.png,EuroCup 2026-27,U2026,2026-27,U,2026,2026-07-01T00:00:00
005521,"VARNAS, MARTYNAS",Martynas Varnas,Varnas,Varnas,MARTYNAS,VARNAS,VARNAS,"Varnas, M.",LTU,Lithuania,196,79,1997-01-21T00:00:00,LTU,Lithuania,,,,FALSE,NA,J,Player,TRUE,2026-09-10T14:28:25.122,2027-06-30T00:00:00,0,13,13,2,Forward,KOLOSSOS RODOU,56490,https://media-cdn.cortextech.io/1dU3kpCqReRp93/1BSdBWIjCjnOS3/67756313-34b8-4c3b-bd5e-ce6594997c2b.png,https://media-cdn.cortextech.io/1dU3kpCqReRp93/1BSdBWIjCjnOS3/67756313-34b8-4c3b-bd5e-ce6594997c2b.png,RIG,Riga Zelli,Riga Zelli,Riga Zelli,RIG,FALSE,https://media-cdn.cortextech.io/1dU3kpCqReRp93/1BSdBWIjCgOCpC/0ab8fe2a-5972-48c5-bdff-f5159ca0abe7.png,EuroCup 2026-27,U2026,2026-27,U,2026,2026-07-01T00:00:00
007524,"VENSKUS, ERIKAS",Erikas Venskus,"VENSKUS, ERIKAS","VENSKUS, ERIKAS",ERIKAS,VENSKUS,VENSKUS,"Venskus, E.",LTU,Lithuania,205,100,2000-05-28T00:00:00,LTU,Lithuania,,,,FALSE,NA,J,Player,TRUE,2026-09-10T10:38:47.673,2027-06-30T00:00:00,0,21,21,2,Forward,JUVENTUS UTENA LITHUANIA,56433,https://media-cdn.cortextech.io/1dU3kpCqReRp93/1BSdBWIjCjnOO0/8b82c6dd-16e7-48fe-955f-617439eb93ab.png,https://media-cdn.cortextech.io/1dU3kpCqReRp93/1BSdBWIjCjnOO0/8b82c6dd-16e7-48fe-955f-617439eb93ab.png,SIA,Siauliai Basketball,Siauliai ,Siauliai ,SIA,FALSE,https://media-cdn.cortextech.io/1dU3kpCqReRp93/1BSdBWIjCgOCpC/55a49aa3-e91f-45cc-88d0-670896ce5825.png,EuroCup 2026-27,U2026,2026-27,U,2026,2026-07-01T00:00:00
014226,"VERGNAGHI, GIULIO",Giulio Vergnaghi,"VERGNAGHI, GIULIO","VERGNAGHI, GIULIO",GIULIO,VERGNAGHI,VERGNAGHI,NA,ITA,Italy,191,80,2008-04-08T00:00:00,ITA,Italy,NA,NA,NA,FALSE,NA,J,Player,TRUE,2026-09-08T11:33:00.678,2027-06-30T00:00:00,0,6,6,1,Guard,DOLOMITI ENERGIA TRENTO,55980,NA,NA,TRN,Dolomiti Energia Trento,Trento,Trento,TRE,FALSE,https://media-cdn.cortextech.io/1dU3kpCqReRp93/1BSdBWIjCcz1CG/e4ce6137-6d3f-4072-9480-c0b9a9cd617d.png,EuroCup 2026-27,U2026,2026-27,U,2026,2026-07-01T00:00:00
015012,"VERONESI, GIOVANNI",Giovanni Veronesi,"VERONESI, GIOVANNI","VERONESI, GIOVANNI",GIOVANNI,VERONESI,Veronesi,NA,ITA,Italy,197,110,1998-03-21T00:00:00,ITA,Italy,,,,FALSE,NA,J,Player,TRUE,2026-09-09T11:27:02.856,2027-06-30T00:00:00,0,16,16,2,Forward,VANOLI CREMONA,56304,NA,NA,MRO,Maxima Roma,Maxima Roma,Maxima Roma,RMA,FALSE,https://media-cdn.cortextech.io/1dU3kpCqReRp93/1BSdBWIjChWbHH/f1547a87-c0bf-41ab-bf7e-a0001649430d.png,EuroCup 2026-27,U2026,2026-27,U,2026,2026-07-01T00:00:00
006082,"VILA, ERIC",Eric Vila,"VILA, ERIC","VILA, ERIC",ERIC,VILA MARTINEZ,VILA,"Vila, E.",ESP,Spain,209,100,1998-05-15T00:00:00,ESP,Spain,,,NA,FALSE,NA,J,Player,TRUE,2026-09-08T11:41:11.773,2027-06-30T00:00:00,0,4,4,2,Forward,DREAMLAND GRAN CANARIA,56004,https://media-cdn.cortextech.io/1dU3kpCqReRp93/1BSdBWIjCjnOS4/6141b16f-e3be-4c1a-9aff-aa89e3ca6023.png,https://media-cdn.cortextech.io/1dU3kpCqReRp93/1BSdBWIjCjnOS4/6141b16f-e3be-4c1a-9aff-aa89e3ca6023.png,MAN,Kids&Us Manresa,K&U Manresa,Manresa,MAN,FALSE,https://media-cdn.cortextech.io/1dU3kpCqReRp93/1BSdBWIjCgOCpC/06792bed-0383-4de2-80b9-95ecca3fd973.png,EuroCup 2026-27,U2026,2026-27,U,2026,2026-07-01T00:00:00
010035,"VILLAR, RAFA",Rafa Villar,"VILLAR, RAFA","VILLAR, RAFA",RAFAEL,VILLAR CORNAGO,VILLAR,"Villar, R.",ESP,Spain,191,86,2004-08-09T00:00:00,ESP,Spain,,rafa_vilaa,,FALSE,NA,J,Player,TRUE,2026-09-08T11:41:13.508,2027-06-30T00:00:00,0,44,44,1,Guard,BASKONIA,56011,https://media-cdn.cortextech.io/1dU3kpCqReRp93/1BSdBWIjCjnOS4/e4d41089-6f39-49fe-976d-3a613d66a6d2.png,https://media-cdn.cortextech.io/1dU3kpCqReRp93/1BSdBWIjCjnOS4/e4d41089-6f39-49fe-976d-3a613d66a6d2.png,MAN,Kids&Us Manresa,K&U Manresa,Manresa,MAN,FALSE,https://media-cdn.cortextech.io/1dU3kpCqReRp93/1BSdBWIjCgOCpC/06792bed-0383-4de2-80b9-95ecca3fd973.png,EuroCup 2026-27,U2026,2026-27,U,2026,2026-07-01T00:00:00
014933,"VON SECKENDORFF, JANNIS",Jannis Von Seckendorff,"VON SECKENDORFF, JANNIS","VON SECKENDORFF, JANNIS",JANNIS ALEXANDER GOETZ MARIA,FREIHERR VON SECKENDORFF,VON SECKENDORFF,NA,GER,Germany,204,96,2002-10-15T00:00:00,GER,Germany,,,,FALSE,NA,J,Player,TRUE,2026-09-08T16:08:12.188,2027-06-30T00:00:00,0,90,90,2,Forward,EISBAEREN BREMERHAVEN,56196,NA,NA,NIN,NINERS Chemnitz,Chemnitz,Chemnitz,CHE,FALSE,https://media-cdn.cortextech.io/75ae96be-69f9-4e48-b5bd-b1056842db57.png,EuroCup 2026-27,U2026,2026-27,U,2026,2026-07-01T00:00:00
003704,"VRABAC, ADIN",Adin Vrabac,"VRABAC, ADIN","VRABAC, ADIN",ADIN,VRABAC,VRABAC,"Vrabac, A.",BIH,Bosnia and Herzegovina,202,94,1994-01-27T00:00:00,BIH,Bosnia and Herzegovina,,NA,NA,FALSE,NA,J,Player,TRUE,2026-09-10T07:47:15.647,2027-06-30T00:00:00,0,7,7,1,Guard,OURENSE BALLONCESTO SAD,56405,NA,NA,BOS,BOSNA BH Telecom Sarajevo,BOSNA,BOSNA,BOS,FALSE,https://media-cdn.cortextech.io/1dU3kpCqReRp93/1BSdBWIjCjnOJl/0024f0d4-55d9-4ed0-be41-68c0e90c41d5.png,EuroCup 2026-27,U2026,2026-27,U,2026,2026-07-01T00:00:00
013912,"WAHL, TYLER",Tyler Wahl,"WAHL, TYLER","WAHL, TYLER",TYLER JOHN,WAHL,WAHL,NA,USA,United States of America,206,102,2001-03-07T00:00:00,USA,United States of America,,,,FALSE,NA,J,Player,TRUE,2026-09-10T11:07:31.954,2027-06-30T00:00:00,0,5,5,2,Forward,ANWIL WLOCLAWEK,56440,https://media-cdn.cortextech.io/1dU3kpCqReRp93/1BSdBWIjCjnOS3/335ff917-d155-4f63-8ec3-0b671a56f363.png,https://media-cdn.cortextech.io/1dU3kpCqReRp93/1BSdBWIjCjnOS3/335ff917-d155-4f63-8ec3-0b671a56f363.png,RIG,Riga Zelli,Riga Zelli,Riga Zelli,RIG,FALSE,https://media-cdn.cortextech.io/1dU3kpCqReRp93/1BSdBWIjCgOCpC/0ab8fe2a-5972-48c5-bdff-f5159ca0abe7.png,EuroCup 2026-27,U2026,2026-27,U,2026,2026-07-01T00:00:00
014922,"WALKER, TYSON",Tyson Walker,"WALKER, TYSON","WALKER, TYSON","TYSON, ISIAH",WALKER,WALKER,NA,USA,United States of America,184,80,2000-09-18T00:00:00,USA,United States of America,,,,FALSE,NA,J,Player,TRUE,2026-09-08T15:56:53.697,2027-06-30T00:00:00,0,12,12,1,Guard,MELBOURNE UNITED,56175,https://media-cdn.cortextech.io/1dU3kpCqReRp93/1BSdBWIjCjnOS0/93e33b90-995b-443f-a4b4-bf9934c4bef4.png,https://media-cdn.cortextech.io/1dU3kpCqReRp93/1BSdBWIjCjnOS0/93e33b90-995b-443f-a4b4-bf9934c4bef4.png,BOU,Cosea JL Bourg-en-Bresse,Cosea JL Bourg,Bourg,JLB,FALSE,https://media-cdn.incrowdsports.com/d4225e1b-7c1b-4382-98d4-ca8511c64441.png,EuroCup 2026-27,U2026,2026-27,U,2026,2026-07-01T00:00:00
015023,"WATSON JR, PAUL",Paul Watson Jr,"WATSON JR, PAUL","WATSON JR, PAUL",PAUL ANTHONY,WATSON JR,WATSON JR,NA,USA,United States of America,201,95,1994-12-30T00:00:00,USA,United States of America,,,,FALSE,NA,J,Player,TRUE,2026-09-09T13:23:35.774,2027-06-30T00:00:00,0,3,3,2,Forward,MEMPHIS HUSTLE,56322,https://media-cdn.cortextech.io/1dU3kpCqReRp93/1BSdBWIjCjnOS5/5b79d47d-85e9-4308-948a-18889e91328f.png,https://media-cdn.cortextech.io/1dU3kpCqReRp93/1BSdBWIjCjnOS5/5b79d47d-85e9-4308-948a-18889e91328f.png,BCR,Roma Basketball,Roma,Roma,ROM,FALSE,https://media-cdn.cortextech.io/1dU3kpCqReRp93/1BSdBWIjCjnOS1/1e9e0379-db30-4234-89b0-19576709c285.png,EuroCup 2026-27,U2026,2026-27,U,2026,2026-07-01T00:00:00
014013,"WATSON, GLYNN",Glynn Watson,"WATSON, GLYNN","WATSON, GLYNN",GLYNN JUWAN,WATSON,WATSON JR,NA,USA,United States of America,183,82,1997-03-09T00:00:00,USA,United States of America,,,,FALSE,NA,J,Player,TRUE,2026-09-08T10:37:34.886,2027-06-30T00:00:00,0,30,30,1,Guard,LDLC ASVEL VILLEURBANNE,55919,https://media-cdn.cortextech.io/1dU3kpCqReRp93/1BSdBWIjCjnOS5/1f10e4e3-d4b0-400a-b769-29a7db572467.png,https://media-cdn.cortextech.io/1dU3kpCqReRp93/1BSdBWIjCjnOS5/1f10e4e3-d4b0-400a-b769-29a7db572467.png,VNC,Umana Reyer Venice,Reyer Venice,Reyer Venice,URV,FALSE,https://media-cdn.incrowdsports.com/104f5074-9f23-47da-a21f-f2078db8244c.png,EuroCup 2026-27,U2026,2026-27,U,2026,2026-07-01T00:00:00
014915,"WATSON, IBI",Ibi Watson,"WATSON, IBI","WATSON, IBI",IBRAHIM DAVIS,WATSON-BOYE,Watson,NA,USA,United States of America,194,89,1998-01-06T00:00:00,USA,United States of America,,,,FALSE,NA,J,Player,TRUE,2026-09-08T15:51:55.3,2027-06-30T00:00:00,0,2,2,1,Guard,BAMBERG BASKETS,56159,https://media-cdn.cortextech.io/1dU3kpCqReRp93/1BSdBWIjCjnOO1/96b5acbc-ad99-4d22-88ae-593f3132ff1e.png,https://media-cdn.cortextech.io/1dU3kpCqReRp93/1BSdBWIjCjnOO1/96b5acbc-ad99-4d22-88ae-593f3132ff1e.png,ULM,ratiopharm ulm,Ulm,Ulm,ULM,FALSE,https://media-cdn.cortextech.io/5750bc8b-dd63-48e4-8586-10d4e5e2b4e2.png,EuroCup 2026-27,U2026,2026-27,U,2026,2026-07-01T00:00:00
013305,"WHEATLE, CARL",Carl Wheatle,"WHEATLE, CARL","WHEATLE, CARL",CARL ANTON DELROY,WHEATLE,WHEATLE,,UK ,United Kingdom,200,90,1998-03-24T00:00:00,UK ,United Kingdom,,,,FALSE,NA,J,Player,TRUE,2026-09-09T11:27:02.351,2027-06-30T00:00:00,0,10,10,2,Forward,VENEZIA,56302,NA,NA,MRO,Maxima Roma,Maxima Roma,Maxima Roma,RMA,FALSE,https://media-cdn.cortextech.io/1dU3kpCqReRp93/1BSdBWIjChWbHH/f1547a87-c0bf-41ab-bf7e-a0001649430d.png,EuroCup 2026-27,U2026,2026-27,U,2026,2026-07-01T00:00:00
015057,"WHITE, JACK",Jack White,"WHITE, JACK","WHITE, JACK",JACKSON THOMAS,WHITE,WHITE,NA,AUS,Australia,195,0,1997-08-05T00:00:00,AUS,Australia,,,,FALSE,NA,J,Player,TRUE,2026-09-10T09:32:49.932,2027-06-30T00:00:00,0,14,14,2,Forward,MERSIN BUYUKSEHIR BELEDIYESPOR,56418,NA,NA,NAP,Napoli Basketball,Napoli,Napoli,NAP,FALSE,https://media-cdn.cortextech.io/1dU3kpCqReRp93/1BSdBWIjCgOCpC/c2de1d20-72f4-4453-95de-b4534db6d57f.png,EuroCup 2026-27,U2026,2026-27,U,2026,2026-07-01T00:00:00
015233,"WILCZEK, ADAM",Adam Wilczek,"WILCZEK, ADAM","WILCZEK, ADAM",ADAM,WILCZEK,WILCZEK,NA,POL,Poland,201,78,2010-04-06T00:00:00,POL,Poland,NA,NA,NA,FALSE,NA,J,Player,TRUE,2026-09-25T10:49:19.393,2027-06-30T00:00:00,0,34,34,2,Forward,SLASK WROCLAW,57015,NA,NA,WRO,Slask Wroclaw,Slask,Slask,WKS,FALSE,https://media-cdn.incrowdsports.com/0415061b-5374-4a0d-bc04-8fcbc8ad0bb3.png,EuroCup 2026-27,U2026,2026-27,U,2026,2026-07-01T00:00:00
014931,"WILLIAMS, COBE",Cobe Williams,"WILLIAMS, COBE","WILLIAMS, COBE",COBE LEE,WILLIAMS,WILLIAMS,NA,USA,United States of America,183,84,2000-07-13T00:00:00,USA,United States of America,,,,FALSE,NA,J,Player,TRUE,2026-09-08T16:08:11.698,2027-06-30T00:00:00,0,24,24,1,Guard,BMA365 BAMBERG BASKETS,56194,NA,NA,NIN,NINERS Chemnitz,Chemnitz,Chemnitz,CHE,FALSE,https://media-cdn.cortextech.io/75ae96be-69f9-4e48-b5bd-b1056842db57.png,EuroCup 2026-27,U2026,2026-27,U,2026,2026-07-01T00:00:00
014098,"WILLIAMS, DEANE",Deane Williams,"WILLIAMS, DEANE","WILLIAMS, DEANE",DEANE ALEXANDER,WILLIAMS,Williams,NA,GBR,United Kingdom,203,102,1996-09-23T00:00:00,GBR,United Kingdom,,,,FALSE,NA,J,Player,TRUE,2026-09-14T15:15:11.683,2027-06-30T00:00:00,0,31,31,2,Forward,BC LONDON LIONS,56667,https://media-cdn.cortextech.io/1dU3kpCqReRp93/1BSdBWIjCjnONv/b22b80cd-0b52-4083-84ab-0eda34457d35.png,https://media-cdn.cortextech.io/1dU3kpCqReRp93/1BSdBWIjCjnONv/b22b80cd-0b52-4083-84ab-0eda34457d35.png,LLI,London Lions,London,London,LDN,FALSE,https://media-cdn.cortextech.io/102de468-9e41-4b8e-b44d-23bebb9e916f.png,EuroCup 2026-27,U2026,2026-27,U,2026,2026-07-01T00:00:00
012604,"WILLIAMS, TREVION",Trevion Williams,"WILLIAMS, TREVION LAMON","WILLIAMS, TREVION LAMON",TREVION LAMON,WILLIAMS,Williams,,USA,United States of America,208,120,2000-09-16T00:00:00,USA,United States of America,,,,FALSE,NA,J,Player,TRUE,2026-09-08T16:24:58.793,2027-06-30T00:00:00,0,50,50,3,Center,BAHCESEHIR COLLEGE SPORTS CLUB,56224,https://media-cdn.cortextech.io/1dU3kpCqReRp93/1BSdBWIjCjnOS1/843e1a55-485e-4dc6-ac68-b7e506b0a195.png,https://media-cdn.cortextech.io/1dU3kpCqReRp93/1BSdBWIjCjnOS1/843e1a55-485e-4dc6-ac68-b7e506b0a195.png,BAH,Bahcesehir College Istanbul,Bahcesehir,Bahcesehir,BKS,FALSE,https://media-cdn.incrowdsports.com/1d3274d8-da86-4d21-9e97-6810ab88babe.png,EuroCup 2026-27,U2026,2026-27,U,2026,2026-07-01T00:00:00
008052,"WILTJER, KYLE",Kyle Wiltjer,"WILTJER, KYLE","WILTJER, KYLE",KYLE GREGORY,WILTJER,WILTJER,"Wiltjer, K.",USA,United States of America,208,103,1992-10-20T00:00:00,USA,United States of America,,,,FALSE,NA,J,Player,TRUE,2026-09-08T10:37:35.172,2027-06-30T00:00:00,0,33,33,2,Forward,REYER VENEZIA,55920,https://media-cdn.cortextech.io/1dU3kpCqReRp93/1BSdBWIjCjnOS5/efcf8757-6a9d-4422-9c8a-22eb2ffd87ee.png,https://media-cdn.cortextech.io/1dU3kpCqReRp93/1BSdBWIjCjnOS5/efcf8757-6a9d-4422-9c8a-22eb2ffd87ee.png,VNC,Umana Reyer Venice,Reyer Venice,Reyer Venice,URV,FALSE,https://media-cdn.incrowdsports.com/104f5074-9f23-47da-a21f-f2078db8244c.png,EuroCup 2026-27,U2026,2026-27,U,2026,2026-07-01T00:00:00
014898,"WITHERS, TODD",Todd Withers,"WITHERS, TODD","WITHERS, TODD",TODD DWOYNE,WITHERS,WITHERS,NA,USA,United States of America,201,98,1996-05-06T00:00:00,USA,United States of America,,,,FALSE,NA,J,Player,TRUE,2026-09-08T12:48:34.181,2027-06-30T00:00:00,0,33,33,2,Forward,CANTEBURY RAMS,56103,https://media-cdn.cortextech.io/1dU3kpCqReRp93/1BSdBWIjCjnOS5/c35c435b-4c5e-49c5-84e2-6857df3076b4.png,https://media-cdn.cortextech.io/1dU3kpCqReRp93/1BSdBWIjCjnOS5/c35c435b-4c5e-49c5-84e2-6857df3076b4.png,RTK,Rostock Seawolves, Rostock, Rostock,ROS,FALSE,https://media-cdn.cortextech.io/1dU3kpCqReRp93/1BSdBWIjCgOCpC/de14cdb9-c0f7-485f-84ac-f305ace44723.png,EuroCup 2026-27,U2026,2026-27,U,2026,2026-07-01T00:00:00
014873,"WOOD, MOSES",Moses Wood,"WOOD, MOSES","WOOD, MOSES","MOSES, LIMOGES",WOOD,WOOD,NA,USA,United States of America,203,95,1999-05-03T00:00:00,FRA,France,,,,FALSE,NA,J,Player,TRUE,2026-09-08T12:11:14.2,2027-06-30T00:00:00,0,23,23,2,Forward,ALBA BERLIN,56041,https://media-cdn.cortextech.io/1dU3kpCqReRp93/1BSdBWIjCjnOS3/c96e1dec-7f29-4e1d-bb0c-655632dfd255.png,https://media-cdn.cortextech.io/1dU3kpCqReRp93/1BSdBWIjCjnOS3/c96e1dec-7f29-4e1d-bb0c-655632dfd255.png,LEM,Le Mans Sarthe Basket,Le Mans Sarthe,Le Mans Sarthe,MSB,FALSE,https://media-cdn.cortextech.io/1dU3kpCqReRp93/1BSdBWIjCgOCpC/b8ec3298-5030-4865-8469-722a21b471c3.png,EuroCup 2026-27,U2026,2026-27,U,2026,2026-07-01T00:00:00
013251,"WOODBURY, TREY",Trey Woodbury,"WOODBURY, TREY","WOODBURY, TREY",TREY LEAVITT,WOODBURY,WOODBURY,,USA,United States of America,193,91,1999-09-17T00:00:00,USA,United States of America,,,,FALSE,NA,J,Player,TRUE,2026-09-08T15:56:52.763,2027-06-30T00:00:00,0,22,22,1,Guard,CLUJ,56172,https://media-cdn.cortextech.io/1dU3kpCqReRp93/1BSdBWIjCjnOS0/c39ee6c2-c11c-4691-8764-8f0873da806e.png,https://media-cdn.cortextech.io/1dU3kpCqReRp93/1BSdBWIjCjnOS0/c39ee6c2-c11c-4691-8764-8f0873da806e.png,BOU,Cosea JL Bourg-en-Bresse,Cosea JL Bourg,Bourg,JLB,FALSE,https://media-cdn.incrowdsports.com/d4225e1b-7c1b-4382-98d4-ca8511c64441.png,EuroCup 2026-27,U2026,2026-27,U,2026,2026-07-01T00:00:00
015043,"WRZESZCZ, ANTHONY",Anthony Wrzeszcz,"WRZESZCZ, ANTHONY","WRZESZCZ, ANTHONY","ANTHONY,  ANDREW",WRZESZCZ,WRZESZCZ,NA,POL,Poland,193,86,2004-05-18T00:00:00,CAN,Canada,,,,FALSE,NA,J,Player,TRUE,2026-09-09T17:31:27.257,2027-06-30T00:00:00,0,8,8,1,Guard,NEW MEXICO STATE UNIVERSITY,56396,NA,NA,WRO,Slask Wroclaw,Slask,Slask,WKS,FALSE,https://media-cdn.incrowdsports.com/0415061b-5374-4a0d-bc04-8fcbc8ad0bb3.png,EuroCup 2026-27,U2026,2026-27,U,2026,2026-07-01T00:00:00
009557,"YEGUETE, WILFRIED",Wilfried Yeguete,"YEGUETE, WILFRIED","YEGUETE, WILFRIED",WILFRIED,YEGUETE,YEGUETE,"Yeguete, W.",FRA,France,202,108,1991-10-16T00:00:00,FRA,France,,,,FALSE,NA,J,Player,TRUE,2026-09-08T12:07:26.042,2027-06-30T00:00:00,0,15,15,3,Center,LE MANS SARTHE BASKET,56039,https://media-cdn.cortextech.io/1dU3kpCqReRp93/1BSdBWIjCjnOS3/e37d2820-3f7c-4ea8-babd-a25642081da5.png,https://media-cdn.cortextech.io/1dU3kpCqReRp93/1BSdBWIjCjnOS3/e37d2820-3f7c-4ea8-babd-a25642081da5.png,LEM,Le Mans Sarthe Basket,Le Mans Sarthe,Le Mans Sarthe,MSB,FALSE,https://media-cdn.cortextech.io/1dU3kpCqReRp93/1BSdBWIjCgOCpC/b8ec3298-5030-4865-8469-722a21b471c3.png,EuroCup 2026-27,U2026,2026-27,U,2026,2026-07-01T00:00:00
005516,"ZEMAITIS, KRISTUPAS",Kristupas Zemaitis,"ZEMAITIS, KRISTUPAS","ZEMAITIS, KRISTUPAS",KRISTUPAS,ZEMAITIS,ŽEMAITIS,"Zemaitis, K.",LTU,Lithuania,191,89,1996-06-24T00:00:00,LTU,Lithuania,,king_kristupas,,FALSE,NA,J,Player,TRUE,2026-09-08T13:54:47.071,2027-06-30T00:00:00,0,13,13,1,Guard,NAPOLI,56135,https://media-cdn.cortextech.io/1dU3kpCqReRp93/1BSdBWIjCjnOS5/4a5f5952-3e29-4894-b811-72aeb56253af.png,https://media-cdn.cortextech.io/1dU3kpCqReRp93/1BSdBWIjCjnOS5/4a5f5952-3e29-4894-b811-72aeb56253af.png,KLA,Neptunas Klaipeda,Neptunas,Neptunas,NEP,FALSE,https://media-cdn.cortextech.io/ed0df5cd-c9e4-4387-bcd4-3606270cd255.png,EuroCup 2026-27,U2026,2026-27,U,2026,2026-07-01T00:00:00
014391,"ZIBUDA, EMILIS",Emilis Zibuda,"ZIBUDA, EMILIS","ZIBUDA, EMILIS",EMILIS,ZIBUDA,Zibuda,NA,UK ,United Kingdom,198,88,2008-02-12T00:00:00,UK ,United Kingdom,,,,FALSE,NA,J,Player,TRUE,2026-09-14T15:15:09.944,2027-06-30T00:00:00,0,8,8,2,Forward,LONDON STARS,56662,https://media-cdn.cortextech.io/1dU3kpCqReRp93/1BSdBWIjCjnONv/ae75e0aa-8913-4599-845d-c79d0214818d.png,https://media-cdn.cortextech.io/1dU3kpCqReRp93/1BSdBWIjCjnONv/ae75e0aa-8913-4599-845d-c79d0214818d.png,LLI,London Lions,London,London,LDN,FALSE,https://media-cdn.cortextech.io/102de468-9e41-4b8e-b44d-23bebb9e916f.png,EuroCup 2026-27,U2026,2026-27,U,2026,2026-07-01T00:00:00
006625,"ZOOSMAN, YOVEL",Yovel Zoosman,Zoosman,Zoosman,YOVEL,ZOOSMAN,Zoosman,"Zoosman, Y.",ISR,Israel,200,90,1998-05-12T00:00:00,ISR,Israel,,,,FALSE,NA,J,Player,TRUE,2026-09-08T12:13:16.971,2027-06-30T00:00:00,0,50,50,1,Guard,HAPOEL MIDTOWN JERUSALEM,56048,https://media-cdn.cortextech.io/1dU3kpCqReRp93/1BSdBWIjCjnOS5/32599150-9e8c-472c-8765-ab8d8bcd2c76.png,https://media-cdn.cortextech.io/1dU3kpCqReRp93/1BSdBWIjCjnOS5/32599150-9e8c-472c-8765-ab8d8bcd2c76.png,JER,Hapoel Midtown Jerusalem,Hapoel JLM,Jerusalem,JLM,FALSE,https://media-cdn.cortextech.io/1dU3kpCqReRp93/1BSdBWIjCiezvp/6d6e8da8-550f-4d1f-8a06-4611227e0c31.png,EuroCup 2026-27,U2026,2026-27,U,2026,2026-07-01T00:00:00
015205,"ZUMSTEIN, BRAYDEN",Brayden Zumstein,"ZUMSTEIN, BRAYDEN","ZUMSTEIN, BRAYDEN",BRAYDEN GREGORY,ZUMSTEIN,ZUMSTEIN,NA,SUI,Switzerland,203,95,2008-07-07T00:00:00,SUI,Switzerland,NA,NA,NA,FALSE,NA,J,Player,TRUE,2026-09-22T07:20:36.986,2027-06-30T00:00:00,0,10,10,2,Forward,GRAN TORINO BASKETBALL,56960,NA,NA,TRT,Baglietto Derthona Tortona,Derthona,Derthona,DER,FALSE,https://media-cdn.cortextech.io/1dU3kpCqReRp93/1BSdBWIjCjnONv/4976fa46-8eb4-471c-b6dd-4704866c5769.png,EuroCup 2026-27,U2026,2026-27,U,2026,2026-07-01T00:00:00
